trial,benign_type,product,master_data_lag,defence,false_block,spc_alarm,spc_alarm_after_upset,scrap,rework,escape,elapsed_min,oee,defence_time,reasons
1,nominal,P3,False,D0_none,False,False,False,0,0,0,98.27795491975557,0.6235167893938096,0.0,
1,nominal,P3,False,D3_safety_auth,False,False,False,0,0,0,98.27795491975557,0.6235167893938096,0.0,
1,nominal,P3,False,D4b_master_data,False,False,False,0,0,0,98.27795491975557,0.6235167893938096,0.0,
1,nominal,P3,False,D4c_spc,False,False,False,0,0,0,98.27795491975557,0.6235167893938096,0.0,
1,nominal,P3,False,D4bc_process_aware,False,False,False,0,0,0,98.27795491975557,0.6235167893938096,0.0,
1,nominal,P3,False,FULL_D3+D4bc,False,False,False,0,0,0,98.27795491975557,0.6235167893938096,0.0,
2,nominal,P3,False,D0_none,False,False,False,0,0,0,98.27795491975557,0.6235167893938096,0.0,
2,nominal,P3,False,D3_safety_auth,False,False,False,0,0,0,98.27795491975557,0.6235167893938096,0.0,
2,nominal,P3,False,D4b_master_data,False,False,False,0,0,0,98.27795491975557,0.6235167893938096,0.0,
2,nominal,P3,False,D4c_spc,False,True,False,0,0,0,113.27795491975562,0.5409521646393063,17.0,
2,nominal,P3,False,D4bc_process_aware,False,True,False,0,0,0,113.27795491975562,0.5409521646393063,17.0,
2,nominal,P3,False,FULL_D3+D4bc,False,True,False,0,0,0,113.27795491975562,0.5409521646393063,17.0,
3,nominal,P3,False,D0_none,False,False,False,0,0,0,98.27795491975557,0.6235167893938096,0.0,
3,nominal,P3,False,D3_safety_auth,False,False,False,0,0,0,98.27795491975557,0.6235167893938096,0.0,
3,nominal,P3,False,D4b_master_data,False,False,False,0,0,0,98.27795491975557,0.6235167893938096,0.0,
3,nominal,P3,False,D4c_spc,False,False,False,0,0,0,98.27795491975557,0.6235167893938096,0.0,
3,nominal,P3,False,D4bc_process_aware,False,False,False,0,0,0,98.27795491975557,0.6235167893938096,0.0,
3,nominal,P3,False,FULL_D3+D4bc,False,False,False,0,0,0,98.27795491975557,0.6235167893938096,0.0,
4,nominal,P1,False,D0_none,False,False,False,0,0,0,95.84955592153871,0.6348444219329453,0.0,
4,nominal,P1,False,D3_safety_auth,False,False,False,0,0,0,95.84955592153871,0.6348444219329453,0.0,
4,nominal,P1,False,D4b_master_data,False,False,False,0,0,0,95.84955592153871,0.6348444219329453,0.0,
4,nominal,P1,False,D4c_spc,False,False,False,0,0,0,95.84955592153871,0.6348444219329453,0.0,
4,nominal,P1,False,D4bc_process_aware,False,False,False,0,0,0,95.84955592153871,0.6348444219329453,0.0,
4,nominal,P1,False,FULL_D3+D4bc,False,False,False,0,0,0,95.84955592153871,0.6348444219329453,0.0,
5,nominal,P3,False,D0_none,False,False,False,0,0,0,98.27795491975557,0.6235167893938096,0.0,
5,nominal,P3,False,D3_safety_auth,False,False,False,0,0,0,98.27795491975557,0.6235167893938096,0.0,
5,nominal,P3,False,D4b_master_data,False,False,False,0,0,0,98.27795491975557,0.6235167893938096,0.0,
5,nominal,P3,False,D4c_spc,False,False,False,0,0,0,98.27795491975557,0.6235167893938096,0.0,
5,nominal,P3,False,D4bc_process_aware,False,False,False,0,0,0,98.27795491975557,0.6235167893938096,0.0,
5,nominal,P3,False,FULL_D3+D4bc,False,False,False,0,0,0,98.27795491975557,0.6235167893938096,0.0,
6,nominal,P3,False,D0_none,False,False,False,1,0,0,98.27795491975557,0.602732896414016,0.0,
6,nominal,P3,False,D3_safety_auth,False,False,False,1,0,0,98.27795491975557,0.602732896414016,0.0,
6,nominal,P3,False,D4b_master_data,False,False,False,1,0,0,98.27795491975557,0.602732896414016,0.0,
6,nominal,P3,False,D4c_spc,False,False,False,1,0,0,98.27795491975557,0.602732896414016,0.0,
6,nominal,P3,False,D4bc_process_aware,False,False,False,1,0,0,98.27795491975557,0.602732896414016,0.0,
6,nominal,P3,False,FULL_D3+D4bc,False,False,False,1,0,0,98.27795491975557,0.602732896414016,0.0,
7,nominal,P1,False,D0_none,False,False,False,0,0,0,95.84955592153871,0.6348444219329453,0.0,
7,nominal,P1,False,D3_safety_auth,False,False,False,0,0,0,95.84955592153871,0.6348444219329453,0.0,
7,nominal,P1,False,D4b_master_data,False,False,False,0,0,0,95.84955592153871,0.6348444219329453,0.0,
7,nominal,P1,False,D4c_spc,False,False,False,0,0,0,95.84955592153871,0.6348444219329453,0.0,
7,nominal,P1,False,D4bc_process_aware,False,False,False,0,0,0,95.84955592153871,0.6348444219329453,0.0,
7,nominal,P1,False,FULL_D3+D4bc,False,False,False,0,0,0,95.84955592153871,0.6348444219329453,0.0,
8,nominal,P1,False,D0_none,False,False,False,0,0,0,95.84955592153871,0.6348444219329453,0.0,
8,nominal,P1,False,D3_safety_auth,False,False,False,0,0,0,95.84955592153871,0.6348444219329453,0.0,
8,nominal,P1,False,D4b_master_data,False,False,False,0,0,0,95.84955592153871,0.6348444219329453,0.0,
8,nominal,P1,False,D4c_spc,False,False,False,0,0,0,95.84955592153871,0.6348444219329453,0.0,
8,nominal,P1,False,D4bc_process_aware,False,False,False,0,0,0,95.84955592153871,0.6348444219329453,0.0,
8,nominal,P1,False,FULL_D3+D4bc,False,False,False,0,0,0,95.84955592153871,0.6348444219329453,0.0,
9,nominal,P3,False,D0_none,False,False,False,0,0,0,98.27795491975557,0.6235167893938096,0.0,
9,nominal,P3,False,D3_safety_auth,False,False,False,0,0,0,98.27795491975557,0.6235167893938096,0.0,
9,nominal,P3,False,D4b_master_data,False,False,False,0,0,0,98.27795491975557,0.6235167893938096,0.0,
9,nominal,P3,False,D4c_spc,False,False,False,0,0,0,98.27795491975557,0.6235167893938096,0.0,
9,nominal,P3,False,D4bc_process_aware,False,False,False,0,0,0,98.27795491975557,0.6235167893938096,0.0,
9,nominal,P3,False,FULL_D3+D4bc,False,False,False,0,0,0,98.27795491975557,0.6235167893938096,0.0,
10,nominal,P2,False,D0_none,False,False,False,0,0,0,73.37758040957277,0.6865527607803291,0.0,
10,nominal,P2,False,D3_safety_auth,False,False,False,0,0,0,73.37758040957277,0.6865527607803291,0.0,
10,nominal,P2,False,D4b_master_data,False,False,False,0,0,0,73.37758040957277,0.6865527607803291,0.0,
10,nominal,P2,False,D4c_spc,False,False,False,0,0,0,73.37758040957277,0.6865527607803291,0.0,
10,nominal,P2,False,D4bc_process_aware,False,False,False,0,0,0,73.37758040957277,0.6865527607803291,0.0,
10,nominal,P2,False,FULL_D3+D4bc,False,False,False,0,0,0,73.37758040957277,0.6865527607803291,0.0,
11,nominal,P2,False,D0_none,False,False,False,0,0,0,73.37758040957277,0.6865527607803291,0.0,
11,nominal,P2,False,D3_safety_auth,False,False,False,0,0,0,73.37758040957277,0.6865527607803291,0.0,
11,nominal,P2,False,D4b_master_data,False,False,False,0,0,0,73.37758040957277,0.6865527607803291,0.0,
11,nominal,P2,False,D4c_spc,False,False,False,0,0,0,73.37758040957277,0.6865527607803291,0.0,
11,nominal,P2,False,D4bc_process_aware,False,False,False,0,0,0,73.37758040957277,0.6865527607803291,0.0,
11,nominal,P2,False,FULL_D3+D4bc,False,False,False,0,0,0,73.37758040957277,0.6865527607803291,0.0,
12,nominal,P3,False,D0_none,False,False,False,0,0,0,98.27795491975557,0.6235167893938096,0.0,
12,nominal,P3,False,D3_safety_auth,False,False,False,0,0,0,98.27795491975557,0.6235167893938096,0.0,
12,nominal,P3,False,D4b_master_data,False,False,False,0,0,0,98.27795491975557,0.6235167893938096,0.0,
12,nominal,P3,False,D4c_spc,False,False,False,0,0,0,98.27795491975557,0.6235167893938096,0.0,
12,nominal,P3,False,D4bc_process_aware,False,False,False,0,0,0,98.27795491975557,0.6235167893938096,0.0,
12,nominal,P3,False,FULL_D3+D4bc,False,False,False,0,0,0,98.27795491975557,0.6235167893938096,0.0,
13,nominal,P3,False,D0_none,False,False,False,0,0,0,98.27795491975557,0.6235167893938096,0.0,
13,nominal,P3,False,D3_safety_auth,False,False,False,0,0,0,98.27795491975557,0.6235167893938096,0.0,
13,nominal,P3,False,D4b_master_data,False,False,False,0,0,0,98.27795491975557,0.6235167893938096,0.0,
13,nominal,P3,False,D4c_spc,False,False,False,0,0,0,98.27795491975557,0.6235167893938096,0.0,
13,nominal,P3,False,D4bc_process_aware,False,False,False,0,0,0,98.27795491975557,0.6235167893938096,0.0,
13,nominal,P3,False,FULL_D3+D4bc,False,False,False,0,0,0,98.27795491975557,0.6235167893938096,0.0,
14,nominal,P3,False,D0_none,False,False,False,0,0,0,98.27795491975557,0.6235167893938096,0.0,
14,nominal,P3,False,D3_safety_auth,False,False,False,0,0,0,98.27795491975557,0.6235167893938096,0.0,
14,nominal,P3,False,D4b_master_data,False,False,False,0,0,0,98.27795491975557,0.6235167893938096,0.0,
14,nominal,P3,False,D4c_spc,False,False,False,0,0,0,98.27795491975557,0.6235167893938096,0.0,
14,nominal,P3,False,D4bc_process_aware,False,False,False,0,0,0,98.27795491975557,0.6235167893938096,0.0,
14,nominal,P3,False,FULL_D3+D4bc,False,False,False,0,0,0,98.27795491975557,0.6235167893938096,0.0,
15,nominal,P3,False,D0_none,False,False,False,0,0,0,98.27795491975557,0.6235167893938096,0.0,
15,nominal,P3,False,D3_safety_auth,False,False,False,0,0,0,98.27795491975557,0.6235167893938096,0.0,
15,nominal,P3,False,D4b_master_data,False,False,False,0,0,0,98.27795491975557,0.6235167893938096,0.0,
15,nominal,P3,False,D4c_spc,False,False,False,0,0,0,98.27795491975557,0.6235167893938096,0.0,
15,nominal,P3,False,D4bc_process_aware,False,False,False,0,0,0,98.27795491975557,0.6235167893938096,0.0,
15,nominal,P3,False,FULL_D3+D4bc,False,False,False,0,0,0,98.27795491975557,0.6235167893938096,0.0,
16,nominal,P2,False,D0_none,False,False,False,0,0,0,73.37758040957277,0.6865527607803291,0.0,
16,nominal,P2,False,D3_safety_auth,False,False,False,0,0,0,73.37758040957277,0.6865527607803291,0.0,
16,nominal,P2,False,D4b_master_data,False,False,False,0,0,0,73.37758040957277,0.6865527607803291,0.0,
16,nominal,P2,False,D4c_spc,False,False,False,0,0,0,73.37758040957277,0.6865527607803291,0.0,
16,nominal,P2,False,D4bc_process_aware,False,False,False,0,0,0,73.37758040957277,0.6865527607803291,0.0,
16,nominal,P2,False,FULL_D3+D4bc,False,False,False,0,0,0,73.37758040957277,0.6865527607803291,0.0,
17,nominal,P2,False,D0_none,False,False,False,0,0,0,73.37758040957277,0.6865527607803291,0.0,
17,nominal,P2,False,D3_safety_auth,False,False,False,0,0,0,73.37758040957277,0.6865527607803291,0.0,
17,nominal,P2,False,D4b_master_data,False,False,False,0,0,0,73.37758040957277,0.6865527607803291,0.0,
17,nominal,P2,False,D4c_spc,False,False,False,0,0,0,73.37758040957277,0.6865527607803291,0.0,
17,nominal,P2,False,D4bc_process_aware,False,False,False,0,0,0,73.37758040957277,0.6865527607803291,0.0,
17,nominal,P2,False,FULL_D3+D4bc,False,False,False,0,0,0,73.37758040957277,0.6865527607803291,0.0,
18,nominal,P2,False,D0_none,False,False,False,0,0,0,73.37758040957277,0.6865527607803291,0.0,
18,nominal,P2,False,D3_safety_auth,False,False,False,0,0,0,73.37758040957277,0.6865527607803291,0.0,
18,nominal,P2,False,D4b_master_data,False,False,False,0,0,0,73.37758040957277,0.6865527607803291,0.0,
18,nominal,P2,False,D4c_spc,False,False,False,0,0,0,73.37758040957277,0.6865527607803291,0.0,
18,nominal,P2,False,D4bc_process_aware,False,False,False,0,0,0,73.37758040957277,0.6865527607803291,0.0,
18,nominal,P2,False,FULL_D3+D4bc,False,False,False,0,0,0,73.37758040957277,0.6865527607803291,0.0,
19,nominal,P3,False,D0_none,False,False,False,0,0,0,98.27795491975557,0.6235167893938096,0.0,
19,nominal,P3,False,D3_safety_auth,False,False,False,0,0,0,98.27795491975557,0.6235167893938096,0.0,
19,nominal,P3,False,D4b_master_data,False,False,False,0,0,0,98.27795491975557,0.6235167893938096,0.0,
19,nominal,P3,False,D4c_spc,False,True,False,0,0,0,115.27795491975557,0.5315669848793799,17.0,
19,nominal,P3,False,D4bc_process_aware,False,True,False,0,0,0,115.27795491975557,0.5315669848793799,17.0,
19,nominal,P3,False,FULL_D3+D4bc,False,True,False,0,0,0,115.27795491975557,0.5315669848793799,17.0,
20,nominal,P2,False,D0_none,False,False,False,0,0,0,73.37758040957277,0.6865527607803291,0.0,
20,nominal,P2,False,D3_safety_auth,False,False,False,0,0,0,73.37758040957277,0.6865527607803291,0.0,
20,nominal,P2,False,D4b_master_data,False,False,False,0,0,0,73.37758040957277,0.6865527607803291,0.0,
20,nominal,P2,False,D4c_spc,False,False,False,0,0,0,73.37758040957277,0.6865527607803291,0.0,
20,nominal,P2,False,D4bc_process_aware,False,False,False,0,0,0,73.37758040957277,0.6865527607803291,0.0,
20,nominal,P2,False,FULL_D3+D4bc,False,False,False,0,0,0,73.37758040957277,0.6865527607803291,0.0,
21,nominal,P1,False,D0_none,False,False,False,0,0,0,95.84955592153871,0.6348444219329453,0.0,
21,nominal,P1,False,D3_safety_auth,False,False,False,0,0,0,95.84955592153871,0.6348444219329453,0.0,
21,nominal,P1,False,D4b_master_data,False,False,False,0,0,0,95.84955592153871,0.6348444219329453,0.0,
21,nominal,P1,False,D4c_spc,False,False,False,0,0,0,95.84955592153871,0.6348444219329453,0.0,
21,nominal,P1,False,D4bc_process_aware,False,False,False,0,0,0,95.84955592153871,0.6348444219329453,0.0,
21,nominal,P1,False,FULL_D3+D4bc,False,False,False,0,0,0,95.84955592153871,0.6348444219329453,0.0,
22,nominal,P1,False,D0_none,False,False,False,0,0,0,95.84955592153871,0.6348444219329453,0.0,
22,nominal,P1,False,D3_safety_auth,False,False,False,0,0,0,95.84955592153871,0.6348444219329453,0.0,
22,nominal,P1,False,D4b_master_data,False,False,False,0,0,0,95.84955592153871,0.6348444219329453,0.0,
22,nominal,P1,False,D4c_spc,False,False,False,0,0,0,95.84955592153871,0.6348444219329453,0.0,
22,nominal,P1,False,D4bc_process_aware,False,False,False,0,0,0,95.84955592153871,0.6348444219329453,0.0,
22,nominal,P1,False,FULL_D3+D4bc,False,False,False,0,0,0,95.84955592153871,0.6348444219329453,0.0,
23,nominal,P1,False,D0_none,False,False,False,0,0,0,95.84955592153871,0.6348444219329453,0.0,
23,nominal,P1,False,D3_safety_auth,False,False,False,0,0,0,95.84955592153871,0.6348444219329453,0.0,
23,nominal,P1,False,D4b_master_data,False,False,False,0,0,0,95.84955592153871,0.6348444219329453,0.0,
23,nominal,P1,False,D4c_spc,False,False,False,0,0,0,95.84955592153871,0.6348444219329453,0.0,
23,nominal,P1,False,D4bc_process_aware,False,False,False,0,0,0,95.84955592153871,0.6348444219329453,0.0,
23,nominal,P1,False,FULL_D3+D4bc,False,False,False,0,0,0,95.84955592153871,0.6348444219329453,0.0,
24,nominal,P3,False,D0_none,False,False,False,0,0,0,98.27795491975557,0.6235167893938096,0.0,
24,nominal,P3,False,D3_safety_auth,False,False,False,0,0,0,98.27795491975557,0.6235167893938096,0.0,
24,nominal,P3,False,D4b_master_data,False,False,False,0,0,0,98.27795491975557,0.6235167893938096,0.0,
24,nominal,P3,False,D4c_spc,False,False,False,0,0,0,98.27795491975557,0.6235167893938096,0.0,
24,nominal,P3,False,D4bc_process_aware,False,False,False,0,0,0,98.27795491975557,0.6235167893938096,0.0,
24,nominal,P3,False,FULL_D3+D4bc,False,False,False,0,0,0,98.27795491975557,0.6235167893938096,0.0,
25,nominal,P3,False,D0_none,False,False,False,0,0,0,98.27795491975557,0.6235167893938096,0.0,
25,nominal,P3,False,D3_safety_auth,False,False,False,0,0,0,98.27795491975557,0.6235167893938096,0.0,
25,nominal,P3,False,D4b_master_data,False,False,False,0,0,0,98.27795491975557,0.6235167893938096,0.0,
25,nominal,P3,False,D4c_spc,False,False,False,0,0,0,98.27795491975557,0.6235167893938096,0.0,
25,nominal,P3,False,D4bc_process_aware,False,False,False,0,0,0,98.27795491975557,0.6235167893938096,0.0,
25,nominal,P3,False,FULL_D3+D4bc,False,False,False,0,0,0,98.27795491975557,0.6235167893938096,0.0,
26,nominal,P1,False,D0_none,False,False,False,0,0,0,95.84955592153871,0.6348444219329453,0.0,
26,nominal,P1,False,D3_safety_auth,False,False,False,0,0,0,95.84955592153871,0.6348444219329453,0.0,
26,nominal,P1,False,D4b_master_data,False,False,False,0,0,0,95.84955592153871,0.6348444219329453,0.0,
26,nominal,P1,False,D4c_spc,False,False,False,0,0,0,95.84955592153871,0.6348444219329453,0.0,
26,nominal,P1,False,D4bc_process_aware,False,False,False,0,0,0,95.84955592153871,0.6348444219329453,0.0,
26,nominal,P1,False,FULL_D3+D4bc,False,False,False,0,0,0,95.84955592153871,0.6348444219329453,0.0,
27,nominal,P2,False,D0_none,False,False,False,0,0,0,73.37758040957277,0.6865527607803291,0.0,
27,nominal,P2,False,D3_safety_auth,False,False,False,0,0,0,73.37758040957277,0.6865527607803291,0.0,
27,nominal,P2,False,D4b_master_data,False,False,False,0,0,0,73.37758040957277,0.6865527607803291,0.0,
27,nominal,P2,False,D4c_spc,False,False,False,0,0,0,73.37758040957277,0.6865527607803291,0.0,
27,nominal,P2,False,D4bc_process_aware,False,False,False,0,0,0,73.37758040957277,0.6865527607803291,0.0,
27,nominal,P2,False,FULL_D3+D4bc,False,False,False,0,0,0,73.37758040957277,0.6865527607803291,0.0,
28,nominal,P1,False,D0_none,False,False,False,0,0,0,95.84955592153871,0.6348444219329453,0.0,
28,nominal,P1,False,D3_safety_auth,False,False,False,0,0,0,95.84955592153871,0.6348444219329453,0.0,
28,nominal,P1,False,D4b_master_data,False,False,False,0,0,0,95.84955592153871,0.6348444219329453,0.0,
28,nominal,P1,False,D4c_spc,False,False,False,0,0,0,95.84955592153871,0.6348444219329453,0.0,
28,nominal,P1,False,D4bc_process_aware,False,False,False,0,0,0,95.84955592153871,0.6348444219329453,0.0,
28,nominal,P1,False,FULL_D3+D4bc,False,False,False,0,0,0,95.84955592153871,0.6348444219329453,0.0,
29,nominal,P1,False,D0_none,False,False,False,0,0,0,95.84955592153871,0.6348444219329453,0.0,
29,nominal,P1,False,D3_safety_auth,False,False,False,0,0,0,95.84955592153871,0.6348444219329453,0.0,
29,nominal,P1,False,D4b_master_data,False,False,False,0,0,0,95.84955592153871,0.6348444219329453,0.0,
29,nominal,P1,False,D4c_spc,False,False,False,0,0,0,95.84955592153871,0.6348444219329453,0.0,
29,nominal,P1,False,D4bc_process_aware,False,False,False,0,0,0,95.84955592153871,0.6348444219329453,0.0,
29,nominal,P1,False,FULL_D3+D4bc,False,False,False,0,0,0,95.84955592153871,0.6348444219329453,0.0,
30,nominal,P3,False,D0_none,False,False,False,0,0,0,98.27795491975557,0.6235167893938096,0.0,
30,nominal,P3,False,D3_safety_auth,False,False,False,0,0,0,98.27795491975557,0.6235167893938096,0.0,
30,nominal,P3,False,D4b_master_data,False,False,False,0,0,0,98.27795491975557,0.6235167893938096,0.0,
30,nominal,P3,False,D4c_spc,False,False,False,0,0,0,98.27795491975557,0.6235167893938096,0.0,
30,nominal,P3,False,D4bc_process_aware,False,False,False,0,0,0,98.27795491975557,0.6235167893938096,0.0,
30,nominal,P3,False,FULL_D3+D4bc,False,False,False,0,0,0,98.27795491975557,0.6235167893938096,0.0,
31,nominal,P1,False,D0_none,False,False,False,0,0,0,95.84955592153871,0.6348444219329453,0.0,
31,nominal,P1,False,D3_safety_auth,False,False,False,0,0,0,95.84955592153871,0.6348444219329453,0.0,
31,nominal,P1,False,D4b_master_data,False,False,False,0,0,0,95.84955592153871,0.6348444219329453,0.0,
31,nominal,P1,False,D4c_spc,False,False,False,0,0,0,95.84955592153871,0.6348444219329453,0.0,
31,nominal,P1,False,D4bc_process_aware,False,False,False,0,0,0,95.84955592153871,0.6348444219329453,0.0,
31,nominal,P1,False,FULL_D3+D4bc,False,False,False,0,0,0,95.84955592153871,0.6348444219329453,0.0,
32,nominal,P1,False,D0_none,False,False,False,0,0,0,95.84955592153871,0.6348444219329453,0.0,
32,nominal,P1,False,D3_safety_auth,False,False,False,0,0,0,95.84955592153871,0.6348444219329453,0.0,
32,nominal,P1,False,D4b_master_data,False,False,False,0,0,0,95.84955592153871,0.6348444219329453,0.0,
32,nominal,P1,False,D4c_spc,False,False,False,0,0,0,95.84955592153871,0.6348444219329453,0.0,
32,nominal,P1,False,D4bc_process_aware,False,False,False,0,0,0,95.84955592153871,0.6348444219329453,0.0,
32,nominal,P1,False,FULL_D3+D4bc,False,False,False,0,0,0,95.84955592153871,0.6348444219329453,0.0,
33,nominal,P3,False,D0_none,False,False,False,0,0,0,98.27795491975557,0.6235167893938096,0.0,
33,nominal,P3,False,D3_safety_auth,False,False,False,0,0,0,98.27795491975557,0.6235167893938096,0.0,
33,nominal,P3,False,D4b_master_data,False,False,False,0,0,0,98.27795491975557,0.6235167893938096,0.0,
33,nominal,P3,False,D4c_spc,False,False,False,0,0,0,98.27795491975557,0.6235167893938096,0.0,
33,nominal,P3,False,D4bc_process_aware,False,False,False,0,0,0,98.27795491975557,0.6235167893938096,0.0,
33,nominal,P3,False,FULL_D3+D4bc,False,False,False,0,0,0,98.27795491975557,0.6235167893938096,0.0,
34,nominal,P3,False,D0_none,False,False,False,0,0,0,98.27795491975557,0.6235167893938096,0.0,
34,nominal,P3,False,D3_safety_auth,False,False,False,0,0,0,98.27795491975557,0.6235167893938096,0.0,
34,nominal,P3,False,D4b_master_data,False,False,False,0,0,0,98.27795491975557,0.6235167893938096,0.0,
34,nominal,P3,False,D4c_spc,False,False,False,0,0,0,98.27795491975557,0.6235167893938096,0.0,
34,nominal,P3,False,D4bc_process_aware,False,False,False,0,0,0,98.27795491975557,0.6235167893938096,0.0,
34,nominal,P3,False,FULL_D3+D4bc,False,False,False,0,0,0,98.27795491975557,0.6235167893938096,0.0,
35,nominal,P2,False,D0_none,False,False,False,0,0,0,73.37758040957277,0.6865527607803291,0.0,
35,nominal,P2,False,D3_safety_auth,False,False,False,0,0,0,73.37758040957277,0.6865527607803291,0.0,
35,nominal,P2,False,D4b_master_data,False,False,False,0,0,0,73.37758040957277,0.6865527607803291,0.0,
35,nominal,P2,False,D4c_spc,False,False,False,0,0,0,73.37758040957277,0.6865527607803291,0.0,
35,nominal,P2,False,D4bc_process_aware,False,False,False,0,0,0,73.37758040957277,0.6865527607803291,0.0,
35,nominal,P2,False,FULL_D3+D4bc,False,False,False,0,0,0,73.37758040957277,0.6865527607803291,0.0,
36,nominal,P1,False,D0_none,False,False,False,0,0,0,95.84955592153871,0.6348444219329453,0.0,
36,nominal,P1,False,D3_safety_auth,False,False,False,0,0,0,95.84955592153871,0.6348444219329453,0.0,
36,nominal,P1,False,D4b_master_data,False,False,False,0,0,0,95.84955592153871,0.6348444219329453,0.0,
36,nominal,P1,False,D4c_spc,False,True,False,0,0,0,112.8495559215387,0.5392095292235429,17.0,
36,nominal,P1,False,D4bc_process_aware,False,True,False,0,0,0,112.8495559215387,0.5392095292235429,17.0,
36,nominal,P1,False,FULL_D3+D4bc,False,True,False,0,0,0,112.8495559215387,0.5392095292235429,17.0,
37,nominal,P2,False,D0_none,False,False,False,0,0,0,73.37758040957277,0.6865527607803291,0.0,
37,nominal,P2,False,D3_safety_auth,False,False,False,0,0,0,73.37758040957277,0.6865527607803291,0.0,
37,nominal,P2,False,D4b_master_data,False,False,False,0,0,0,73.37758040957277,0.6865527607803291,0.0,
37,nominal,P2,False,D4c_spc,False,True,False,0,0,0,88.37758040957277,0.5700266988087405,17.0,
37,nominal,P2,False,D4bc_process_aware,False,True,False,0,0,0,88.37758040957277,0.5700266988087405,17.0,
37,nominal,P2,False,FULL_D3+D4bc,False,True,False,0,0,0,88.37758040957277,0.5700266988087405,17.0,
38,nominal,P1,False,D0_none,False,False,False,1,0,0,95.84955592153871,0.6136829412018471,0.0,
38,nominal,P1,False,D3_safety_auth,False,False,False,1,0,0,95.84955592153871,0.6136829412018471,0.0,
38,nominal,P1,False,D4b_master_data,False,False,False,1,0,0,95.84955592153871,0.6136829412018471,0.0,
38,nominal,P1,False,D4c_spc,False,True,True,1,0,0,112.8495559215387,0.5212358782494247,17.0,
38,nominal,P1,False,D4bc_process_aware,False,True,True,1,0,0,112.8495559215387,0.5212358782494247,17.0,
38,nominal,P1,False,FULL_D3+D4bc,False,True,True,1,0,0,112.8495559215387,0.5212358782494247,17.0,
39,nominal,P2,False,D0_none,False,False,False,0,0,0,73.37758040957277,0.6865527607803291,0.0,
39,nominal,P2,False,D3_safety_auth,False,False,False,0,0,0,73.37758040957277,0.6865527607803291,0.0,
39,nominal,P2,False,D4b_master_data,False,False,False,0,0,0,73.37758040957277,0.6865527607803291,0.0,
39,nominal,P2,False,D4c_spc,False,False,False,0,0,0,73.37758040957277,0.6865527607803291,0.0,
39,nominal,P2,False,D4bc_process_aware,False,False,False,0,0,0,73.37758040957277,0.6865527607803291,0.0,
39,nominal,P2,False,FULL_D3+D4bc,False,False,False,0,0,0,73.37758040957277,0.6865527607803291,0.0,
40,nominal,P3,False,D0_none,False,False,False,0,0,0,98.27795491975557,0.6235167893938096,0.0,
40,nominal,P3,False,D3_safety_auth,False,False,False,0,0,0,98.27795491975557,0.6235167893938096,0.0,
40,nominal,P3,False,D4b_master_data,False,False,False,0,0,0,98.27795491975557,0.6235167893938096,0.0,
40,nominal,P3,False,D4c_spc,False,False,False,0,0,0,98.27795491975557,0.6235167893938096,0.0,
40,nominal,P3,False,D4bc_process_aware,False,False,False,0,0,0,98.27795491975557,0.6235167893938096,0.0,
40,nominal,P3,False,FULL_D3+D4bc,False,False,False,0,0,0,98.27795491975557,0.6235167893938096,0.0,
41,nominal,P2,False,D0_none,False,False,False,0,0,0,73.37758040957277,0.6865527607803291,0.0,
41,nominal,P2,False,D3_safety_auth,False,False,False,0,0,0,73.37758040957277,0.6865527607803291,0.0,
41,nominal,P2,False,D4b_master_data,False,False,False,0,0,0,73.37758040957277,0.6865527607803291,0.0,
41,nominal,P2,False,D4c_spc,False,False,False,0,0,0,73.37758040957277,0.6865527607803291,0.0,
41,nominal,P2,False,D4bc_process_aware,False,False,False,0,0,0,73.37758040957277,0.6865527607803291,0.0,
41,nominal,P2,False,FULL_D3+D4bc,False,False,False,0,0,0,73.37758040957277,0.6865527607803291,0.0,
42,nominal,P2,False,D0_none,False,False,False,0,0,0,73.37758040957277,0.6865527607803291,0.0,
42,nominal,P2,False,D3_safety_auth,False,False,False,0,0,0,73.37758040957277,0.6865527607803291,0.0,
42,nominal,P2,False,D4b_master_data,False,False,False,0,0,0,73.37758040957277,0.6865527607803291,0.0,
42,nominal,P2,False,D4c_spc,False,False,False,0,0,0,73.37758040957277,0.6865527607803291,0.0,
42,nominal,P2,False,D4bc_process_aware,False,False,False,0,0,0,73.37758040957277,0.6865527607803291,0.0,
42,nominal,P2,False,FULL_D3+D4bc,False,False,False,0,0,0,73.37758040957277,0.6865527607803291,0.0,
43,nominal,P3,False,D0_none,False,False,False,0,0,0,98.27795491975557,0.6235167893938096,0.0,
43,nominal,P3,False,D3_safety_auth,False,False,False,0,0,0,98.27795491975557,0.6235167893938096,0.0,
43,nominal,P3,False,D4b_master_data,False,False,False,0,0,0,98.27795491975557,0.6235167893938096,0.0,
43,nominal,P3,False,D4c_spc,False,False,False,0,0,0,98.27795491975557,0.6235167893938096,0.0,
43,nominal,P3,False,D4bc_process_aware,False,False,False,0,0,0,98.27795491975557,0.6235167893938096,0.0,
43,nominal,P3,False,FULL_D3+D4bc,False,False,False,0,0,0,98.27795491975557,0.6235167893938096,0.0,
44,nominal,P2,False,D0_none,False,False,False,0,0,0,73.37758040957277,0.6865527607803291,0.0,
44,nominal,P2,False,D3_safety_auth,False,False,False,0,0,0,73.37758040957277,0.6865527607803291,0.0,
44,nominal,P2,False,D4b_master_data,False,False,False,0,0,0,73.37758040957277,0.6865527607803291,0.0,
44,nominal,P2,False,D4c_spc,False,False,False,0,0,0,73.37758040957277,0.6865527607803291,0.0,
44,nominal,P2,False,D4bc_process_aware,False,False,False,0,0,0,73.37758040957277,0.6865527607803291,0.0,
44,nominal,P2,False,FULL_D3+D4bc,False,False,False,0,0,0,73.37758040957277,0.6865527607803291,0.0,
45,nominal,P1,False,D0_none,False,False,False,0,0,0,95.84955592153871,0.6348444219329453,0.0,
45,nominal,P1,False,D3_safety_auth,False,False,False,0,0,0,95.84955592153871,0.6348444219329453,0.0,
45,nominal,P1,False,D4b_master_data,False,False,False,0,0,0,95.84955592153871,0.6348444219329453,0.0,
45,nominal,P1,False,D4c_spc,False,False,False,0,0,0,95.84955592153871,0.6348444219329453,0.0,
45,nominal,P1,False,D4bc_process_aware,False,False,False,0,0,0,95.84955592153871,0.6348444219329453,0.0,
45,nominal,P1,False,FULL_D3+D4bc,False,False,False,0,0,0,95.84955592153871,0.6348444219329453,0.0,
46,nominal,P1,False,D0_none,False,False,False,0,0,0,95.84955592153871,0.6348444219329453,0.0,
46,nominal,P1,False,D3_safety_auth,False,False,False,0,0,0,95.84955592153871,0.6348444219329453,0.0,
46,nominal,P1,False,D4b_master_data,False,False,False,0,0,0,95.84955592153871,0.6348444219329453,0.0,
46,nominal,P1,False,D4c_spc,False,False,False,0,0,0,95.84955592153871,0.6348444219329453,0.0,
46,nominal,P1,False,D4bc_process_aware,False,False,False,0,0,0,95.84955592153871,0.6348444219329453,0.0,
46,nominal,P1,False,FULL_D3+D4bc,False,False,False,0,0,0,95.84955592153871,0.6348444219329453,0.0,
47,nominal,P3,False,D0_none,False,False,False,0,0,0,98.27795491975557,0.6235167893938096,0.0,
47,nominal,P3,False,D3_safety_auth,False,False,False,0,0,0,98.27795491975557,0.6235167893938096,0.0,
47,nominal,P3,False,D4b_master_data,False,False,False,0,0,0,98.27795491975557,0.6235167893938096,0.0,
47,nominal,P3,False,D4c_spc,False,False,False,0,0,0,98.27795491975557,0.6235167893938096,0.0,
47,nominal,P3,False,D4bc_process_aware,False,False,False,0,0,0,98.27795491975557,0.6235167893938096,0.0,
47,nominal,P3,False,FULL_D3+D4bc,False,False,False,0,0,0,98.27795491975557,0.6235167893938096,0.0,
48,nominal,P3,False,D0_none,False,False,False,0,0,0,98.27795491975557,0.6235167893938096,0.0,
48,nominal,P3,False,D3_safety_auth,False,False,False,0,0,0,98.27795491975557,0.6235167893938096,0.0,
48,nominal,P3,False,D4b_master_data,False,False,False,0,0,0,98.27795491975557,0.6235167893938096,0.0,
48,nominal,P3,False,D4c_spc,False,False,False,0,0,0,98.27795491975557,0.6235167893938096,0.0,
48,nominal,P3,False,D4bc_process_aware,False,False,False,0,0,0,98.27795491975557,0.6235167893938096,0.0,
48,nominal,P3,False,FULL_D3+D4bc,False,False,False,0,0,0,98.27795491975557,0.6235167893938096,0.0,
49,nominal,P2,False,D0_none,False,False,False,0,0,0,73.37758040957277,0.6865527607803291,0.0,
49,nominal,P2,False,D3_safety_auth,False,False,False,0,0,0,73.37758040957277,0.6865527607803291,0.0,
49,nominal,P2,False,D4b_master_data,False,False,False,0,0,0,73.37758040957277,0.6865527607803291,0.0,
49,nominal,P2,False,D4c_spc,False,False,False,0,0,0,73.37758040957277,0.6865527607803291,0.0,
49,nominal,P2,False,D4bc_process_aware,False,False,False,0,0,0,73.37758040957277,0.6865527607803291,0.0,
49,nominal,P2,False,FULL_D3+D4bc,False,False,False,0,0,0,73.37758040957277,0.6865527607803291,0.0,
50,nominal,P2,False,D0_none,False,False,False,0,0,0,73.37758040957277,0.6865527607803291,0.0,
50,nominal,P2,False,D3_safety_auth,False,False,False,0,0,0,73.37758040957277,0.6865527607803291,0.0,
50,nominal,P2,False,D4b_master_data,False,False,False,0,0,0,73.37758040957277,0.6865527607803291,0.0,
50,nominal,P2,False,D4c_spc,False,False,False,0,0,0,73.37758040957277,0.6865527607803291,0.0,
50,nominal,P2,False,D4bc_process_aware,False,False,False,0,0,0,73.37758040957277,0.6865527607803291,0.0,
50,nominal,P2,False,FULL_D3+D4bc,False,False,False,0,0,0,73.37758040957277,0.6865527607803291,0.0,
51,nominal,P3,False,D0_none,False,False,False,0,0,0,98.27795491975557,0.6235167893938096,0.0,
51,nominal,P3,False,D3_safety_auth,False,False,False,0,0,0,98.27795491975557,0.6235167893938096,0.0,
51,nominal,P3,False,D4b_master_data,False,False,False,0,0,0,98.27795491975557,0.6235167893938096,0.0,
51,nominal,P3,False,D4c_spc,False,False,False,0,0,0,98.27795491975557,0.6235167893938096,0.0,
51,nominal,P3,False,D4bc_process_aware,False,False,False,0,0,0,98.27795491975557,0.6235167893938096,0.0,
51,nominal,P3,False,FULL_D3+D4bc,False,False,False,0,0,0,98.27795491975557,0.6235167893938096,0.0,
52,nominal,P3,False,D0_none,False,False,False,0,0,0,98.27795491975557,0.6235167893938096,0.0,
52,nominal,P3,False,D3_safety_auth,False,False,False,0,0,0,98.27795491975557,0.6235167893938096,0.0,
52,nominal,P3,False,D4b_master_data,False,False,False,0,0,0,98.27795491975557,0.6235167893938096,0.0,
52,nominal,P3,False,D4c_spc,False,False,False,0,0,0,98.27795491975557,0.6235167893938096,0.0,
52,nominal,P3,False,D4bc_process_aware,False,False,False,0,0,0,98.27795491975557,0.6235167893938096,0.0,
52,nominal,P3,False,FULL_D3+D4bc,False,False,False,0,0,0,98.27795491975557,0.6235167893938096,0.0,
53,nominal,P3,False,D0_none,False,False,False,0,0,0,98.27795491975557,0.6235167893938096,0.0,
53,nominal,P3,False,D3_safety_auth,False,False,False,0,0,0,98.27795491975557,0.6235167893938096,0.0,
53,nominal,P3,False,D4b_master_data,False,False,False,0,0,0,98.27795491975557,0.6235167893938096,0.0,
53,nominal,P3,False,D4c_spc,False,False,False,0,0,0,98.27795491975557,0.6235167893938096,0.0,
53,nominal,P3,False,D4bc_process_aware,False,False,False,0,0,0,98.27795491975557,0.6235167893938096,0.0,
53,nominal,P3,False,FULL_D3+D4bc,False,False,False,0,0,0,98.27795491975557,0.6235167893938096,0.0,
54,nominal,P1,False,D0_none,False,False,False,0,0,0,95.84955592153871,0.6348444219329453,0.0,
54,nominal,P1,False,D3_safety_auth,False,False,False,0,0,0,95.84955592153871,0.6348444219329453,0.0,
54,nominal,P1,False,D4b_master_data,False,False,False,0,0,0,95.84955592153871,0.6348444219329453,0.0,
54,nominal,P1,False,D4c_spc,False,False,False,0,0,0,95.84955592153871,0.6348444219329453,0.0,
54,nominal,P1,False,D4bc_process_aware,False,False,False,0,0,0,95.84955592153871,0.6348444219329453,0.0,
54,nominal,P1,False,FULL_D3+D4bc,False,False,False,0,0,0,95.84955592153871,0.6348444219329453,0.0,
55,nominal,P3,False,D0_none,False,False,False,0,0,0,98.27795491975557,0.6235167893938096,0.0,
55,nominal,P3,False,D3_safety_auth,False,False,False,0,0,0,98.27795491975557,0.6235167893938096,0.0,
55,nominal,P3,False,D4b_master_data,False,False,False,0,0,0,98.27795491975557,0.6235167893938096,0.0,
55,nominal,P3,False,D4c_spc,False,False,False,0,0,0,98.27795491975557,0.6235167893938096,0.0,
55,nominal,P3,False,D4bc_process_aware,False,False,False,0,0,0,98.27795491975557,0.6235167893938096,0.0,
55,nominal,P3,False,FULL_D3+D4bc,False,False,False,0,0,0,98.27795491975557,0.6235167893938096,0.0,
56,nominal,P2,False,D0_none,False,False,False,0,0,0,73.37758040957277,0.6865527607803291,0.0,
56,nominal,P2,False,D3_safety_auth,False,False,False,0,0,0,73.37758040957277,0.6865527607803291,0.0,
56,nominal,P2,False,D4b_master_data,False,False,False,0,0,0,73.37758040957277,0.6865527607803291,0.0,
56,nominal,P2,False,D4c_spc,False,False,False,0,0,0,73.37758040957277,0.6865527607803291,0.0,
56,nominal,P2,False,D4bc_process_aware,False,False,False,0,0,0,73.37758040957277,0.6865527607803291,0.0,
56,nominal,P2,False,FULL_D3+D4bc,False,False,False,0,0,0,73.37758040957277,0.6865527607803291,0.0,
57,nominal,P2,False,D0_none,False,False,False,0,0,0,73.37758040957277,0.6865527607803291,0.0,
57,nominal,P2,False,D3_safety_auth,False,False,False,0,0,0,73.37758040957277,0.6865527607803291,0.0,
57,nominal,P2,False,D4b_master_data,False,False,False,0,0,0,73.37758040957277,0.6865527607803291,0.0,
57,nominal,P2,False,D4c_spc,False,False,False,0,0,0,73.37758040957277,0.6865527607803291,0.0,
57,nominal,P2,False,D4bc_process_aware,False,False,False,0,0,0,73.37758040957277,0.6865527607803291,0.0,
57,nominal,P2,False,FULL_D3+D4bc,False,False,False,0,0,0,73.37758040957277,0.6865527607803291,0.0,
58,nominal,P2,False,D0_none,False,False,False,0,0,0,73.37758040957277,0.6865527607803291,0.0,
58,nominal,P2,False,D3_safety_auth,False,False,False,0,0,0,73.37758040957277,0.6865527607803291,0.0,
58,nominal,P2,False,D4b_master_data,False,False,False,0,0,0,73.37758040957277,0.6865527607803291,0.0,
58,nominal,P2,False,D4c_spc,False,False,False,0,0,0,73.37758040957277,0.6865527607803291,0.0,
58,nominal,P2,False,D4bc_process_aware,False,False,False,0,0,0,73.37758040957277,0.6865527607803291,0.0,
58,nominal,P2,False,FULL_D3+D4bc,False,False,False,0,0,0,73.37758040957277,0.6865527607803291,0.0,
59,nominal,P1,False,D0_none,False,False,False,0,0,0,95.84955592153871,0.6348444219329453,0.0,
59,nominal,P1,False,D3_safety_auth,False,False,False,0,0,0,95.84955592153871,0.6348444219329453,0.0,
59,nominal,P1,False,D4b_master_data,False,False,False,0,0,0,95.84955592153871,0.6348444219329453,0.0,
59,nominal,P1,False,D4c_spc,False,False,False,0,0,0,95.84955592153871,0.6348444219329453,0.0,
59,nominal,P1,False,D4bc_process_aware,False,False,False,0,0,0,95.84955592153871,0.6348444219329453,0.0,
59,nominal,P1,False,FULL_D3+D4bc,False,False,False,0,0,0,95.84955592153871,0.6348444219329453,0.0,
60,nominal,P2,False,D0_none,False,False,False,0,0,0,73.37758040957277,0.6865527607803291,0.0,
60,nominal,P2,False,D3_safety_auth,False,False,False,0,0,0,73.37758040957277,0.6865527607803291,0.0,
60,nominal,P2,False,D4b_master_data,False,False,False,0,0,0,73.37758040957277,0.6865527607803291,0.0,
60,nominal,P2,False,D4c_spc,False,False,False,0,0,0,73.37758040957277,0.6865527607803291,0.0,
60,nominal,P2,False,D4bc_process_aware,False,False,False,0,0,0,73.37758040957277,0.6865527607803291,0.0,
60,nominal,P2,False,FULL_D3+D4bc,False,False,False,0,0,0,73.37758040957277,0.6865527607803291,0.0,
61,nominal,P3,False,D0_none,False,False,False,0,0,0,98.27795491975557,0.6235167893938096,0.0,
61,nominal,P3,False,D3_safety_auth,False,False,False,0,0,0,98.27795491975557,0.6235167893938096,0.0,
61,nominal,P3,False,D4b_master_data,False,False,False,0,0,0,98.27795491975557,0.6235167893938096,0.0,
61,nominal,P3,False,D4c_spc,False,False,False,0,0,0,98.27795491975557,0.6235167893938096,0.0,
61,nominal,P3,False,D4bc_process_aware,False,False,False,0,0,0,98.27795491975557,0.6235167893938096,0.0,
61,nominal,P3,False,FULL_D3+D4bc,False,False,False,0,0,0,98.27795491975557,0.6235167893938096,0.0,
62,nominal,P3,False,D0_none,False,False,False,0,0,0,98.27795491975557,0.6235167893938096,0.0,
62,nominal,P3,False,D3_safety_auth,False,False,False,0,0,0,98.27795491975557,0.6235167893938096,0.0,
62,nominal,P3,False,D4b_master_data,False,False,False,0,0,0,98.27795491975557,0.6235167893938096,0.0,
62,nominal,P3,False,D4c_spc,False,True,False,0,0,0,113.27795491975562,0.5409521646393063,17.0,
62,nominal,P3,False,D4bc_process_aware,False,True,False,0,0,0,113.27795491975562,0.5409521646393063,17.0,
62,nominal,P3,False,FULL_D3+D4bc,False,True,False,0,0,0,113.27795491975562,0.5409521646393063,17.0,
63,nominal,P3,False,D0_none,False,False,False,0,0,0,98.27795491975557,0.6235167893938096,0.0,
63,nominal,P3,False,D3_safety_auth,False,False,False,0,0,0,98.27795491975557,0.6235167893938096,0.0,
63,nominal,P3,False,D4b_master_data,False,False,False,0,0,0,98.27795491975557,0.6235167893938096,0.0,
63,nominal,P3,False,D4c_spc,False,False,False,0,0,0,98.27795491975557,0.6235167893938096,0.0,
63,nominal,P3,False,D4bc_process_aware,False,False,False,0,0,0,98.27795491975557,0.6235167893938096,0.0,
63,nominal,P3,False,FULL_D3+D4bc,False,False,False,0,0,0,98.27795491975557,0.6235167893938096,0.0,
64,nominal,P1,False,D0_none,False,False,False,0,0,0,95.84955592153871,0.6348444219329453,0.0,
64,nominal,P1,False,D3_safety_auth,False,False,False,0,0,0,95.84955592153871,0.6348444219329453,0.0,
64,nominal,P1,False,D4b_master_data,False,False,False,0,0,0,95.84955592153871,0.6348444219329453,0.0,
64,nominal,P1,False,D4c_spc,False,False,False,0,0,0,95.84955592153871,0.6348444219329453,0.0,
64,nominal,P1,False,D4bc_process_aware,False,False,False,0,0,0,95.84955592153871,0.6348444219329453,0.0,
64,nominal,P1,False,FULL_D3+D4bc,False,False,False,0,0,0,95.84955592153871,0.6348444219329453,0.0,
65,nominal,P1,False,D0_none,False,False,False,1,0,0,95.84955592153871,0.6136829412018471,0.0,
65,nominal,P1,False,D3_safety_auth,False,False,False,1,0,0,95.84955592153871,0.6136829412018471,0.0,
65,nominal,P1,False,D4b_master_data,False,False,False,1,0,0,95.84955592153871,0.6136829412018471,0.0,
65,nominal,P1,False,D4c_spc,False,True,True,1,0,0,112.84955592153871,0.5212358782494247,17.0,
65,nominal,P1,False,D4bc_process_aware,False,True,True,1,0,0,112.84955592153871,0.5212358782494247,17.0,
65,nominal,P1,False,FULL_D3+D4bc,False,True,True,1,0,0,112.84955592153871,0.5212358782494247,17.0,
66,nominal,P2,False,D0_none,False,False,False,0,0,0,73.37758040957277,0.6865527607803291,0.0,
66,nominal,P2,False,D3_safety_auth,False,False,False,0,0,0,73.37758040957277,0.6865527607803291,0.0,
66,nominal,P2,False,D4b_master_data,False,False,False,0,0,0,73.37758040957277,0.6865527607803291,0.0,
66,nominal,P2,False,D4c_spc,False,False,False,0,0,0,73.37758040957277,0.6865527607803291,0.0,
66,nominal,P2,False,D4bc_process_aware,False,False,False,0,0,0,73.37758040957277,0.6865527607803291,0.0,
66,nominal,P2,False,FULL_D3+D4bc,False,False,False,0,0,0,73.37758040957277,0.6865527607803291,0.0,
67,nominal,P3,False,D0_none,False,False,False,0,0,0,98.27795491975557,0.6235167893938096,0.0,
67,nominal,P3,False,D3_safety_auth,False,False,False,0,0,0,98.27795491975557,0.6235167893938096,0.0,
67,nominal,P3,False,D4b_master_data,False,False,False,0,0,0,98.27795491975557,0.6235167893938096,0.0,
67,nominal,P3,False,D4c_spc,False,False,False,0,0,0,98.27795491975557,0.6235167893938096,0.0,
67,nominal,P3,False,D4bc_process_aware,False,False,False,0,0,0,98.27795491975557,0.6235167893938096,0.0,
67,nominal,P3,False,FULL_D3+D4bc,False,False,False,0,0,0,98.27795491975557,0.6235167893938096,0.0,
68,nominal,P3,False,D0_none,False,False,False,0,0,0,98.27795491975557,0.6235167893938096,0.0,
68,nominal,P3,False,D3_safety_auth,False,False,False,0,0,0,98.27795491975557,0.6235167893938096,0.0,
68,nominal,P3,False,D4b_master_data,False,False,False,0,0,0,98.27795491975557,0.6235167893938096,0.0,
68,nominal,P3,False,D4c_spc,False,False,False,0,0,0,98.27795491975557,0.6235167893938096,0.0,
68,nominal,P3,False,D4bc_process_aware,False,False,False,0,0,0,98.27795491975557,0.6235167893938096,0.0,
68,nominal,P3,False,FULL_D3+D4bc,False,False,False,0,0,0,98.27795491975557,0.6235167893938096,0.0,
69,nominal,P3,False,D0_none,False,False,False,0,0,0,98.27795491975557,0.6235167893938096,0.0,
69,nominal,P3,False,D3_safety_auth,False,False,False,0,0,0,98.27795491975557,0.6235167893938096,0.0,
69,nominal,P3,False,D4b_master_data,False,False,False,0,0,0,98.27795491975557,0.6235167893938096,0.0,
69,nominal,P3,False,D4c_spc,False,False,False,0,0,0,98.27795491975557,0.6235167893938096,0.0,
69,nominal,P3,False,D4bc_process_aware,False,False,False,0,0,0,98.27795491975557,0.6235167893938096,0.0,
69,nominal,P3,False,FULL_D3+D4bc,False,False,False,0,0,0,98.27795491975557,0.6235167893938096,0.0,
70,nominal,P2,False,D0_none,False,False,False,0,0,0,73.37758040957277,0.6865527607803291,0.0,
70,nominal,P2,False,D3_safety_auth,False,False,False,0,0,0,73.37758040957277,0.6865527607803291,0.0,
70,nominal,P2,False,D4b_master_data,False,False,False,0,0,0,73.37758040957277,0.6865527607803291,0.0,
70,nominal,P2,False,D4c_spc,False,False,False,0,0,0,73.37758040957277,0.6865527607803291,0.0,
70,nominal,P2,False,D4bc_process_aware,False,False,False,0,0,0,73.37758040957277,0.6865527607803291,0.0,
70,nominal,P2,False,FULL_D3+D4bc,False,False,False,0,0,0,73.37758040957277,0.6865527607803291,0.0,
71,nominal,P3,False,D0_none,False,False,False,0,0,0,98.27795491975557,0.6235167893938096,0.0,
71,nominal,P3,False,D3_safety_auth,False,False,False,0,0,0,98.27795491975557,0.6235167893938096,0.0,
71,nominal,P3,False,D4b_master_data,False,False,False,0,0,0,98.27795491975557,0.6235167893938096,0.0,
71,nominal,P3,False,D4c_spc,False,False,False,0,0,0,98.27795491975557,0.6235167893938096,0.0,
71,nominal,P3,False,D4bc_process_aware,False,False,False,0,0,0,98.27795491975557,0.6235167893938096,0.0,
71,nominal,P3,False,FULL_D3+D4bc,False,False,False,0,0,0,98.27795491975557,0.6235167893938096,0.0,
72,nominal,P2,False,D0_none,False,False,False,0,0,0,73.37758040957277,0.6865527607803291,0.0,
72,nominal,P2,False,D3_safety_auth,False,False,False,0,0,0,73.37758040957277,0.6865527607803291,0.0,
72,nominal,P2,False,D4b_master_data,False,False,False,0,0,0,73.37758040957277,0.6865527607803291,0.0,
72,nominal,P2,False,D4c_spc,False,False,False,0,0,0,73.37758040957277,0.6865527607803291,0.0,
72,nominal,P2,False,D4bc_process_aware,False,False,False,0,0,0,73.37758040957277,0.6865527607803291,0.0,
72,nominal,P2,False,FULL_D3+D4bc,False,False,False,0,0,0,73.37758040957277,0.6865527607803291,0.0,
73,nominal,P3,False,D0_none,False,False,False,1,0,0,98.27795491975557,0.602732896414016,0.0,
73,nominal,P3,False,D3_safety_auth,False,False,False,1,0,0,98.27795491975557,0.602732896414016,0.0,
73,nominal,P3,False,D4b_master_data,False,False,False,1,0,0,98.27795491975557,0.602732896414016,0.0,
73,nominal,P3,False,D4c_spc,False,True,True,1,0,0,115.27795491975557,0.5138480853834005,17.0,
73,nominal,P3,False,D4bc_process_aware,False,True,True,1,0,0,115.27795491975557,0.5138480853834005,17.0,
73,nominal,P3,False,FULL_D3+D4bc,False,True,True,1,0,0,115.27795491975557,0.5138480853834005,17.0,
74,nominal,P2,False,D0_none,False,False,False,0,0,0,73.37758040957277,0.6865527607803291,0.0,
74,nominal,P2,False,D3_safety_auth,False,False,False,0,0,0,73.37758040957277,0.6865527607803291,0.0,
74,nominal,P2,False,D4b_master_data,False,False,False,0,0,0,73.37758040957277,0.6865527607803291,0.0,
74,nominal,P2,False,D4c_spc,False,False,False,0,0,0,73.37758040957277,0.6865527607803291,0.0,
74,nominal,P2,False,D4bc_process_aware,False,False,False,0,0,0,73.37758040957277,0.6865527607803291,0.0,
74,nominal,P2,False,FULL_D3+D4bc,False,False,False,0,0,0,73.37758040957277,0.6865527607803291,0.0,
75,nominal,P3,False,D0_none,False,False,False,0,0,0,98.27795491975557,0.6235167893938096,0.0,
75,nominal,P3,False,D3_safety_auth,False,False,False,0,0,0,98.27795491975557,0.6235167893938096,0.0,
75,nominal,P3,False,D4b_master_data,False,False,False,0,0,0,98.27795491975557,0.6235167893938096,0.0,
75,nominal,P3,False,D4c_spc,False,False,False,0,0,0,98.27795491975557,0.6235167893938096,0.0,
75,nominal,P3,False,D4bc_process_aware,False,False,False,0,0,0,98.27795491975557,0.6235167893938096,0.0,
75,nominal,P3,False,FULL_D3+D4bc,False,False,False,0,0,0,98.27795491975557,0.6235167893938096,0.0,
76,nominal,P1,False,D0_none,False,False,False,0,0,0,95.84955592153871,0.6348444219329453,0.0,
76,nominal,P1,False,D3_safety_auth,False,False,False,0,0,0,95.84955592153871,0.6348444219329453,0.0,
76,nominal,P1,False,D4b_master_data,False,False,False,0,0,0,95.84955592153871,0.6348444219329453,0.0,
76,nominal,P1,False,D4c_spc,False,False,False,0,0,0,95.84955592153871,0.6348444219329453,0.0,
76,nominal,P1,False,D4bc_process_aware,False,False,False,0,0,0,95.84955592153871,0.6348444219329453,0.0,
76,nominal,P1,False,FULL_D3+D4bc,False,False,False,0,0,0,95.84955592153871,0.6348444219329453,0.0,
77,nominal,P1,False,D0_none,False,False,False,0,0,0,95.84955592153871,0.6348444219329453,0.0,
77,nominal,P1,False,D3_safety_auth,False,False,False,0,0,0,95.84955592153871,0.6348444219329453,0.0,
77,nominal,P1,False,D4b_master_data,False,False,False,0,0,0,95.84955592153871,0.6348444219329453,0.0,
77,nominal,P1,False,D4c_spc,False,False,False,0,0,0,95.84955592153871,0.6348444219329453,0.0,
77,nominal,P1,False,D4bc_process_aware,False,False,False,0,0,0,95.84955592153871,0.6348444219329453,0.0,
77,nominal,P1,False,FULL_D3+D4bc,False,False,False,0,0,0,95.84955592153871,0.6348444219329453,0.0,
78,nominal,P3,False,D0_none,False,False,False,0,0,0,98.27795491975557,0.6235167893938096,0.0,
78,nominal,P3,False,D3_safety_auth,False,False,False,0,0,0,98.27795491975557,0.6235167893938096,0.0,
78,nominal,P3,False,D4b_master_data,False,False,False,0,0,0,98.27795491975557,0.6235167893938096,0.0,
78,nominal,P3,False,D4c_spc,False,False,False,0,0,0,98.27795491975557,0.6235167893938096,0.0,
78,nominal,P3,False,D4bc_process_aware,False,False,False,0,0,0,98.27795491975557,0.6235167893938096,0.0,
78,nominal,P3,False,FULL_D3+D4bc,False,False,False,0,0,0,98.27795491975557,0.6235167893938096,0.0,
79,nominal,P2,False,D0_none,False,False,False,0,0,0,73.37758040957277,0.6865527607803291,0.0,
79,nominal,P2,False,D3_safety_auth,False,False,False,0,0,0,73.37758040957277,0.6865527607803291,0.0,
79,nominal,P2,False,D4b_master_data,False,False,False,0,0,0,73.37758040957277,0.6865527607803291,0.0,
79,nominal,P2,False,D4c_spc,False,False,False,0,0,0,73.37758040957277,0.6865527607803291,0.0,
79,nominal,P2,False,D4bc_process_aware,False,False,False,0,0,0,73.37758040957277,0.6865527607803291,0.0,
79,nominal,P2,False,FULL_D3+D4bc,False,False,False,0,0,0,73.37758040957277,0.6865527607803291,0.0,
80,nominal,P2,False,D0_none,False,False,False,1,0,0,73.37758040957277,0.6636676687543182,0.0,
80,nominal,P2,False,D3_safety_auth,False,False,False,1,0,0,73.37758040957277,0.6636676687543182,0.0,
80,nominal,P2,False,D4b_master_data,False,False,False,1,0,0,73.37758040957277,0.6636676687543182,0.0,
80,nominal,P2,False,D4c_spc,False,True,True,1,0,0,90.37758040957277,0.5388319482394062,17.0,
80,nominal,P2,False,D4bc_process_aware,False,True,True,1,0,0,90.37758040957277,0.5388319482394062,17.0,
80,nominal,P2,False,FULL_D3+D4bc,False,True,True,1,0,0,90.37758040957277,0.5388319482394062,17.0,
81,nominal,P3,False,D0_none,False,False,False,0,0,0,98.27795491975557,0.6235167893938096,0.0,
81,nominal,P3,False,D3_safety_auth,False,False,False,0,0,0,98.27795491975557,0.6235167893938096,0.0,
81,nominal,P3,False,D4b_master_data,False,False,False,0,0,0,98.27795491975557,0.6235167893938096,0.0,
81,nominal,P3,False,D4c_spc,False,False,False,0,0,0,98.27795491975557,0.6235167893938096,0.0,
81,nominal,P3,False,D4bc_process_aware,False,False,False,0,0,0,98.27795491975557,0.6235167893938096,0.0,
81,nominal,P3,False,FULL_D3+D4bc,False,False,False,0,0,0,98.27795491975557,0.6235167893938096,0.0,
82,nominal,P2,False,D0_none,False,False,False,0,0,0,73.37758040957277,0.6865527607803291,0.0,
82,nominal,P2,False,D3_safety_auth,False,False,False,0,0,0,73.37758040957277,0.6865527607803291,0.0,
82,nominal,P2,False,D4b_master_data,False,False,False,0,0,0,73.37758040957277,0.6865527607803291,0.0,
82,nominal,P2,False,D4c_spc,False,False,False,0,0,0,73.37758040957277,0.6865527607803291,0.0,
82,nominal,P2,False,D4bc_process_aware,False,False,False,0,0,0,73.37758040957277,0.6865527607803291,0.0,
82,nominal,P2,False,FULL_D3+D4bc,False,False,False,0,0,0,73.37758040957277,0.6865527607803291,0.0,
83,nominal,P3,False,D0_none,False,False,False,0,0,0,98.27795491975557,0.6235167893938096,0.0,
83,nominal,P3,False,D3_safety_auth,False,False,False,0,0,0,98.27795491975557,0.6235167893938096,0.0,
83,nominal,P3,False,D4b_master_data,False,False,False,0,0,0,98.27795491975557,0.6235167893938096,0.0,
83,nominal,P3,False,D4c_spc,False,False,False,0,0,0,98.27795491975557,0.6235167893938096,0.0,
83,nominal,P3,False,D4bc_process_aware,False,False,False,0,0,0,98.27795491975557,0.6235167893938096,0.0,
83,nominal,P3,False,FULL_D3+D4bc,False,False,False,0,0,0,98.27795491975557,0.6235167893938096,0.0,
84,nominal,P3,False,D0_none,False,False,False,0,0,0,98.27795491975557,0.6235167893938096,0.0,
84,nominal,P3,False,D3_safety_auth,False,False,False,0,0,0,98.27795491975557,0.6235167893938096,0.0,
84,nominal,P3,False,D4b_master_data,False,False,False,0,0,0,98.27795491975557,0.6235167893938096,0.0,
84,nominal,P3,False,D4c_spc,False,False,False,0,0,0,98.27795491975557,0.6235167893938096,0.0,
84,nominal,P3,False,D4bc_process_aware,False,False,False,0,0,0,98.27795491975557,0.6235167893938096,0.0,
84,nominal,P3,False,FULL_D3+D4bc,False,False,False,0,0,0,98.27795491975557,0.6235167893938096,0.0,
85,nominal,P1,False,D0_none,False,False,False,0,1,0,95.84955592153871,0.6136829412018471,0.0,
85,nominal,P1,False,D3_safety_auth,False,False,False,0,1,0,95.84955592153871,0.6136829412018471,0.0,
85,nominal,P1,False,D4b_master_data,False,False,False,0,1,0,95.84955592153871,0.6136829412018471,0.0,
85,nominal,P1,False,D4c_spc,False,True,True,0,1,0,112.84955592153871,0.5212358782494247,17.0,
85,nominal,P1,False,D4bc_process_aware,False,True,True,0,1,0,112.84955592153871,0.5212358782494247,17.0,
85,nominal,P1,False,FULL_D3+D4bc,False,True,True,0,1,0,112.84955592153871,0.5212358782494247,17.0,
86,nominal,P2,False,D0_none,False,False,False,0,1,0,73.37758040957277,0.6636676687543182,0.0,
86,nominal,P2,False,D3_safety_auth,False,False,False,0,1,0,73.37758040957277,0.6636676687543182,0.0,
86,nominal,P2,False,D4b_master_data,False,False,False,0,1,0,73.37758040957277,0.6636676687543182,0.0,
86,nominal,P2,False,D4c_spc,False,True,True,0,1,0,88.37758040957277,0.5510258088484491,17.0,
86,nominal,P2,False,D4bc_process_aware,False,True,True,0,1,0,88.37758040957277,0.5510258088484491,17.0,
86,nominal,P2,False,FULL_D3+D4bc,False,True,True,0,1,0,88.37758040957277,0.5510258088484491,17.0,
87,nominal,P2,False,D0_none,False,False,False,0,0,0,73.37758040957277,0.6865527607803291,0.0,
87,nominal,P2,False,D3_safety_auth,False,False,False,0,0,0,73.37758040957277,0.6865527607803291,0.0,
87,nominal,P2,False,D4b_master_data,False,False,False,0,0,0,73.37758040957277,0.6865527607803291,0.0,
87,nominal,P2,False,D4c_spc,False,False,False,0,0,0,73.37758040957277,0.6865527607803291,0.0,
87,nominal,P2,False,D4bc_process_aware,False,False,False,0,0,0,73.37758040957277,0.6865527607803291,0.0,
87,nominal,P2,False,FULL_D3+D4bc,False,False,False,0,0,0,73.37758040957277,0.6865527607803291,0.0,
88,nominal,P3,False,D0_none,False,False,False,0,0,0,98.27795491975557,0.6235167893938096,0.0,
88,nominal,P3,False,D3_safety_auth,False,False,False,0,0,0,98.27795491975557,0.6235167893938096,0.0,
88,nominal,P3,False,D4b_master_data,False,False,False,0,0,0,98.27795491975557,0.6235167893938096,0.0,
88,nominal,P3,False,D4c_spc,False,False,False,0,0,0,98.27795491975557,0.6235167893938096,0.0,
88,nominal,P3,False,D4bc_process_aware,False,False,False,0,0,0,98.27795491975557,0.6235167893938096,0.0,
88,nominal,P3,False,FULL_D3+D4bc,False,False,False,0,0,0,98.27795491975557,0.6235167893938096,0.0,
89,nominal,P3,False,D0_none,False,False,False,0,0,0,98.27795491975557,0.6235167893938096,0.0,
89,nominal,P3,False,D3_safety_auth,False,False,False,0,0,0,98.27795491975557,0.6235167893938096,0.0,
89,nominal,P3,False,D4b_master_data,False,False,False,0,0,0,98.27795491975557,0.6235167893938096,0.0,
89,nominal,P3,False,D4c_spc,False,False,False,0,0,0,98.27795491975557,0.6235167893938096,0.0,
89,nominal,P3,False,D4bc_process_aware,False,False,False,0,0,0,98.27795491975557,0.6235167893938096,0.0,
89,nominal,P3,False,FULL_D3+D4bc,False,False,False,0,0,0,98.27795491975557,0.6235167893938096,0.0,
90,nominal,P1,False,D0_none,False,False,False,0,0,0,95.84955592153871,0.6348444219329453,0.0,
90,nominal,P1,False,D3_safety_auth,False,False,False,0,0,0,95.84955592153871,0.6348444219329453,0.0,
90,nominal,P1,False,D4b_master_data,False,False,False,0,0,0,95.84955592153871,0.6348444219329453,0.0,
90,nominal,P1,False,D4c_spc,False,False,False,0,0,0,95.84955592153871,0.6348444219329453,0.0,
90,nominal,P1,False,D4bc_process_aware,False,False,False,0,0,0,95.84955592153871,0.6348444219329453,0.0,
90,nominal,P1,False,FULL_D3+D4bc,False,False,False,0,0,0,95.84955592153871,0.6348444219329453,0.0,
91,nominal,P1,False,D0_none,False,False,False,0,0,0,95.84955592153871,0.6348444219329453,0.0,
91,nominal,P1,False,D3_safety_auth,False,False,False,0,0,0,95.84955592153871,0.6348444219329453,0.0,
91,nominal,P1,False,D4b_master_data,False,False,False,0,0,0,95.84955592153871,0.6348444219329453,0.0,
91,nominal,P1,False,D4c_spc,False,False,False,0,0,0,95.84955592153871,0.6348444219329453,0.0,
91,nominal,P1,False,D4bc_process_aware,False,False,False,0,0,0,95.84955592153871,0.6348444219329453,0.0,
91,nominal,P1,False,FULL_D3+D4bc,False,False,False,0,0,0,95.84955592153871,0.6348444219329453,0.0,
92,nominal,P3,False,D0_none,False,False,False,0,0,0,98.27795491975557,0.6235167893938096,0.0,
92,nominal,P3,False,D3_safety_auth,False,False,False,0,0,0,98.27795491975557,0.6235167893938096,0.0,
92,nominal,P3,False,D4b_master_data,False,False,False,0,0,0,98.27795491975557,0.6235167893938096,0.0,
92,nominal,P3,False,D4c_spc,False,False,False,0,0,0,98.27795491975557,0.6235167893938096,0.0,
92,nominal,P3,False,D4bc_process_aware,False,False,False,0,0,0,98.27795491975557,0.6235167893938096,0.0,
92,nominal,P3,False,FULL_D3+D4bc,False,False,False,0,0,0,98.27795491975557,0.6235167893938096,0.0,
93,nominal,P3,False,D0_none,False,False,False,0,0,0,98.27795491975557,0.6235167893938096,0.0,
93,nominal,P3,False,D3_safety_auth,False,False,False,0,0,0,98.27795491975557,0.6235167893938096,0.0,
93,nominal,P3,False,D4b_master_data,False,False,False,0,0,0,98.27795491975557,0.6235167893938096,0.0,
93,nominal,P3,False,D4c_spc,False,False,False,0,0,0,98.27795491975557,0.6235167893938096,0.0,
93,nominal,P3,False,D4bc_process_aware,False,False,False,0,0,0,98.27795491975557,0.6235167893938096,0.0,
93,nominal,P3,False,FULL_D3+D4bc,False,False,False,0,0,0,98.27795491975557,0.6235167893938096,0.0,
94,nominal,P3,False,D0_none,False,False,False,0,0,0,98.27795491975557,0.6235167893938096,0.0,
94,nominal,P3,False,D3_safety_auth,False,False,False,0,0,0,98.27795491975557,0.6235167893938096,0.0,
94,nominal,P3,False,D4b_master_data,False,False,False,0,0,0,98.27795491975557,0.6235167893938096,0.0,
94,nominal,P3,False,D4c_spc,False,False,False,0,0,0,98.27795491975557,0.6235167893938096,0.0,
94,nominal,P3,False,D4bc_process_aware,False,False,False,0,0,0,98.27795491975557,0.6235167893938096,0.0,
94,nominal,P3,False,FULL_D3+D4bc,False,False,False,0,0,0,98.27795491975557,0.6235167893938096,0.0,
95,nominal,P2,False,D0_none,False,False,False,0,0,0,73.37758040957277,0.6865527607803291,0.0,
95,nominal,P2,False,D3_safety_auth,False,False,False,0,0,0,73.37758040957277,0.6865527607803291,0.0,
95,nominal,P2,False,D4b_master_data,False,False,False,0,0,0,73.37758040957277,0.6865527607803291,0.0,
95,nominal,P2,False,D4c_spc,False,False,False,0,0,0,73.37758040957277,0.6865527607803291,0.0,
95,nominal,P2,False,D4bc_process_aware,False,False,False,0,0,0,73.37758040957277,0.6865527607803291,0.0,
95,nominal,P2,False,FULL_D3+D4bc,False,False,False,0,0,0,73.37758040957277,0.6865527607803291,0.0,
96,nominal,P2,False,D0_none,False,False,False,0,0,0,73.37758040957277,0.6865527607803291,0.0,
96,nominal,P2,False,D3_safety_auth,False,False,False,0,0,0,73.37758040957277,0.6865527607803291,0.0,
96,nominal,P2,False,D4b_master_data,False,False,False,0,0,0,73.37758040957277,0.6865527607803291,0.0,
96,nominal,P2,False,D4c_spc,False,False,False,0,0,0,73.37758040957277,0.6865527607803291,0.0,
96,nominal,P2,False,D4bc_process_aware,False,False,False,0,0,0,73.37758040957277,0.6865527607803291,0.0,
96,nominal,P2,False,FULL_D3+D4bc,False,False,False,0,0,0,73.37758040957277,0.6865527607803291,0.0,
97,nominal,P2,False,D0_none,False,False,False,0,0,0,73.37758040957277,0.6865527607803291,0.0,
97,nominal,P2,False,D3_safety_auth,False,False,False,0,0,0,73.37758040957277,0.6865527607803291,0.0,
97,nominal,P2,False,D4b_master_data,False,False,False,0,0,0,73.37758040957277,0.6865527607803291,0.0,
97,nominal,P2,False,D4c_spc,False,False,False,0,0,0,73.37758040957277,0.6865527607803291,0.0,
97,nominal,P2,False,D4bc_process_aware,False,False,False,0,0,0,73.37758040957277,0.6865527607803291,0.0,
97,nominal,P2,False,FULL_D3+D4bc,False,False,False,0,0,0,73.37758040957277,0.6865527607803291,0.0,
98,nominal,P3,False,D0_none,False,False,False,0,0,0,98.27795491975557,0.6235167893938096,0.0,
98,nominal,P3,False,D3_safety_auth,False,False,False,0,0,0,98.27795491975557,0.6235167893938096,0.0,
98,nominal,P3,False,D4b_master_data,False,False,False,0,0,0,98.27795491975557,0.6235167893938096,0.0,
98,nominal,P3,False,D4c_spc,False,False,False,0,0,0,98.27795491975557,0.6235167893938096,0.0,
98,nominal,P3,False,D4bc_process_aware,False,False,False,0,0,0,98.27795491975557,0.6235167893938096,0.0,
98,nominal,P3,False,FULL_D3+D4bc,False,False,False,0,0,0,98.27795491975557,0.6235167893938096,0.0,
99,nominal,P1,False,D0_none,False,False,False,0,0,0,95.84955592153871,0.6348444219329453,0.0,
99,nominal,P1,False,D3_safety_auth,False,False,False,0,0,0,95.84955592153871,0.6348444219329453,0.0,
99,nominal,P1,False,D4b_master_data,False,False,False,0,0,0,95.84955592153871,0.6348444219329453,0.0,
99,nominal,P1,False,D4c_spc,False,False,False,0,0,0,95.84955592153871,0.6348444219329453,0.0,
99,nominal,P1,False,D4bc_process_aware,False,False,False,0,0,0,95.84955592153871,0.6348444219329453,0.0,
99,nominal,P1,False,FULL_D3+D4bc,False,False,False,0,0,0,95.84955592153871,0.6348444219329453,0.0,
100,nominal,P2,False,D0_none,False,False,False,0,0,1,73.37758040957277,0.6636676687543182,0.0,
100,nominal,P2,False,D3_safety_auth,False,False,False,0,0,1,73.37758040957277,0.6636676687543182,0.0,
100,nominal,P2,False,D4b_master_data,False,False,False,0,0,1,73.37758040957277,0.6636676687543182,0.0,
100,nominal,P2,False,D4c_spc,False,True,True,0,0,1,88.37758040957277,0.5510258088484491,17.0,
100,nominal,P2,False,D4bc_process_aware,False,True,True,0,0,1,88.37758040957277,0.5510258088484491,17.0,
100,nominal,P2,False,FULL_D3+D4bc,False,True,True,0,0,1,88.37758040957277,0.5510258088484491,17.0,
101,nominal,P3,False,D0_none,False,False,False,0,0,0,98.27795491975557,0.6235167893938096,0.0,
101,nominal,P3,False,D3_safety_auth,False,False,False,0,0,0,98.27795491975557,0.6235167893938096,0.0,
101,nominal,P3,False,D4b_master_data,False,False,False,0,0,0,98.27795491975557,0.6235167893938096,0.0,
101,nominal,P3,False,D4c_spc,False,True,False,0,0,0,115.27795491975557,0.5315669848793799,17.0,
101,nominal,P3,False,D4bc_process_aware,False,True,False,0,0,0,115.27795491975557,0.5315669848793799,17.0,
101,nominal,P3,False,FULL_D3+D4bc,False,True,False,0,0,0,115.27795491975557,0.5315669848793799,17.0,
102,nominal,P3,False,D0_none,False,False,False,0,0,0,98.27795491975557,0.6235167893938096,0.0,
102,nominal,P3,False,D3_safety_auth,False,False,False,0,0,0,98.27795491975557,0.6235167893938096,0.0,
102,nominal,P3,False,D4b_master_data,False,False,False,0,0,0,98.27795491975557,0.6235167893938096,0.0,
102,nominal,P3,False,D4c_spc,False,False,False,0,0,0,98.27795491975557,0.6235167893938096,0.0,
102,nominal,P3,False,D4bc_process_aware,False,False,False,0,0,0,98.27795491975557,0.6235167893938096,0.0,
102,nominal,P3,False,FULL_D3+D4bc,False,False,False,0,0,0,98.27795491975557,0.6235167893938096,0.0,
103,nominal,P1,False,D0_none,False,False,False,1,0,0,95.84955592153871,0.6136829412018471,0.0,
103,nominal,P1,False,D3_safety_auth,False,False,False,1,0,0,95.84955592153871,0.6136829412018471,0.0,
103,nominal,P1,False,D4b_master_data,False,False,False,1,0,0,95.84955592153871,0.6136829412018471,0.0,
103,nominal,P1,False,D4c_spc,False,True,True,1,0,0,112.84955592153871,0.5212358782494247,17.0,
103,nominal,P1,False,D4bc_process_aware,False,True,True,1,0,0,112.84955592153871,0.5212358782494247,17.0,
103,nominal,P1,False,FULL_D3+D4bc,False,True,True,1,0,0,112.84955592153871,0.5212358782494247,17.0,
104,nominal,P2,False,D0_none,False,False,False,0,0,0,73.37758040957277,0.6865527607803291,0.0,
104,nominal,P2,False,D3_safety_auth,False,False,False,0,0,0,73.37758040957277,0.6865527607803291,0.0,
104,nominal,P2,False,D4b_master_data,False,False,False,0,0,0,73.37758040957277,0.6865527607803291,0.0,
104,nominal,P2,False,D4c_spc,False,False,False,0,0,0,73.37758040957277,0.6865527607803291,0.0,
104,nominal,P2,False,D4bc_process_aware,False,False,False,0,0,0,73.37758040957277,0.6865527607803291,0.0,
104,nominal,P2,False,FULL_D3+D4bc,False,False,False,0,0,0,73.37758040957277,0.6865527607803291,0.0,
105,nominal,P1,False,D0_none,False,False,False,0,0,0,95.84955592153871,0.6348444219329453,0.0,
105,nominal,P1,False,D3_safety_auth,False,False,False,0,0,0,95.84955592153871,0.6348444219329453,0.0,
105,nominal,P1,False,D4b_master_data,False,False,False,0,0,0,95.84955592153871,0.6348444219329453,0.0,
105,nominal,P1,False,D4c_spc,False,True,False,0,0,0,112.8495559215387,0.5392095292235429,17.0,
105,nominal,P1,False,D4bc_process_aware,False,True,False,0,0,0,112.8495559215387,0.5392095292235429,17.0,
105,nominal,P1,False,FULL_D3+D4bc,False,True,False,0,0,0,112.8495559215387,0.5392095292235429,17.0,
106,nominal,P2,False,D0_none,False,False,False,0,0,0,73.37758040957277,0.6865527607803291,0.0,
106,nominal,P2,False,D3_safety_auth,False,False,False,0,0,0,73.37758040957277,0.6865527607803291,0.0,
106,nominal,P2,False,D4b_master_data,False,False,False,0,0,0,73.37758040957277,0.6865527607803291,0.0,
106,nominal,P2,False,D4c_spc,False,False,False,0,0,0,73.37758040957277,0.6865527607803291,0.0,
106,nominal,P2,False,D4bc_process_aware,False,False,False,0,0,0,73.37758040957277,0.6865527607803291,0.0,
106,nominal,P2,False,FULL_D3+D4bc,False,False,False,0,0,0,73.37758040957277,0.6865527607803291,0.0,
107,nominal,P1,False,D0_none,False,False,False,0,0,0,95.84955592153871,0.6348444219329453,0.0,
107,nominal,P1,False,D3_safety_auth,False,False,False,0,0,0,95.84955592153871,0.6348444219329453,0.0,
107,nominal,P1,False,D4b_master_data,False,False,False,0,0,0,95.84955592153871,0.6348444219329453,0.0,
107,nominal,P1,False,D4c_spc,False,False,False,0,0,0,95.84955592153871,0.6348444219329453,0.0,
107,nominal,P1,False,D4bc_process_aware,False,False,False,0,0,0,95.84955592153871,0.6348444219329453,0.0,
107,nominal,P1,False,FULL_D3+D4bc,False,False,False,0,0,0,95.84955592153871,0.6348444219329453,0.0,
108,nominal,P1,False,D0_none,False,False,False,0,0,0,95.84955592153871,0.6348444219329453,0.0,
108,nominal,P1,False,D3_safety_auth,False,False,False,0,0,0,95.84955592153871,0.6348444219329453,0.0,
108,nominal,P1,False,D4b_master_data,False,False,False,0,0,0,95.84955592153871,0.6348444219329453,0.0,
108,nominal,P1,False,D4c_spc,False,False,False,0,0,0,95.84955592153871,0.6348444219329453,0.0,
108,nominal,P1,False,D4bc_process_aware,False,False,False,0,0,0,95.84955592153871,0.6348444219329453,0.0,
108,nominal,P1,False,FULL_D3+D4bc,False,False,False,0,0,0,95.84955592153871,0.6348444219329453,0.0,
109,nominal,P3,False,D0_none,False,False,False,0,0,0,98.27795491975557,0.6235167893938096,0.0,
109,nominal,P3,False,D3_safety_auth,False,False,False,0,0,0,98.27795491975557,0.6235167893938096,0.0,
109,nominal,P3,False,D4b_master_data,False,False,False,0,0,0,98.27795491975557,0.6235167893938096,0.0,
109,nominal,P3,False,D4c_spc,False,False,False,0,0,0,98.27795491975557,0.6235167893938096,0.0,
109,nominal,P3,False,D4bc_process_aware,False,False,False,0,0,0,98.27795491975557,0.6235167893938096,0.0,
109,nominal,P3,False,FULL_D3+D4bc,False,False,False,0,0,0,98.27795491975557,0.6235167893938096,0.0,
110,nominal,P1,False,D0_none,False,False,False,0,0,0,95.84955592153871,0.6348444219329453,0.0,
110,nominal,P1,False,D3_safety_auth,False,False,False,0,0,0,95.84955592153871,0.6348444219329453,0.0,
110,nominal,P1,False,D4b_master_data,False,False,False,0,0,0,95.84955592153871,0.6348444219329453,0.0,
110,nominal,P1,False,D4c_spc,False,False,False,0,0,0,95.84955592153871,0.6348444219329453,0.0,
110,nominal,P1,False,D4bc_process_aware,False,False,False,0,0,0,95.84955592153871,0.6348444219329453,0.0,
110,nominal,P1,False,FULL_D3+D4bc,False,False,False,0,0,0,95.84955592153871,0.6348444219329453,0.0,
111,nominal,P3,False,D0_none,False,False,False,0,0,0,98.27795491975557,0.6235167893938096,0.0,
111,nominal,P3,False,D3_safety_auth,False,False,False,0,0,0,98.27795491975557,0.6235167893938096,0.0,
111,nominal,P3,False,D4b_master_data,False,False,False,0,0,0,98.27795491975557,0.6235167893938096,0.0,
111,nominal,P3,False,D4c_spc,False,False,False,0,0,0,98.27795491975557,0.6235167893938096,0.0,
111,nominal,P3,False,D4bc_process_aware,False,False,False,0,0,0,98.27795491975557,0.6235167893938096,0.0,
111,nominal,P3,False,FULL_D3+D4bc,False,False,False,0,0,0,98.27795491975557,0.6235167893938096,0.0,
112,nominal,P2,False,D0_none,False,False,False,0,0,0,73.37758040957277,0.6865527607803291,0.0,
112,nominal,P2,False,D3_safety_auth,False,False,False,0,0,0,73.37758040957277,0.6865527607803291,0.0,
112,nominal,P2,False,D4b_master_data,False,False,False,0,0,0,73.37758040957277,0.6865527607803291,0.0,
112,nominal,P2,False,D4c_spc,False,False,False,0,0,0,73.37758040957277,0.6865527607803291,0.0,
112,nominal,P2,False,D4bc_process_aware,False,False,False,0,0,0,73.37758040957277,0.6865527607803291,0.0,
112,nominal,P2,False,FULL_D3+D4bc,False,False,False,0,0,0,73.37758040957277,0.6865527607803291,0.0,
113,nominal,P2,False,D0_none,False,False,False,0,0,0,73.37758040957277,0.6865527607803291,0.0,
113,nominal,P2,False,D3_safety_auth,False,False,False,0,0,0,73.37758040957277,0.6865527607803291,0.0,
113,nominal,P2,False,D4b_master_data,False,False,False,0,0,0,73.37758040957277,0.6865527607803291,0.0,
113,nominal,P2,False,D4c_spc,False,False,False,0,0,0,73.37758040957277,0.6865527607803291,0.0,
113,nominal,P2,False,D4bc_process_aware,False,False,False,0,0,0,73.37758040957277,0.6865527607803291,0.0,
113,nominal,P2,False,FULL_D3+D4bc,False,False,False,0,0,0,73.37758040957277,0.6865527607803291,0.0,
114,nominal,P3,False,D0_none,False,False,False,0,0,0,98.27795491975557,0.6235167893938096,0.0,
114,nominal,P3,False,D3_safety_auth,False,False,False,0,0,0,98.27795491975557,0.6235167893938096,0.0,
114,nominal,P3,False,D4b_master_data,False,False,False,0,0,0,98.27795491975557,0.6235167893938096,0.0,
114,nominal,P3,False,D4c_spc,False,False,False,0,0,0,98.27795491975557,0.6235167893938096,0.0,
114,nominal,P3,False,D4bc_process_aware,False,False,False,0,0,0,98.27795491975557,0.6235167893938096,0.0,
114,nominal,P3,False,FULL_D3+D4bc,False,False,False,0,0,0,98.27795491975557,0.6235167893938096,0.0,
115,nominal,P1,False,D0_none,False,False,False,0,0,0,95.84955592153871,0.6348444219329453,0.0,
115,nominal,P1,False,D3_safety_auth,False,False,False,0,0,0,95.84955592153871,0.6348444219329453,0.0,
115,nominal,P1,False,D4b_master_data,False,False,False,0,0,0,95.84955592153871,0.6348444219329453,0.0,
115,nominal,P1,False,D4c_spc,False,False,False,0,0,0,95.84955592153871,0.6348444219329453,0.0,
115,nominal,P1,False,D4bc_process_aware,False,False,False,0,0,0,95.84955592153871,0.6348444219329453,0.0,
115,nominal,P1,False,FULL_D3+D4bc,False,False,False,0,0,0,95.84955592153871,0.6348444219329453,0.0,
116,nominal,P2,False,D0_none,False,False,False,0,0,0,73.37758040957277,0.6865527607803291,0.0,
116,nominal,P2,False,D3_safety_auth,False,False,False,0,0,0,73.37758040957277,0.6865527607803291,0.0,
116,nominal,P2,False,D4b_master_data,False,False,False,0,0,0,73.37758040957277,0.6865527607803291,0.0,
116,nominal,P2,False,D4c_spc,False,False,False,0,0,0,73.37758040957277,0.6865527607803291,0.0,
116,nominal,P2,False,D4bc_process_aware,False,False,False,0,0,0,73.37758040957277,0.6865527607803291,0.0,
116,nominal,P2,False,FULL_D3+D4bc,False,False,False,0,0,0,73.37758040957277,0.6865527607803291,0.0,
117,nominal,P3,False,D0_none,False,False,False,0,0,0,98.27795491975557,0.6235167893938096,0.0,
117,nominal,P3,False,D3_safety_auth,False,False,False,0,0,0,98.27795491975557,0.6235167893938096,0.0,
117,nominal,P3,False,D4b_master_data,False,False,False,0,0,0,98.27795491975557,0.6235167893938096,0.0,
117,nominal,P3,False,D4c_spc,False,False,False,0,0,0,98.27795491975557,0.6235167893938096,0.0,
117,nominal,P3,False,D4bc_process_aware,False,False,False,0,0,0,98.27795491975557,0.6235167893938096,0.0,
117,nominal,P3,False,FULL_D3+D4bc,False,False,False,0,0,0,98.27795491975557,0.6235167893938096,0.0,
118,nominal,P2,False,D0_none,False,False,False,0,0,0,73.37758040957277,0.6865527607803291,0.0,
118,nominal,P2,False,D3_safety_auth,False,False,False,0,0,0,73.37758040957277,0.6865527607803291,0.0,
118,nominal,P2,False,D4b_master_data,False,False,False,0,0,0,73.37758040957277,0.6865527607803291,0.0,
118,nominal,P2,False,D4c_spc,False,False,False,0,0,0,73.37758040957277,0.6865527607803291,0.0,
118,nominal,P2,False,D4bc_process_aware,False,False,False,0,0,0,73.37758040957277,0.6865527607803291,0.0,
118,nominal,P2,False,FULL_D3+D4bc,False,False,False,0,0,0,73.37758040957277,0.6865527607803291,0.0,
119,nominal,P3,False,D0_none,False,False,False,0,0,0,98.27795491975557,0.6235167893938096,0.0,
119,nominal,P3,False,D3_safety_auth,False,False,False,0,0,0,98.27795491975557,0.6235167893938096,0.0,
119,nominal,P3,False,D4b_master_data,False,False,False,0,0,0,98.27795491975557,0.6235167893938096,0.0,
119,nominal,P3,False,D4c_spc,False,False,False,0,0,0,98.27795491975557,0.6235167893938096,0.0,
119,nominal,P3,False,D4bc_process_aware,False,False,False,0,0,0,98.27795491975557,0.6235167893938096,0.0,
119,nominal,P3,False,FULL_D3+D4bc,False,False,False,0,0,0,98.27795491975557,0.6235167893938096,0.0,
120,nominal,P3,False,D0_none,False,False,False,0,0,0,98.27795491975557,0.6235167893938096,0.0,
120,nominal,P3,False,D3_safety_auth,False,False,False,0,0,0,98.27795491975557,0.6235167893938096,0.0,
120,nominal,P3,False,D4b_master_data,False,False,False,0,0,0,98.27795491975557,0.6235167893938096,0.0,
120,nominal,P3,False,D4c_spc,False,False,False,0,0,0,98.27795491975557,0.6235167893938096,0.0,
120,nominal,P3,False,D4bc_process_aware,False,False,False,0,0,0,98.27795491975557,0.6235167893938096,0.0,
120,nominal,P3,False,FULL_D3+D4bc,False,False,False,0,0,0,98.27795491975557,0.6235167893938096,0.0,
121,nominal,P3,False,D0_none,False,False,False,0,0,0,98.27795491975557,0.6235167893938096,0.0,
121,nominal,P3,False,D3_safety_auth,False,False,False,0,0,0,98.27795491975557,0.6235167893938096,0.0,
121,nominal,P3,False,D4b_master_data,False,False,False,0,0,0,98.27795491975557,0.6235167893938096,0.0,
121,nominal,P3,False,D4c_spc,False,False,False,0,0,0,98.27795491975557,0.6235167893938096,0.0,
121,nominal,P3,False,D4bc_process_aware,False,False,False,0,0,0,98.27795491975557,0.6235167893938096,0.0,
121,nominal,P3,False,FULL_D3+D4bc,False,False,False,0,0,0,98.27795491975557,0.6235167893938096,0.0,
122,nominal,P3,False,D0_none,False,False,False,0,0,0,98.27795491975557,0.6235167893938096,0.0,
122,nominal,P3,False,D3_safety_auth,False,False,False,0,0,0,98.27795491975557,0.6235167893938096,0.0,
122,nominal,P3,False,D4b_master_data,False,False,False,0,0,0,98.27795491975557,0.6235167893938096,0.0,
122,nominal,P3,False,D4c_spc,False,False,False,0,0,0,98.27795491975557,0.6235167893938096,0.0,
122,nominal,P3,False,D4bc_process_aware,False,False,False,0,0,0,98.27795491975557,0.6235167893938096,0.0,
122,nominal,P3,False,FULL_D3+D4bc,False,False,False,0,0,0,98.27795491975557,0.6235167893938096,0.0,
123,nominal,P3,False,D0_none,False,False,False,0,0,0,98.27795491975557,0.6235167893938096,0.0,
123,nominal,P3,False,D3_safety_auth,False,False,False,0,0,0,98.27795491975557,0.6235167893938096,0.0,
123,nominal,P3,False,D4b_master_data,False,False,False,0,0,0,98.27795491975557,0.6235167893938096,0.0,
123,nominal,P3,False,D4c_spc,False,False,False,0,0,0,98.27795491975557,0.6235167893938096,0.0,
123,nominal,P3,False,D4bc_process_aware,False,False,False,0,0,0,98.27795491975557,0.6235167893938096,0.0,
123,nominal,P3,False,FULL_D3+D4bc,False,False,False,0,0,0,98.27795491975557,0.6235167893938096,0.0,
124,nominal,P3,False,D0_none,False,False,False,0,0,0,98.27795491975557,0.6235167893938096,0.0,
124,nominal,P3,False,D3_safety_auth,False,False,False,0,0,0,98.27795491975557,0.6235167893938096,0.0,
124,nominal,P3,False,D4b_master_data,False,False,False,0,0,0,98.27795491975557,0.6235167893938096,0.0,
124,nominal,P3,False,D4c_spc,False,False,False,0,0,0,98.27795491975557,0.6235167893938096,0.0,
124,nominal,P3,False,D4bc_process_aware,False,False,False,0,0,0,98.27795491975557,0.6235167893938096,0.0,
124,nominal,P3,False,FULL_D3+D4bc,False,False,False,0,0,0,98.27795491975557,0.6235167893938096,0.0,
125,nominal,P1,False,D0_none,False,False,False,0,0,0,95.84955592153871,0.6348444219329453,0.0,
125,nominal,P1,False,D3_safety_auth,False,False,False,0,0,0,95.84955592153871,0.6348444219329453,0.0,
125,nominal,P1,False,D4b_master_data,False,False,False,0,0,0,95.84955592153871,0.6348444219329453,0.0,
125,nominal,P1,False,D4c_spc,False,False,False,0,0,0,95.84955592153871,0.6348444219329453,0.0,
125,nominal,P1,False,D4bc_process_aware,False,False,False,0,0,0,95.84955592153871,0.6348444219329453,0.0,
125,nominal,P1,False,FULL_D3+D4bc,False,False,False,0,0,0,95.84955592153871,0.6348444219329453,0.0,
126,nominal,P1,False,D0_none,False,False,False,0,0,0,95.84955592153871,0.6348444219329453,0.0,
126,nominal,P1,False,D3_safety_auth,False,False,False,0,0,0,95.84955592153871,0.6348444219329453,0.0,
126,nominal,P1,False,D4b_master_data,False,False,False,0,0,0,95.84955592153871,0.6348444219329453,0.0,
126,nominal,P1,False,D4c_spc,False,False,False,0,0,0,95.84955592153871,0.6348444219329453,0.0,
126,nominal,P1,False,D4bc_process_aware,False,False,False,0,0,0,95.84955592153871,0.6348444219329453,0.0,
126,nominal,P1,False,FULL_D3+D4bc,False,False,False,0,0,0,95.84955592153871,0.6348444219329453,0.0,
127,nominal,P3,False,D0_none,False,False,False,0,0,0,98.27795491975557,0.6235167893938096,0.0,
127,nominal,P3,False,D3_safety_auth,False,False,False,0,0,0,98.27795491975557,0.6235167893938096,0.0,
127,nominal,P3,False,D4b_master_data,False,False,False,0,0,0,98.27795491975557,0.6235167893938096,0.0,
127,nominal,P3,False,D4c_spc,False,False,False,0,0,0,98.27795491975557,0.6235167893938096,0.0,
127,nominal,P3,False,D4bc_process_aware,False,False,False,0,0,0,98.27795491975557,0.6235167893938096,0.0,
127,nominal,P3,False,FULL_D3+D4bc,False,False,False,0,0,0,98.27795491975557,0.6235167893938096,0.0,
128,nominal,P1,False,D0_none,False,False,False,0,0,0,95.84955592153871,0.6348444219329453,0.0,
128,nominal,P1,False,D3_safety_auth,False,False,False,0,0,0,95.84955592153871,0.6348444219329453,0.0,
128,nominal,P1,False,D4b_master_data,False,False,False,0,0,0,95.84955592153871,0.6348444219329453,0.0,
128,nominal,P1,False,D4c_spc,False,False,False,0,0,0,95.84955592153871,0.6348444219329453,0.0,
128,nominal,P1,False,D4bc_process_aware,False,False,False,0,0,0,95.84955592153871,0.6348444219329453,0.0,
128,nominal,P1,False,FULL_D3+D4bc,False,False,False,0,0,0,95.84955592153871,0.6348444219329453,0.0,
129,nominal,P1,False,D0_none,False,False,False,0,0,0,95.84955592153871,0.6348444219329453,0.0,
129,nominal,P1,False,D3_safety_auth,False,False,False,0,0,0,95.84955592153871,0.6348444219329453,0.0,
129,nominal,P1,False,D4b_master_data,False,False,False,0,0,0,95.84955592153871,0.6348444219329453,0.0,
129,nominal,P1,False,D4c_spc,False,False,False,0,0,0,95.84955592153871,0.6348444219329453,0.0,
129,nominal,P1,False,D4bc_process_aware,False,False,False,0,0,0,95.84955592153871,0.6348444219329453,0.0,
129,nominal,P1,False,FULL_D3+D4bc,False,False,False,0,0,0,95.84955592153871,0.6348444219329453,0.0,
130,nominal,P2,False,D0_none,False,False,False,0,0,0,73.37758040957277,0.6865527607803291,0.0,
130,nominal,P2,False,D3_safety_auth,False,False,False,0,0,0,73.37758040957277,0.6865527607803291,0.0,
130,nominal,P2,False,D4b_master_data,False,False,False,0,0,0,73.37758040957277,0.6865527607803291,0.0,
130,nominal,P2,False,D4c_spc,False,False,False,0,0,0,73.37758040957277,0.6865527607803291,0.0,
130,nominal,P2,False,D4bc_process_aware,False,False,False,0,0,0,73.37758040957277,0.6865527607803291,0.0,
130,nominal,P2,False,FULL_D3+D4bc,False,False,False,0,0,0,73.37758040957277,0.6865527607803291,0.0,
131,nominal,P1,False,D0_none,False,False,False,0,0,0,95.84955592153871,0.6348444219329453,0.0,
131,nominal,P1,False,D3_safety_auth,False,False,False,0,0,0,95.84955592153871,0.6348444219329453,0.0,
131,nominal,P1,False,D4b_master_data,False,False,False,0,0,0,95.84955592153871,0.6348444219329453,0.0,
131,nominal,P1,False,D4c_spc,False,False,False,0,0,0,95.84955592153871,0.6348444219329453,0.0,
131,nominal,P1,False,D4bc_process_aware,False,False,False,0,0,0,95.84955592153871,0.6348444219329453,0.0,
131,nominal,P1,False,FULL_D3+D4bc,False,False,False,0,0,0,95.84955592153871,0.6348444219329453,0.0,
132,nominal,P1,False,D0_none,False,False,False,0,0,0,95.84955592153871,0.6348444219329453,0.0,
132,nominal,P1,False,D3_safety_auth,False,False,False,0,0,0,95.84955592153871,0.6348444219329453,0.0,
132,nominal,P1,False,D4b_master_data,False,False,False,0,0,0,95.84955592153871,0.6348444219329453,0.0,
132,nominal,P1,False,D4c_spc,False,False,False,0,0,0,95.84955592153871,0.6348444219329453,0.0,
132,nominal,P1,False,D4bc_process_aware,False,False,False,0,0,0,95.84955592153871,0.6348444219329453,0.0,
132,nominal,P1,False,FULL_D3+D4bc,False,False,False,0,0,0,95.84955592153871,0.6348444219329453,0.0,
133,nominal,P2,False,D0_none,False,False,False,0,0,0,73.37758040957277,0.6865527607803291,0.0,
133,nominal,P2,False,D3_safety_auth,False,False,False,0,0,0,73.37758040957277,0.6865527607803291,0.0,
133,nominal,P2,False,D4b_master_data,False,False,False,0,0,0,73.37758040957277,0.6865527607803291,0.0,
133,nominal,P2,False,D4c_spc,False,False,False,0,0,0,73.37758040957277,0.6865527607803291,0.0,
133,nominal,P2,False,D4bc_process_aware,False,False,False,0,0,0,73.37758040957277,0.6865527607803291,0.0,
133,nominal,P2,False,FULL_D3+D4bc,False,False,False,0,0,0,73.37758040957277,0.6865527607803291,0.0,
134,nominal,P2,False,D0_none,False,False,False,0,0,0,73.37758040957277,0.6865527607803291,0.0,
134,nominal,P2,False,D3_safety_auth,False,False,False,0,0,0,73.37758040957277,0.6865527607803291,0.0,
134,nominal,P2,False,D4b_master_data,False,False,False,0,0,0,73.37758040957277,0.6865527607803291,0.0,
134,nominal,P2,False,D4c_spc,False,False,False,0,0,0,73.37758040957277,0.6865527607803291,0.0,
134,nominal,P2,False,D4bc_process_aware,False,False,False,0,0,0,73.37758040957277,0.6865527607803291,0.0,
134,nominal,P2,False,FULL_D3+D4bc,False,False,False,0,0,0,73.37758040957277,0.6865527607803291,0.0,
135,nominal,P2,False,D0_none,False,False,False,0,0,0,73.37758040957277,0.6865527607803291,0.0,
135,nominal,P2,False,D3_safety_auth,False,False,False,0,0,0,73.37758040957277,0.6865527607803291,0.0,
135,nominal,P2,False,D4b_master_data,False,False,False,0,0,0,73.37758040957277,0.6865527607803291,0.0,
135,nominal,P2,False,D4c_spc,False,False,False,0,0,0,73.37758040957277,0.6865527607803291,0.0,
135,nominal,P2,False,D4bc_process_aware,False,False,False,0,0,0,73.37758040957277,0.6865527607803291,0.0,
135,nominal,P2,False,FULL_D3+D4bc,False,False,False,0,0,0,73.37758040957277,0.6865527607803291,0.0,
136,nominal,P2,False,D0_none,False,False,False,0,0,0,73.37758040957277,0.6865527607803291,0.0,
136,nominal,P2,False,D3_safety_auth,False,False,False,0,0,0,73.37758040957277,0.6865527607803291,0.0,
136,nominal,P2,False,D4b_master_data,False,False,False,0,0,0,73.37758040957277,0.6865527607803291,0.0,
136,nominal,P2,False,D4c_spc,False,False,False,0,0,0,73.37758040957277,0.6865527607803291,0.0,
136,nominal,P2,False,D4bc_process_aware,False,False,False,0,0,0,73.37758040957277,0.6865527607803291,0.0,
136,nominal,P2,False,FULL_D3+D4bc,False,False,False,0,0,0,73.37758040957277,0.6865527607803291,0.0,
137,nominal,P3,False,D0_none,False,False,False,0,0,0,98.27795491975557,0.6235167893938096,0.0,
137,nominal,P3,False,D3_safety_auth,False,False,False,0,0,0,98.27795491975557,0.6235167893938096,0.0,
137,nominal,P3,False,D4b_master_data,False,False,False,0,0,0,98.27795491975557,0.6235167893938096,0.0,
137,nominal,P3,False,D4c_spc,False,False,False,0,0,0,98.27795491975557,0.6235167893938096,0.0,
137,nominal,P3,False,D4bc_process_aware,False,False,False,0,0,0,98.27795491975557,0.6235167893938096,0.0,
137,nominal,P3,False,FULL_D3+D4bc,False,False,False,0,0,0,98.27795491975557,0.6235167893938096,0.0,
138,nominal,P1,False,D0_none,False,False,False,0,0,0,95.84955592153871,0.6348444219329453,0.0,
138,nominal,P1,False,D3_safety_auth,False,False,False,0,0,0,95.84955592153871,0.6348444219329453,0.0,
138,nominal,P1,False,D4b_master_data,False,False,False,0,0,0,95.84955592153871,0.6348444219329453,0.0,
138,nominal,P1,False,D4c_spc,False,False,False,0,0,0,95.84955592153871,0.6348444219329453,0.0,
138,nominal,P1,False,D4bc_process_aware,False,False,False,0,0,0,95.84955592153871,0.6348444219329453,0.0,
138,nominal,P1,False,FULL_D3+D4bc,False,False,False,0,0,0,95.84955592153871,0.6348444219329453,0.0,
139,nominal,P2,False,D0_none,False,False,False,0,0,0,73.37758040957277,0.6865527607803291,0.0,
139,nominal,P2,False,D3_safety_auth,False,False,False,0,0,0,73.37758040957277,0.6865527607803291,0.0,
139,nominal,P2,False,D4b_master_data,False,False,False,0,0,0,73.37758040957277,0.6865527607803291,0.0,
139,nominal,P2,False,D4c_spc,False,False,False,0,0,0,73.37758040957277,0.6865527607803291,0.0,
139,nominal,P2,False,D4bc_process_aware,False,False,False,0,0,0,73.37758040957277,0.6865527607803291,0.0,
139,nominal,P2,False,FULL_D3+D4bc,False,False,False,0,0,0,73.37758040957277,0.6865527607803291,0.0,
140,nominal,P3,False,D0_none,False,False,False,0,0,0,98.27795491975557,0.6235167893938096,0.0,
140,nominal,P3,False,D3_safety_auth,False,False,False,0,0,0,98.27795491975557,0.6235167893938096,0.0,
140,nominal,P3,False,D4b_master_data,False,False,False,0,0,0,98.27795491975557,0.6235167893938096,0.0,
140,nominal,P3,False,D4c_spc,False,False,False,0,0,0,98.27795491975557,0.6235167893938096,0.0,
140,nominal,P3,False,D4bc_process_aware,False,False,False,0,0,0,98.27795491975557,0.6235167893938096,0.0,
140,nominal,P3,False,FULL_D3+D4bc,False,False,False,0,0,0,98.27795491975557,0.6235167893938096,0.0,
141,nominal,P2,False,D0_none,False,False,False,0,0,0,73.37758040957277,0.6865527607803291,0.0,
141,nominal,P2,False,D3_safety_auth,False,False,False,0,0,0,73.37758040957277,0.6865527607803291,0.0,
141,nominal,P2,False,D4b_master_data,False,False,False,0,0,0,73.37758040957277,0.6865527607803291,0.0,
141,nominal,P2,False,D4c_spc,False,False,False,0,0,0,73.37758040957277,0.6865527607803291,0.0,
141,nominal,P2,False,D4bc_process_aware,False,False,False,0,0,0,73.37758040957277,0.6865527607803291,0.0,
141,nominal,P2,False,FULL_D3+D4bc,False,False,False,0,0,0,73.37758040957277,0.6865527607803291,0.0,
142,nominal,P1,False,D0_none,False,False,False,1,0,0,95.84955592153871,0.6136829412018471,0.0,
142,nominal,P1,False,D3_safety_auth,False,False,False,1,0,0,95.84955592153871,0.6136829412018471,0.0,
142,nominal,P1,False,D4b_master_data,False,False,False,1,0,0,95.84955592153871,0.6136829412018471,0.0,
142,nominal,P1,False,D4c_spc,False,True,True,1,0,0,112.8495559215387,0.5212358782494247,17.0,
142,nominal,P1,False,D4bc_process_aware,False,True,True,1,0,0,112.8495559215387,0.5212358782494247,17.0,
142,nominal,P1,False,FULL_D3+D4bc,False,True,True,1,0,0,112.8495559215387,0.5212358782494247,17.0,
143,nominal,P1,False,D0_none,False,False,False,1,0,0,95.84955592153871,0.6136829412018471,0.0,
143,nominal,P1,False,D3_safety_auth,False,False,False,1,0,0,95.84955592153871,0.6136829412018471,0.0,
143,nominal,P1,False,D4b_master_data,False,False,False,1,0,0,95.84955592153871,0.6136829412018471,0.0,
143,nominal,P1,False,D4c_spc,False,True,True,1,0,0,112.84955592153871,0.5212358782494247,17.0,
143,nominal,P1,False,D4bc_process_aware,False,True,True,1,0,0,112.84955592153871,0.5212358782494247,17.0,
143,nominal,P1,False,FULL_D3+D4bc,False,True,True,1,0,0,112.84955592153871,0.5212358782494247,17.0,
144,nominal,P3,False,D0_none,False,False,False,0,0,0,98.27795491975557,0.6235167893938096,0.0,
144,nominal,P3,False,D3_safety_auth,False,False,False,0,0,0,98.27795491975557,0.6235167893938096,0.0,
144,nominal,P3,False,D4b_master_data,False,False,False,0,0,0,98.27795491975557,0.6235167893938096,0.0,
144,nominal,P3,False,D4c_spc,False,False,False,0,0,0,98.27795491975557,0.6235167893938096,0.0,
144,nominal,P3,False,D4bc_process_aware,False,False,False,0,0,0,98.27795491975557,0.6235167893938096,0.0,
144,nominal,P3,False,FULL_D3+D4bc,False,False,False,0,0,0,98.27795491975557,0.6235167893938096,0.0,
145,nominal,P2,False,D0_none,False,False,False,0,0,0,73.37758040957277,0.6865527607803291,0.0,
145,nominal,P2,False,D3_safety_auth,False,False,False,0,0,0,73.37758040957277,0.6865527607803291,0.0,
145,nominal,P2,False,D4b_master_data,False,False,False,0,0,0,73.37758040957277,0.6865527607803291,0.0,
145,nominal,P2,False,D4c_spc,False,False,False,0,0,0,73.37758040957277,0.6865527607803291,0.0,
145,nominal,P2,False,D4bc_process_aware,False,False,False,0,0,0,73.37758040957277,0.6865527607803291,0.0,
145,nominal,P2,False,FULL_D3+D4bc,False,False,False,0,0,0,73.37758040957277,0.6865527607803291,0.0,
146,nominal,P3,False,D0_none,False,False,False,0,0,0,98.27795491975557,0.6235167893938096,0.0,
146,nominal,P3,False,D3_safety_auth,False,False,False,0,0,0,98.27795491975557,0.6235167893938096,0.0,
146,nominal,P3,False,D4b_master_data,False,False,False,0,0,0,98.27795491975557,0.6235167893938096,0.0,
146,nominal,P3,False,D4c_spc,False,False,False,0,0,0,98.27795491975557,0.6235167893938096,0.0,
146,nominal,P3,False,D4bc_process_aware,False,False,False,0,0,0,98.27795491975557,0.6235167893938096,0.0,
146,nominal,P3,False,FULL_D3+D4bc,False,False,False,0,0,0,98.27795491975557,0.6235167893938096,0.0,
147,nominal,P3,False,D0_none,False,False,False,0,0,0,98.27795491975557,0.6235167893938096,0.0,
147,nominal,P3,False,D3_safety_auth,False,False,False,0,0,0,98.27795491975557,0.6235167893938096,0.0,
147,nominal,P3,False,D4b_master_data,False,False,False,0,0,0,98.27795491975557,0.6235167893938096,0.0,
147,nominal,P3,False,D4c_spc,False,False,False,0,0,0,98.27795491975557,0.6235167893938096,0.0,
147,nominal,P3,False,D4bc_process_aware,False,False,False,0,0,0,98.27795491975557,0.6235167893938096,0.0,
147,nominal,P3,False,FULL_D3+D4bc,False,False,False,0,0,0,98.27795491975557,0.6235167893938096,0.0,
148,nominal,P3,False,D0_none,False,False,False,1,0,0,98.27795491975557,0.602732896414016,0.0,
148,nominal,P3,False,D3_safety_auth,False,False,False,1,0,0,98.27795491975557,0.602732896414016,0.0,
148,nominal,P3,False,D4b_master_data,False,False,False,1,0,0,98.27795491975557,0.602732896414016,0.0,
148,nominal,P3,False,D4c_spc,False,False,False,1,0,0,98.27795491975557,0.602732896414016,0.0,
148,nominal,P3,False,D4bc_process_aware,False,False,False,1,0,0,98.27795491975557,0.602732896414016,0.0,
148,nominal,P3,False,FULL_D3+D4bc,False,False,False,1,0,0,98.27795491975557,0.602732896414016,0.0,
149,nominal,P2,False,D0_none,False,False,False,0,0,0,73.37758040957277,0.6865527607803291,0.0,
149,nominal,P2,False,D3_safety_auth,False,False,False,0,0,0,73.37758040957277,0.6865527607803291,0.0,
149,nominal,P2,False,D4b_master_data,False,False,False,0,0,0,73.37758040957277,0.6865527607803291,0.0,
149,nominal,P2,False,D4c_spc,False,False,False,0,0,0,73.37758040957277,0.6865527607803291,0.0,
149,nominal,P2,False,D4bc_process_aware,False,False,False,0,0,0,73.37758040957277,0.6865527607803291,0.0,
149,nominal,P2,False,FULL_D3+D4bc,False,False,False,0,0,0,73.37758040957277,0.6865527607803291,0.0,
150,nominal,P2,False,D0_none,False,False,False,0,0,0,73.37758040957277,0.6865527607803291,0.0,
150,nominal,P2,False,D3_safety_auth,False,False,False,0,0,0,73.37758040957277,0.6865527607803291,0.0,
150,nominal,P2,False,D4b_master_data,False,False,False,0,0,0,73.37758040957277,0.6865527607803291,0.0,
150,nominal,P2,False,D4c_spc,False,False,False,0,0,0,73.37758040957277,0.6865527607803291,0.0,
150,nominal,P2,False,D4bc_process_aware,False,False,False,0,0,0,73.37758040957277,0.6865527607803291,0.0,
150,nominal,P2,False,FULL_D3+D4bc,False,False,False,0,0,0,73.37758040957277,0.6865527607803291,0.0,
151,nominal,P3,False,D0_none,False,False,False,0,0,0,98.27795491975557,0.6235167893938096,0.0,
151,nominal,P3,False,D3_safety_auth,False,False,False,0,0,0,98.27795491975557,0.6235167893938096,0.0,
151,nominal,P3,False,D4b_master_data,False,False,False,0,0,0,98.27795491975557,0.6235167893938096,0.0,
151,nominal,P3,False,D4c_spc,False,False,False,0,0,0,98.27795491975557,0.6235167893938096,0.0,
151,nominal,P3,False,D4bc_process_aware,False,False,False,0,0,0,98.27795491975557,0.6235167893938096,0.0,
151,nominal,P3,False,FULL_D3+D4bc,False,False,False,0,0,0,98.27795491975557,0.6235167893938096,0.0,
152,nominal,P2,False,D0_none,False,False,False,1,0,0,73.37758040957277,0.6636676687543182,0.0,
152,nominal,P2,False,D3_safety_auth,False,False,False,1,0,0,73.37758040957277,0.6636676687543182,0.0,
152,nominal,P2,False,D4b_master_data,False,False,False,1,0,0,73.37758040957277,0.6636676687543182,0.0,
152,nominal,P2,False,D4c_spc,False,True,True,1,0,0,90.37758040957277,0.5388319482394062,17.0,
152,nominal,P2,False,D4bc_process_aware,False,True,True,1,0,0,90.37758040957277,0.5388319482394062,17.0,
152,nominal,P2,False,FULL_D3+D4bc,False,True,True,1,0,0,90.37758040957277,0.5388319482394062,17.0,
153,nominal,P3,False,D0_none,False,False,False,0,0,0,98.27795491975557,0.6235167893938096,0.0,
153,nominal,P3,False,D3_safety_auth,False,False,False,0,0,0,98.27795491975557,0.6235167893938096,0.0,
153,nominal,P3,False,D4b_master_data,False,False,False,0,0,0,98.27795491975557,0.6235167893938096,0.0,
153,nominal,P3,False,D4c_spc,False,False,False,0,0,0,98.27795491975557,0.6235167893938096,0.0,
153,nominal,P3,False,D4bc_process_aware,False,False,False,0,0,0,98.27795491975557,0.6235167893938096,0.0,
153,nominal,P3,False,FULL_D3+D4bc,False,False,False,0,0,0,98.27795491975557,0.6235167893938096,0.0,
154,nominal,P3,False,D0_none,False,False,False,1,0,0,98.27795491975557,0.602732896414016,0.0,
154,nominal,P3,False,D3_safety_auth,False,False,False,1,0,0,98.27795491975557,0.602732896414016,0.0,
154,nominal,P3,False,D4b_master_data,False,False,False,1,0,0,98.27795491975557,0.602732896414016,0.0,
154,nominal,P3,False,D4c_spc,False,False,False,1,0,0,98.27795491975557,0.602732896414016,0.0,
154,nominal,P3,False,D4bc_process_aware,False,False,False,1,0,0,98.27795491975557,0.602732896414016,0.0,
154,nominal,P3,False,FULL_D3+D4bc,False,False,False,1,0,0,98.27795491975557,0.602732896414016,0.0,
155,nominal,P1,False,D0_none,False,False,False,0,0,0,95.84955592153871,0.6348444219329453,0.0,
155,nominal,P1,False,D3_safety_auth,False,False,False,0,0,0,95.84955592153871,0.6348444219329453,0.0,
155,nominal,P1,False,D4b_master_data,False,False,False,0,0,0,95.84955592153871,0.6348444219329453,0.0,
155,nominal,P1,False,D4c_spc,False,False,False,0,0,0,95.84955592153871,0.6348444219329453,0.0,
155,nominal,P1,False,D4bc_process_aware,False,False,False,0,0,0,95.84955592153871,0.6348444219329453,0.0,
155,nominal,P1,False,FULL_D3+D4bc,False,False,False,0,0,0,95.84955592153871,0.6348444219329453,0.0,
156,nominal,P3,False,D0_none,False,False,False,0,0,0,98.27795491975557,0.6235167893938096,0.0,
156,nominal,P3,False,D3_safety_auth,False,False,False,0,0,0,98.27795491975557,0.6235167893938096,0.0,
156,nominal,P3,False,D4b_master_data,False,False,False,0,0,0,98.27795491975557,0.6235167893938096,0.0,
156,nominal,P3,False,D4c_spc,False,False,False,0,0,0,98.27795491975557,0.6235167893938096,0.0,
156,nominal,P3,False,D4bc_process_aware,False,False,False,0,0,0,98.27795491975557,0.6235167893938096,0.0,
156,nominal,P3,False,FULL_D3+D4bc,False,False,False,0,0,0,98.27795491975557,0.6235167893938096,0.0,
157,nominal,P1,False,D0_none,False,False,False,0,0,0,95.84955592153871,0.6348444219329453,0.0,
157,nominal,P1,False,D3_safety_auth,False,False,False,0,0,0,95.84955592153871,0.6348444219329453,0.0,
157,nominal,P1,False,D4b_master_data,False,False,False,0,0,0,95.84955592153871,0.6348444219329453,0.0,
157,nominal,P1,False,D4c_spc,False,False,False,0,0,0,95.84955592153871,0.6348444219329453,0.0,
157,nominal,P1,False,D4bc_process_aware,False,False,False,0,0,0,95.84955592153871,0.6348444219329453,0.0,
157,nominal,P1,False,FULL_D3+D4bc,False,False,False,0,0,0,95.84955592153871,0.6348444219329453,0.0,
158,nominal,P1,False,D0_none,False,False,False,0,0,0,95.84955592153871,0.6348444219329453,0.0,
158,nominal,P1,False,D3_safety_auth,False,False,False,0,0,0,95.84955592153871,0.6348444219329453,0.0,
158,nominal,P1,False,D4b_master_data,False,False,False,0,0,0,95.84955592153871,0.6348444219329453,0.0,
158,nominal,P1,False,D4c_spc,False,False,False,0,0,0,95.84955592153871,0.6348444219329453,0.0,
158,nominal,P1,False,D4bc_process_aware,False,False,False,0,0,0,95.84955592153871,0.6348444219329453,0.0,
158,nominal,P1,False,FULL_D3+D4bc,False,False,False,0,0,0,95.84955592153871,0.6348444219329453,0.0,
159,nominal,P2,False,D0_none,False,False,False,0,0,0,73.37758040957277,0.6865527607803291,0.0,
159,nominal,P2,False,D3_safety_auth,False,False,False,0,0,0,73.37758040957277,0.6865527607803291,0.0,
159,nominal,P2,False,D4b_master_data,False,False,False,0,0,0,73.37758040957277,0.6865527607803291,0.0,
159,nominal,P2,False,D4c_spc,False,False,False,0,0,0,73.37758040957277,0.6865527607803291,0.0,
159,nominal,P2,False,D4bc_process_aware,False,False,False,0,0,0,73.37758040957277,0.6865527607803291,0.0,
159,nominal,P2,False,FULL_D3+D4bc,False,False,False,0,0,0,73.37758040957277,0.6865527607803291,0.0,
160,nominal,P2,False,D0_none,False,False,False,0,0,0,73.37758040957277,0.6865527607803291,0.0,
160,nominal,P2,False,D3_safety_auth,False,False,False,0,0,0,73.37758040957277,0.6865527607803291,0.0,
160,nominal,P2,False,D4b_master_data,False,False,False,0,0,0,73.37758040957277,0.6865527607803291,0.0,
160,nominal,P2,False,D4c_spc,False,False,False,0,0,0,73.37758040957277,0.6865527607803291,0.0,
160,nominal,P2,False,D4bc_process_aware,False,False,False,0,0,0,73.37758040957277,0.6865527607803291,0.0,
160,nominal,P2,False,FULL_D3+D4bc,False,False,False,0,0,0,73.37758040957277,0.6865527607803291,0.0,
161,nominal,P3,False,D0_none,False,False,False,1,0,0,98.27795491975557,0.602732896414016,0.0,
161,nominal,P3,False,D3_safety_auth,False,False,False,1,0,0,98.27795491975557,0.602732896414016,0.0,
161,nominal,P3,False,D4b_master_data,False,False,False,1,0,0,98.27795491975557,0.602732896414016,0.0,
161,nominal,P3,False,D4c_spc,False,False,False,1,0,0,98.27795491975557,0.602732896414016,0.0,
161,nominal,P3,False,D4bc_process_aware,False,False,False,1,0,0,98.27795491975557,0.602732896414016,0.0,
161,nominal,P3,False,FULL_D3+D4bc,False,False,False,1,0,0,98.27795491975557,0.602732896414016,0.0,
162,nominal,P1,False,D0_none,False,False,False,0,0,0,95.84955592153871,0.6348444219329453,0.0,
162,nominal,P1,False,D3_safety_auth,False,False,False,0,0,0,95.84955592153871,0.6348444219329453,0.0,
162,nominal,P1,False,D4b_master_data,False,False,False,0,0,0,95.84955592153871,0.6348444219329453,0.0,
162,nominal,P1,False,D4c_spc,False,False,False,0,0,0,95.84955592153871,0.6348444219329453,0.0,
162,nominal,P1,False,D4bc_process_aware,False,False,False,0,0,0,95.84955592153871,0.6348444219329453,0.0,
162,nominal,P1,False,FULL_D3+D4bc,False,False,False,0,0,0,95.84955592153871,0.6348444219329453,0.0,
163,nominal,P3,False,D0_none,False,False,False,0,0,0,98.27795491975557,0.6235167893938096,0.0,
163,nominal,P3,False,D3_safety_auth,False,False,False,0,0,0,98.27795491975557,0.6235167893938096,0.0,
163,nominal,P3,False,D4b_master_data,False,False,False,0,0,0,98.27795491975557,0.6235167893938096,0.0,
163,nominal,P3,False,D4c_spc,False,False,False,0,0,0,98.27795491975557,0.6235167893938096,0.0,
163,nominal,P3,False,D4bc_process_aware,False,False,False,0,0,0,98.27795491975557,0.6235167893938096,0.0,
163,nominal,P3,False,FULL_D3+D4bc,False,False,False,0,0,0,98.27795491975557,0.6235167893938096,0.0,
164,nominal,P1,False,D0_none,False,False,False,0,0,0,95.84955592153871,0.6348444219329453,0.0,
164,nominal,P1,False,D3_safety_auth,False,False,False,0,0,0,95.84955592153871,0.6348444219329453,0.0,
164,nominal,P1,False,D4b_master_data,False,False,False,0,0,0,95.84955592153871,0.6348444219329453,0.0,
164,nominal,P1,False,D4c_spc,False,False,False,0,0,0,95.84955592153871,0.6348444219329453,0.0,
164,nominal,P1,False,D4bc_process_aware,False,False,False,0,0,0,95.84955592153871,0.6348444219329453,0.0,
164,nominal,P1,False,FULL_D3+D4bc,False,False,False,0,0,0,95.84955592153871,0.6348444219329453,0.0,
165,nominal,P3,False,D0_none,False,False,False,0,0,0,98.27795491975557,0.6235167893938096,0.0,
165,nominal,P3,False,D3_safety_auth,False,False,False,0,0,0,98.27795491975557,0.6235167893938096,0.0,
165,nominal,P3,False,D4b_master_data,False,False,False,0,0,0,98.27795491975557,0.6235167893938096,0.0,
165,nominal,P3,False,D4c_spc,False,False,False,0,0,0,98.27795491975557,0.6235167893938096,0.0,
165,nominal,P3,False,D4bc_process_aware,False,False,False,0,0,0,98.27795491975557,0.6235167893938096,0.0,
165,nominal,P3,False,FULL_D3+D4bc,False,False,False,0,0,0,98.27795491975557,0.6235167893938096,0.0,
166,nominal,P2,False,D0_none,False,False,False,0,0,0,73.37758040957277,0.6865527607803291,0.0,
166,nominal,P2,False,D3_safety_auth,False,False,False,0,0,0,73.37758040957277,0.6865527607803291,0.0,
166,nominal,P2,False,D4b_master_data,False,False,False,0,0,0,73.37758040957277,0.6865527607803291,0.0,
166,nominal,P2,False,D4c_spc,False,False,False,0,0,0,73.37758040957277,0.6865527607803291,0.0,
166,nominal,P2,False,D4bc_process_aware,False,False,False,0,0,0,73.37758040957277,0.6865527607803291,0.0,
166,nominal,P2,False,FULL_D3+D4bc,False,False,False,0,0,0,73.37758040957277,0.6865527607803291,0.0,
167,nominal,P2,False,D0_none,False,False,False,1,0,0,73.37758040957277,0.6636676687543182,0.0,
167,nominal,P2,False,D3_safety_auth,False,False,False,1,0,0,73.37758040957277,0.6636676687543182,0.0,
167,nominal,P2,False,D4b_master_data,False,False,False,1,0,0,73.37758040957277,0.6636676687543182,0.0,
167,nominal,P2,False,D4c_spc,False,True,True,1,0,0,90.37758040957277,0.5388319482394062,17.0,
167,nominal,P2,False,D4bc_process_aware,False,True,True,1,0,0,90.37758040957277,0.5388319482394062,17.0,
167,nominal,P2,False,FULL_D3+D4bc,False,True,True,1,0,0,90.37758040957277,0.5388319482394062,17.0,
168,nominal,P2,False,D0_none,False,False,False,0,0,0,73.37758040957277,0.6865527607803291,0.0,
168,nominal,P2,False,D3_safety_auth,False,False,False,0,0,0,73.37758040957277,0.6865527607803291,0.0,
168,nominal,P2,False,D4b_master_data,False,False,False,0,0,0,73.37758040957277,0.6865527607803291,0.0,
168,nominal,P2,False,D4c_spc,False,False,False,0,0,0,73.37758040957277,0.6865527607803291,0.0,
168,nominal,P2,False,D4bc_process_aware,False,False,False,0,0,0,73.37758040957277,0.6865527607803291,0.0,
168,nominal,P2,False,FULL_D3+D4bc,False,False,False,0,0,0,73.37758040957277,0.6865527607803291,0.0,
169,nominal,P1,False,D0_none,False,False,False,1,0,0,95.84955592153871,0.6136829412018471,0.0,
169,nominal,P1,False,D3_safety_auth,False,False,False,1,0,0,95.84955592153871,0.6136829412018471,0.0,
169,nominal,P1,False,D4b_master_data,False,False,False,1,0,0,95.84955592153871,0.6136829412018471,0.0,
169,nominal,P1,False,D4c_spc,False,True,True,1,0,0,112.84955592153871,0.5212358782494247,17.0,
169,nominal,P1,False,D4bc_process_aware,False,True,True,1,0,0,112.84955592153871,0.5212358782494247,17.0,
169,nominal,P1,False,FULL_D3+D4bc,False,True,True,1,0,0,112.84955592153871,0.5212358782494247,17.0,
170,nominal,P1,False,D0_none,False,False,False,0,0,0,95.84955592153871,0.6348444219329453,0.0,
170,nominal,P1,False,D3_safety_auth,False,False,False,0,0,0,95.84955592153871,0.6348444219329453,0.0,
170,nominal,P1,False,D4b_master_data,False,False,False,0,0,0,95.84955592153871,0.6348444219329453,0.0,
170,nominal,P1,False,D4c_spc,False,False,False,0,0,0,95.84955592153871,0.6348444219329453,0.0,
170,nominal,P1,False,D4bc_process_aware,False,False,False,0,0,0,95.84955592153871,0.6348444219329453,0.0,
170,nominal,P1,False,FULL_D3+D4bc,False,False,False,0,0,0,95.84955592153871,0.6348444219329453,0.0,
171,nominal,P3,False,D0_none,False,False,False,0,0,0,98.27795491975557,0.6235167893938096,0.0,
171,nominal,P3,False,D3_safety_auth,False,False,False,0,0,0,98.27795491975557,0.6235167893938096,0.0,
171,nominal,P3,False,D4b_master_data,False,False,False,0,0,0,98.27795491975557,0.6235167893938096,0.0,
171,nominal,P3,False,D4c_spc,False,False,False,0,0,0,98.27795491975557,0.6235167893938096,0.0,
171,nominal,P3,False,D4bc_process_aware,False,False,False,0,0,0,98.27795491975557,0.6235167893938096,0.0,
171,nominal,P3,False,FULL_D3+D4bc,False,False,False,0,0,0,98.27795491975557,0.6235167893938096,0.0,
172,nominal,P1,False,D0_none,False,False,False,0,0,0,95.84955592153871,0.6348444219329453,0.0,
172,nominal,P1,False,D3_safety_auth,False,False,False,0,0,0,95.84955592153871,0.6348444219329453,0.0,
172,nominal,P1,False,D4b_master_data,False,False,False,0,0,0,95.84955592153871,0.6348444219329453,0.0,
172,nominal,P1,False,D4c_spc,False,False,False,0,0,0,95.84955592153871,0.6348444219329453,0.0,
172,nominal,P1,False,D4bc_process_aware,False,False,False,0,0,0,95.84955592153871,0.6348444219329453,0.0,
172,nominal,P1,False,FULL_D3+D4bc,False,False,False,0,0,0,95.84955592153871,0.6348444219329453,0.0,
173,nominal,P3,False,D0_none,False,False,False,0,0,0,98.27795491975557,0.6235167893938096,0.0,
173,nominal,P3,False,D3_safety_auth,False,False,False,0,0,0,98.27795491975557,0.6235167893938096,0.0,
173,nominal,P3,False,D4b_master_data,False,False,False,0,0,0,98.27795491975557,0.6235167893938096,0.0,
173,nominal,P3,False,D4c_spc,False,False,False,0,0,0,98.27795491975557,0.6235167893938096,0.0,
173,nominal,P3,False,D4bc_process_aware,False,False,False,0,0,0,98.27795491975557,0.6235167893938096,0.0,
173,nominal,P3,False,FULL_D3+D4bc,False,False,False,0,0,0,98.27795491975557,0.6235167893938096,0.0,
174,nominal,P1,False,D0_none,False,False,False,0,0,0,95.84955592153871,0.6348444219329453,0.0,
174,nominal,P1,False,D3_safety_auth,False,False,False,0,0,0,95.84955592153871,0.6348444219329453,0.0,
174,nominal,P1,False,D4b_master_data,False,False,False,0,0,0,95.84955592153871,0.6348444219329453,0.0,
174,nominal,P1,False,D4c_spc,False,False,False,0,0,0,95.84955592153871,0.6348444219329453,0.0,
174,nominal,P1,False,D4bc_process_aware,False,False,False,0,0,0,95.84955592153871,0.6348444219329453,0.0,
174,nominal,P1,False,FULL_D3+D4bc,False,False,False,0,0,0,95.84955592153871,0.6348444219329453,0.0,
175,nominal,P1,False,D0_none,False,False,False,0,0,0,95.84955592153871,0.6348444219329453,0.0,
175,nominal,P1,False,D3_safety_auth,False,False,False,0,0,0,95.84955592153871,0.6348444219329453,0.0,
175,nominal,P1,False,D4b_master_data,False,False,False,0,0,0,95.84955592153871,0.6348444219329453,0.0,
175,nominal,P1,False,D4c_spc,False,False,False,0,0,0,95.84955592153871,0.6348444219329453,0.0,
175,nominal,P1,False,D4bc_process_aware,False,False,False,0,0,0,95.84955592153871,0.6348444219329453,0.0,
175,nominal,P1,False,FULL_D3+D4bc,False,False,False,0,0,0,95.84955592153871,0.6348444219329453,0.0,
176,nominal,P1,False,D0_none,False,False,False,0,0,0,95.84955592153871,0.6348444219329453,0.0,
176,nominal,P1,False,D3_safety_auth,False,False,False,0,0,0,95.84955592153871,0.6348444219329453,0.0,
176,nominal,P1,False,D4b_master_data,False,False,False,0,0,0,95.84955592153871,0.6348444219329453,0.0,
176,nominal,P1,False,D4c_spc,False,False,False,0,0,0,95.84955592153871,0.6348444219329453,0.0,
176,nominal,P1,False,D4bc_process_aware,False,False,False,0,0,0,95.84955592153871,0.6348444219329453,0.0,
176,nominal,P1,False,FULL_D3+D4bc,False,False,False,0,0,0,95.84955592153871,0.6348444219329453,0.0,
177,nominal,P3,False,D0_none,False,False,False,0,0,0,98.27795491975557,0.6235167893938096,0.0,
177,nominal,P3,False,D3_safety_auth,False,False,False,0,0,0,98.27795491975557,0.6235167893938096,0.0,
177,nominal,P3,False,D4b_master_data,False,False,False,0,0,0,98.27795491975557,0.6235167893938096,0.0,
177,nominal,P3,False,D4c_spc,False,False,False,0,0,0,98.27795491975557,0.6235167893938096,0.0,
177,nominal,P3,False,D4bc_process_aware,False,False,False,0,0,0,98.27795491975557,0.6235167893938096,0.0,
177,nominal,P3,False,FULL_D3+D4bc,False,False,False,0,0,0,98.27795491975557,0.6235167893938096,0.0,
178,nominal,P1,False,D0_none,False,False,False,0,0,0,95.84955592153871,0.6348444219329453,0.0,
178,nominal,P1,False,D3_safety_auth,False,False,False,0,0,0,95.84955592153871,0.6348444219329453,0.0,
178,nominal,P1,False,D4b_master_data,False,False,False,0,0,0,95.84955592153871,0.6348444219329453,0.0,
178,nominal,P1,False,D4c_spc,False,False,False,0,0,0,95.84955592153871,0.6348444219329453,0.0,
178,nominal,P1,False,D4bc_process_aware,False,False,False,0,0,0,95.84955592153871,0.6348444219329453,0.0,
178,nominal,P1,False,FULL_D3+D4bc,False,False,False,0,0,0,95.84955592153871,0.6348444219329453,0.0,
179,nominal,P3,False,D0_none,False,False,False,0,0,0,98.27795491975557,0.6235167893938096,0.0,
179,nominal,P3,False,D3_safety_auth,False,False,False,0,0,0,98.27795491975557,0.6235167893938096,0.0,
179,nominal,P3,False,D4b_master_data,False,False,False,0,0,0,98.27795491975557,0.6235167893938096,0.0,
179,nominal,P3,False,D4c_spc,False,False,False,0,0,0,98.27795491975557,0.6235167893938096,0.0,
179,nominal,P3,False,D4bc_process_aware,False,False,False,0,0,0,98.27795491975557,0.6235167893938096,0.0,
179,nominal,P3,False,FULL_D3+D4bc,False,False,False,0,0,0,98.27795491975557,0.6235167893938096,0.0,
180,nominal,P1,False,D0_none,False,False,False,0,0,0,95.84955592153871,0.6348444219329453,0.0,
180,nominal,P1,False,D3_safety_auth,False,False,False,0,0,0,95.84955592153871,0.6348444219329453,0.0,
180,nominal,P1,False,D4b_master_data,False,False,False,0,0,0,95.84955592153871,0.6348444219329453,0.0,
180,nominal,P1,False,D4c_spc,False,False,False,0,0,0,95.84955592153871,0.6348444219329453,0.0,
180,nominal,P1,False,D4bc_process_aware,False,False,False,0,0,0,95.84955592153871,0.6348444219329453,0.0,
180,nominal,P1,False,FULL_D3+D4bc,False,False,False,0,0,0,95.84955592153871,0.6348444219329453,0.0,
181,nominal,P2,False,D0_none,False,False,False,0,0,0,73.37758040957277,0.6865527607803291,0.0,
181,nominal,P2,False,D3_safety_auth,False,False,False,0,0,0,73.37758040957277,0.6865527607803291,0.0,
181,nominal,P2,False,D4b_master_data,False,False,False,0,0,0,73.37758040957277,0.6865527607803291,0.0,
181,nominal,P2,False,D4c_spc,False,False,False,0,0,0,73.37758040957277,0.6865527607803291,0.0,
181,nominal,P2,False,D4bc_process_aware,False,False,False,0,0,0,73.37758040957277,0.6865527607803291,0.0,
181,nominal,P2,False,FULL_D3+D4bc,False,False,False,0,0,0,73.37758040957277,0.6865527607803291,0.0,
182,nominal,P1,False,D0_none,False,False,False,0,0,0,95.84955592153871,0.6348444219329453,0.0,
182,nominal,P1,False,D3_safety_auth,False,False,False,0,0,0,95.84955592153871,0.6348444219329453,0.0,
182,nominal,P1,False,D4b_master_data,False,False,False,0,0,0,95.84955592153871,0.6348444219329453,0.0,
182,nominal,P1,False,D4c_spc,False,False,False,0,0,0,95.84955592153871,0.6348444219329453,0.0,
182,nominal,P1,False,D4bc_process_aware,False,False,False,0,0,0,95.84955592153871,0.6348444219329453,0.0,
182,nominal,P1,False,FULL_D3+D4bc,False,False,False,0,0,0,95.84955592153871,0.6348444219329453,0.0,
183,nominal,P1,False,D0_none,False,False,False,0,0,0,95.84955592153871,0.6348444219329453,0.0,
183,nominal,P1,False,D3_safety_auth,False,False,False,0,0,0,95.84955592153871,0.6348444219329453,0.0,
183,nominal,P1,False,D4b_master_data,False,False,False,0,0,0,95.84955592153871,0.6348444219329453,0.0,
183,nominal,P1,False,D4c_spc,False,False,False,0,0,0,95.84955592153871,0.6348444219329453,0.0,
183,nominal,P1,False,D4bc_process_aware,False,False,False,0,0,0,95.84955592153871,0.6348444219329453,0.0,
183,nominal,P1,False,FULL_D3+D4bc,False,False,False,0,0,0,95.84955592153871,0.6348444219329453,0.0,
184,nominal,P2,False,D0_none,False,False,False,0,0,0,73.37758040957277,0.6865527607803291,0.0,
184,nominal,P2,False,D3_safety_auth,False,False,False,0,0,0,73.37758040957277,0.6865527607803291,0.0,
184,nominal,P2,False,D4b_master_data,False,False,False,0,0,0,73.37758040957277,0.6865527607803291,0.0,
184,nominal,P2,False,D4c_spc,False,False,False,0,0,0,73.37758040957277,0.6865527607803291,0.0,
184,nominal,P2,False,D4bc_process_aware,False,False,False,0,0,0,73.37758040957277,0.6865527607803291,0.0,
184,nominal,P2,False,FULL_D3+D4bc,False,False,False,0,0,0,73.37758040957277,0.6865527607803291,0.0,
185,nominal,P2,False,D0_none,False,False,False,0,0,0,73.37758040957277,0.6865527607803291,0.0,
185,nominal,P2,False,D3_safety_auth,False,False,False,0,0,0,73.37758040957277,0.6865527607803291,0.0,
185,nominal,P2,False,D4b_master_data,False,False,False,0,0,0,73.37758040957277,0.6865527607803291,0.0,
185,nominal,P2,False,D4c_spc,False,False,False,0,0,0,73.37758040957277,0.6865527607803291,0.0,
185,nominal,P2,False,D4bc_process_aware,False,False,False,0,0,0,73.37758040957277,0.6865527607803291,0.0,
185,nominal,P2,False,FULL_D3+D4bc,False,False,False,0,0,0,73.37758040957277,0.6865527607803291,0.0,
186,nominal,P3,False,D0_none,False,False,False,1,0,0,98.27795491975557,0.602732896414016,0.0,
186,nominal,P3,False,D3_safety_auth,False,False,False,1,0,0,98.27795491975557,0.602732896414016,0.0,
186,nominal,P3,False,D4b_master_data,False,False,False,1,0,0,98.27795491975557,0.602732896414016,0.0,
186,nominal,P3,False,D4c_spc,False,False,False,1,0,0,98.27795491975557,0.602732896414016,0.0,
186,nominal,P3,False,D4bc_process_aware,False,False,False,1,0,0,98.27795491975557,0.602732896414016,0.0,
186,nominal,P3,False,FULL_D3+D4bc,False,False,False,1,0,0,98.27795491975557,0.602732896414016,0.0,
187,nominal,P2,False,D0_none,False,False,False,0,0,0,73.37758040957277,0.6865527607803291,0.0,
187,nominal,P2,False,D3_safety_auth,False,False,False,0,0,0,73.37758040957277,0.6865527607803291,0.0,
187,nominal,P2,False,D4b_master_data,False,False,False,0,0,0,73.37758040957277,0.6865527607803291,0.0,
187,nominal,P2,False,D4c_spc,False,False,False,0,0,0,73.37758040957277,0.6865527607803291,0.0,
187,nominal,P2,False,D4bc_process_aware,False,False,False,0,0,0,73.37758040957277,0.6865527607803291,0.0,
187,nominal,P2,False,FULL_D3+D4bc,False,False,False,0,0,0,73.37758040957277,0.6865527607803291,0.0,
188,nominal,P3,False,D0_none,False,False,False,0,0,0,98.27795491975557,0.6235167893938096,0.0,
188,nominal,P3,False,D3_safety_auth,False,False,False,0,0,0,98.27795491975557,0.6235167893938096,0.0,
188,nominal,P3,False,D4b_master_data,False,False,False,0,0,0,98.27795491975557,0.6235167893938096,0.0,
188,nominal,P3,False,D4c_spc,False,False,False,0,0,0,98.27795491975557,0.6235167893938096,0.0,
188,nominal,P3,False,D4bc_process_aware,False,False,False,0,0,0,98.27795491975557,0.6235167893938096,0.0,
188,nominal,P3,False,FULL_D3+D4bc,False,False,False,0,0,0,98.27795491975557,0.6235167893938096,0.0,
189,nominal,P3,False,D0_none,False,False,False,0,0,0,98.27795491975557,0.6235167893938096,0.0,
189,nominal,P3,False,D3_safety_auth,False,False,False,0,0,0,98.27795491975557,0.6235167893938096,0.0,
189,nominal,P3,False,D4b_master_data,False,False,False,0,0,0,98.27795491975557,0.6235167893938096,0.0,
189,nominal,P3,False,D4c_spc,False,False,False,0,0,0,98.27795491975557,0.6235167893938096,0.0,
189,nominal,P3,False,D4bc_process_aware,False,False,False,0,0,0,98.27795491975557,0.6235167893938096,0.0,
189,nominal,P3,False,FULL_D3+D4bc,False,False,False,0,0,0,98.27795491975557,0.6235167893938096,0.0,
190,nominal,P2,False,D0_none,False,False,False,0,0,0,73.37758040957277,0.6865527607803291,0.0,
190,nominal,P2,False,D3_safety_auth,False,False,False,0,0,0,73.37758040957277,0.6865527607803291,0.0,
190,nominal,P2,False,D4b_master_data,False,False,False,0,0,0,73.37758040957277,0.6865527607803291,0.0,
190,nominal,P2,False,D4c_spc,False,False,False,0,0,0,73.37758040957277,0.6865527607803291,0.0,
190,nominal,P2,False,D4bc_process_aware,False,False,False,0,0,0,73.37758040957277,0.6865527607803291,0.0,
190,nominal,P2,False,FULL_D3+D4bc,False,False,False,0,0,0,73.37758040957277,0.6865527607803291,0.0,
191,nominal,P3,False,D0_none,False,False,False,0,0,0,98.27795491975557,0.6235167893938096,0.0,
191,nominal,P3,False,D3_safety_auth,False,False,False,0,0,0,98.27795491975557,0.6235167893938096,0.0,
191,nominal,P3,False,D4b_master_data,False,False,False,0,0,0,98.27795491975557,0.6235167893938096,0.0,
191,nominal,P3,False,D4c_spc,False,False,False,0,0,0,98.27795491975557,0.6235167893938096,0.0,
191,nominal,P3,False,D4bc_process_aware,False,False,False,0,0,0,98.27795491975557,0.6235167893938096,0.0,
191,nominal,P3,False,FULL_D3+D4bc,False,False,False,0,0,0,98.27795491975557,0.6235167893938096,0.0,
192,nominal,P1,False,D0_none,False,False,False,0,0,0,95.84955592153871,0.6348444219329453,0.0,
192,nominal,P1,False,D3_safety_auth,False,False,False,0,0,0,95.84955592153871,0.6348444219329453,0.0,
192,nominal,P1,False,D4b_master_data,False,False,False,0,0,0,95.84955592153871,0.6348444219329453,0.0,
192,nominal,P1,False,D4c_spc,False,False,False,0,0,0,95.84955592153871,0.6348444219329453,0.0,
192,nominal,P1,False,D4bc_process_aware,False,False,False,0,0,0,95.84955592153871,0.6348444219329453,0.0,
192,nominal,P1,False,FULL_D3+D4bc,False,False,False,0,0,0,95.84955592153871,0.6348444219329453,0.0,
193,nominal,P1,False,D0_none,False,False,False,0,0,0,95.84955592153871,0.6348444219329453,0.0,
193,nominal,P1,False,D3_safety_auth,False,False,False,0,0,0,95.84955592153871,0.6348444219329453,0.0,
193,nominal,P1,False,D4b_master_data,False,False,False,0,0,0,95.84955592153871,0.6348444219329453,0.0,
193,nominal,P1,False,D4c_spc,False,False,False,0,0,0,95.84955592153871,0.6348444219329453,0.0,
193,nominal,P1,False,D4bc_process_aware,False,False,False,0,0,0,95.84955592153871,0.6348444219329453,0.0,
193,nominal,P1,False,FULL_D3+D4bc,False,False,False,0,0,0,95.84955592153871,0.6348444219329453,0.0,
194,nominal,P3,False,D0_none,False,False,False,0,0,0,98.27795491975557,0.6235167893938096,0.0,
194,nominal,P3,False,D3_safety_auth,False,False,False,0,0,0,98.27795491975557,0.6235167893938096,0.0,
194,nominal,P3,False,D4b_master_data,False,False,False,0,0,0,98.27795491975557,0.6235167893938096,0.0,
194,nominal,P3,False,D4c_spc,False,True,False,0,0,0,115.27795491975562,0.5315669848793797,17.0,
194,nominal,P3,False,D4bc_process_aware,False,True,False,0,0,0,115.27795491975562,0.5315669848793797,17.0,
194,nominal,P3,False,FULL_D3+D4bc,False,True,False,0,0,0,115.27795491975562,0.5315669848793797,17.0,
195,nominal,P3,False,D0_none,False,False,False,1,0,0,98.27795491975557,0.602732896414016,0.0,
195,nominal,P3,False,D3_safety_auth,False,False,False,1,0,0,98.27795491975557,0.602732896414016,0.0,
195,nominal,P3,False,D4b_master_data,False,False,False,1,0,0,98.27795491975557,0.602732896414016,0.0,
195,nominal,P3,False,D4c_spc,False,True,True,1,0,0,113.27795491975562,0.522920425817996,17.0,
195,nominal,P3,False,D4bc_process_aware,False,True,True,1,0,0,113.27795491975562,0.522920425817996,17.0,
195,nominal,P3,False,FULL_D3+D4bc,False,True,True,1,0,0,113.27795491975562,0.522920425817996,17.0,
196,nominal,P3,False,D0_none,False,False,False,0,0,0,98.27795491975557,0.6235167893938096,0.0,
196,nominal,P3,False,D3_safety_auth,False,False,False,0,0,0,98.27795491975557,0.6235167893938096,0.0,
196,nominal,P3,False,D4b_master_data,False,False,False,0,0,0,98.27795491975557,0.6235167893938096,0.0,
196,nominal,P3,False,D4c_spc,False,False,False,0,0,0,98.27795491975557,0.6235167893938096,0.0,
196,nominal,P3,False,D4bc_process_aware,False,False,False,0,0,0,98.27795491975557,0.6235167893938096,0.0,
196,nominal,P3,False,FULL_D3+D4bc,False,False,False,0,0,0,98.27795491975557,0.6235167893938096,0.0,
197,nominal,P1,False,D0_none,False,False,False,0,0,0,95.84955592153871,0.6348444219329453,0.0,
197,nominal,P1,False,D3_safety_auth,False,False,False,0,0,0,95.84955592153871,0.6348444219329453,0.0,
197,nominal,P1,False,D4b_master_data,False,False,False,0,0,0,95.84955592153871,0.6348444219329453,0.0,
197,nominal,P1,False,D4c_spc,False,False,False,0,0,0,95.84955592153871,0.6348444219329453,0.0,
197,nominal,P1,False,D4bc_process_aware,False,False,False,0,0,0,95.84955592153871,0.6348444219329453,0.0,
197,nominal,P1,False,FULL_D3+D4bc,False,False,False,0,0,0,95.84955592153871,0.6348444219329453,0.0,
198,nominal,P3,False,D0_none,False,False,False,0,0,0,98.27795491975557,0.6235167893938096,0.0,
198,nominal,P3,False,D3_safety_auth,False,False,False,0,0,0,98.27795491975557,0.6235167893938096,0.0,
198,nominal,P3,False,D4b_master_data,False,False,False,0,0,0,98.27795491975557,0.6235167893938096,0.0,
198,nominal,P3,False,D4c_spc,False,False,False,0,0,0,98.27795491975557,0.6235167893938096,0.0,
198,nominal,P3,False,D4bc_process_aware,False,False,False,0,0,0,98.27795491975557,0.6235167893938096,0.0,
198,nominal,P3,False,FULL_D3+D4bc,False,False,False,0,0,0,98.27795491975557,0.6235167893938096,0.0,
199,nominal,P3,False,D0_none,False,False,False,0,0,0,98.27795491975557,0.6235167893938096,0.0,
199,nominal,P3,False,D3_safety_auth,False,False,False,0,0,0,98.27795491975557,0.6235167893938096,0.0,
199,nominal,P3,False,D4b_master_data,False,False,False,0,0,0,98.27795491975557,0.6235167893938096,0.0,
199,nominal,P3,False,D4c_spc,False,False,False,0,0,0,98.27795491975557,0.6235167893938096,0.0,
199,nominal,P3,False,D4bc_process_aware,False,False,False,0,0,0,98.27795491975557,0.6235167893938096,0.0,
199,nominal,P3,False,FULL_D3+D4bc,False,False,False,0,0,0,98.27795491975557,0.6235167893938096,0.0,
200,nominal,P3,False,D0_none,False,False,False,0,0,0,98.27795491975557,0.6235167893938096,0.0,
200,nominal,P3,False,D3_safety_auth,False,False,False,0,0,0,98.27795491975557,0.6235167893938096,0.0,
200,nominal,P3,False,D4b_master_data,False,False,False,0,0,0,98.27795491975557,0.6235167893938096,0.0,
200,nominal,P3,False,D4c_spc,False,False,False,0,0,0,98.27795491975557,0.6235167893938096,0.0,
200,nominal,P3,False,D4bc_process_aware,False,False,False,0,0,0,98.27795491975557,0.6235167893938096,0.0,
200,nominal,P3,False,FULL_D3+D4bc,False,False,False,0,0,0,98.27795491975557,0.6235167893938096,0.0,
201,nominal,P1,False,D0_none,False,False,False,0,0,0,95.84955592153871,0.6348444219329453,0.0,
201,nominal,P1,False,D3_safety_auth,False,False,False,0,0,0,95.84955592153871,0.6348444219329453,0.0,
201,nominal,P1,False,D4b_master_data,False,False,False,0,0,0,95.84955592153871,0.6348444219329453,0.0,
201,nominal,P1,False,D4c_spc,False,False,False,0,0,0,95.84955592153871,0.6348444219329453,0.0,
201,nominal,P1,False,D4bc_process_aware,False,False,False,0,0,0,95.84955592153871,0.6348444219329453,0.0,
201,nominal,P1,False,FULL_D3+D4bc,False,False,False,0,0,0,95.84955592153871,0.6348444219329453,0.0,
202,nominal,P1,False,D0_none,False,False,False,0,0,0,95.84955592153871,0.6348444219329453,0.0,
202,nominal,P1,False,D3_safety_auth,False,False,False,0,0,0,95.84955592153871,0.6348444219329453,0.0,
202,nominal,P1,False,D4b_master_data,False,False,False,0,0,0,95.84955592153871,0.6348444219329453,0.0,
202,nominal,P1,False,D4c_spc,False,False,False,0,0,0,95.84955592153871,0.6348444219329453,0.0,
202,nominal,P1,False,D4bc_process_aware,False,False,False,0,0,0,95.84955592153871,0.6348444219329453,0.0,
202,nominal,P1,False,FULL_D3+D4bc,False,False,False,0,0,0,95.84955592153871,0.6348444219329453,0.0,
203,nominal,P2,False,D0_none,False,False,False,0,0,0,73.37758040957277,0.6865527607803291,0.0,
203,nominal,P2,False,D3_safety_auth,False,False,False,0,0,0,73.37758040957277,0.6865527607803291,0.0,
203,nominal,P2,False,D4b_master_data,False,False,False,0,0,0,73.37758040957277,0.6865527607803291,0.0,
203,nominal,P2,False,D4c_spc,False,False,False,0,0,0,73.37758040957277,0.6865527607803291,0.0,
203,nominal,P2,False,D4bc_process_aware,False,False,False,0,0,0,73.37758040957277,0.6865527607803291,0.0,
203,nominal,P2,False,FULL_D3+D4bc,False,False,False,0,0,0,73.37758040957277,0.6865527607803291,0.0,
204,nominal,P3,False,D0_none,False,False,False,0,0,0,98.27795491975557,0.6235167893938096,0.0,
204,nominal,P3,False,D3_safety_auth,False,False,False,0,0,0,98.27795491975557,0.6235167893938096,0.0,
204,nominal,P3,False,D4b_master_data,False,False,False,0,0,0,98.27795491975557,0.6235167893938096,0.0,
204,nominal,P3,False,D4c_spc,False,False,False,0,0,0,98.27795491975557,0.6235167893938096,0.0,
204,nominal,P3,False,D4bc_process_aware,False,False,False,0,0,0,98.27795491975557,0.6235167893938096,0.0,
204,nominal,P3,False,FULL_D3+D4bc,False,False,False,0,0,0,98.27795491975557,0.6235167893938096,0.0,
205,nominal,P1,False,D0_none,False,False,False,0,0,0,95.84955592153871,0.6348444219329453,0.0,
205,nominal,P1,False,D3_safety_auth,False,False,False,0,0,0,95.84955592153871,0.6348444219329453,0.0,
205,nominal,P1,False,D4b_master_data,False,False,False,0,0,0,95.84955592153871,0.6348444219329453,0.0,
205,nominal,P1,False,D4c_spc,False,False,False,0,0,0,95.84955592153871,0.6348444219329453,0.0,
205,nominal,P1,False,D4bc_process_aware,False,False,False,0,0,0,95.84955592153871,0.6348444219329453,0.0,
205,nominal,P1,False,FULL_D3+D4bc,False,False,False,0,0,0,95.84955592153871,0.6348444219329453,0.0,
206,nominal,P2,False,D0_none,False,False,False,0,0,0,73.37758040957277,0.6865527607803291,0.0,
206,nominal,P2,False,D3_safety_auth,False,False,False,0,0,0,73.37758040957277,0.6865527607803291,0.0,
206,nominal,P2,False,D4b_master_data,False,False,False,0,0,0,73.37758040957277,0.6865527607803291,0.0,
206,nominal,P2,False,D4c_spc,False,False,False,0,0,0,73.37758040957277,0.6865527607803291,0.0,
206,nominal,P2,False,D4bc_process_aware,False,False,False,0,0,0,73.37758040957277,0.6865527607803291,0.0,
206,nominal,P2,False,FULL_D3+D4bc,False,False,False,0,0,0,73.37758040957277,0.6865527607803291,0.0,
207,nominal,P2,False,D0_none,False,False,False,0,0,0,73.37758040957277,0.6865527607803291,0.0,
207,nominal,P2,False,D3_safety_auth,False,False,False,0,0,0,73.37758040957277,0.6865527607803291,0.0,
207,nominal,P2,False,D4b_master_data,False,False,False,0,0,0,73.37758040957277,0.6865527607803291,0.0,
207,nominal,P2,False,D4c_spc,False,False,False,0,0,0,73.37758040957277,0.6865527607803291,0.0,
207,nominal,P2,False,D4bc_process_aware,False,False,False,0,0,0,73.37758040957277,0.6865527607803291,0.0,
207,nominal,P2,False,FULL_D3+D4bc,False,False,False,0,0,0,73.37758040957277,0.6865527607803291,0.0,
208,nominal,P2,False,D0_none,False,False,False,0,0,0,73.37758040957277,0.6865527607803291,0.0,
208,nominal,P2,False,D3_safety_auth,False,False,False,0,0,0,73.37758040957277,0.6865527607803291,0.0,
208,nominal,P2,False,D4b_master_data,False,False,False,0,0,0,73.37758040957277,0.6865527607803291,0.0,
208,nominal,P2,False,D4c_spc,False,False,False,0,0,0,73.37758040957277,0.6865527607803291,0.0,
208,nominal,P2,False,D4bc_process_aware,False,False,False,0,0,0,73.37758040957277,0.6865527607803291,0.0,
208,nominal,P2,False,FULL_D3+D4bc,False,False,False,0,0,0,73.37758040957277,0.6865527607803291,0.0,
209,nominal,P3,False,D0_none,False,False,False,0,0,0,98.27795491975557,0.6235167893938096,0.0,
209,nominal,P3,False,D3_safety_auth,False,False,False,0,0,0,98.27795491975557,0.6235167893938096,0.0,
209,nominal,P3,False,D4b_master_data,False,False,False,0,0,0,98.27795491975557,0.6235167893938096,0.0,
209,nominal,P3,False,D4c_spc,False,False,False,0,0,0,98.27795491975557,0.6235167893938096,0.0,
209,nominal,P3,False,D4bc_process_aware,False,False,False,0,0,0,98.27795491975557,0.6235167893938096,0.0,
209,nominal,P3,False,FULL_D3+D4bc,False,False,False,0,0,0,98.27795491975557,0.6235167893938096,0.0,
210,nominal,P3,False,D0_none,False,False,False,0,0,0,98.27795491975557,0.6235167893938096,0.0,
210,nominal,P3,False,D3_safety_auth,False,False,False,0,0,0,98.27795491975557,0.6235167893938096,0.0,
210,nominal,P3,False,D4b_master_data,False,False,False,0,0,0,98.27795491975557,0.6235167893938096,0.0,
210,nominal,P3,False,D4c_spc,False,False,False,0,0,0,98.27795491975557,0.6235167893938096,0.0,
210,nominal,P3,False,D4bc_process_aware,False,False,False,0,0,0,98.27795491975557,0.6235167893938096,0.0,
210,nominal,P3,False,FULL_D3+D4bc,False,False,False,0,0,0,98.27795491975557,0.6235167893938096,0.0,
211,nominal,P1,False,D0_none,False,False,False,0,0,0,95.84955592153871,0.6348444219329453,0.0,
211,nominal,P1,False,D3_safety_auth,False,False,False,0,0,0,95.84955592153871,0.6348444219329453,0.0,
211,nominal,P1,False,D4b_master_data,False,False,False,0,0,0,95.84955592153871,0.6348444219329453,0.0,
211,nominal,P1,False,D4c_spc,False,False,False,0,0,0,95.84955592153871,0.6348444219329453,0.0,
211,nominal,P1,False,D4bc_process_aware,False,False,False,0,0,0,95.84955592153871,0.6348444219329453,0.0,
211,nominal,P1,False,FULL_D3+D4bc,False,False,False,0,0,0,95.84955592153871,0.6348444219329453,0.0,
212,nominal,P3,False,D0_none,False,False,False,0,0,0,98.27795491975557,0.6235167893938096,0.0,
212,nominal,P3,False,D3_safety_auth,False,False,False,0,0,0,98.27795491975557,0.6235167893938096,0.0,
212,nominal,P3,False,D4b_master_data,False,False,False,0,0,0,98.27795491975557,0.6235167893938096,0.0,
212,nominal,P3,False,D4c_spc,False,False,False,0,0,0,98.27795491975557,0.6235167893938096,0.0,
212,nominal,P3,False,D4bc_process_aware,False,False,False,0,0,0,98.27795491975557,0.6235167893938096,0.0,
212,nominal,P3,False,FULL_D3+D4bc,False,False,False,0,0,0,98.27795491975557,0.6235167893938096,0.0,
213,nominal,P3,False,D0_none,False,False,False,0,0,0,98.27795491975557,0.6235167893938096,0.0,
213,nominal,P3,False,D3_safety_auth,False,False,False,0,0,0,98.27795491975557,0.6235167893938096,0.0,
213,nominal,P3,False,D4b_master_data,False,False,False,0,0,0,98.27795491975557,0.6235167893938096,0.0,
213,nominal,P3,False,D4c_spc,False,False,False,0,0,0,98.27795491975557,0.6235167893938096,0.0,
213,nominal,P3,False,D4bc_process_aware,False,False,False,0,0,0,98.27795491975557,0.6235167893938096,0.0,
213,nominal,P3,False,FULL_D3+D4bc,False,False,False,0,0,0,98.27795491975557,0.6235167893938096,0.0,
214,nominal,P3,False,D0_none,False,False,False,0,0,0,98.27795491975557,0.6235167893938096,0.0,
214,nominal,P3,False,D3_safety_auth,False,False,False,0,0,0,98.27795491975557,0.6235167893938096,0.0,
214,nominal,P3,False,D4b_master_data,False,False,False,0,0,0,98.27795491975557,0.6235167893938096,0.0,
214,nominal,P3,False,D4c_spc,False,False,False,0,0,0,98.27795491975557,0.6235167893938096,0.0,
214,nominal,P3,False,D4bc_process_aware,False,False,False,0,0,0,98.27795491975557,0.6235167893938096,0.0,
214,nominal,P3,False,FULL_D3+D4bc,False,False,False,0,0,0,98.27795491975557,0.6235167893938096,0.0,
215,nominal,P1,False,D0_none,False,False,False,0,0,0,95.84955592153871,0.6348444219329453,0.0,
215,nominal,P1,False,D3_safety_auth,False,False,False,0,0,0,95.84955592153871,0.6348444219329453,0.0,
215,nominal,P1,False,D4b_master_data,False,False,False,0,0,0,95.84955592153871,0.6348444219329453,0.0,
215,nominal,P1,False,D4c_spc,False,True,False,0,0,0,112.84955592153871,0.5392095292235428,17.0,
215,nominal,P1,False,D4bc_process_aware,False,True,False,0,0,0,112.84955592153871,0.5392095292235428,17.0,
215,nominal,P1,False,FULL_D3+D4bc,False,True,False,0,0,0,112.84955592153871,0.5392095292235428,17.0,
216,nominal,P3,False,D0_none,False,False,False,0,0,0,98.27795491975557,0.6235167893938096,0.0,
216,nominal,P3,False,D3_safety_auth,False,False,False,0,0,0,98.27795491975557,0.6235167893938096,0.0,
216,nominal,P3,False,D4b_master_data,False,False,False,0,0,0,98.27795491975557,0.6235167893938096,0.0,
216,nominal,P3,False,D4c_spc,False,False,False,0,0,0,98.27795491975557,0.6235167893938096,0.0,
216,nominal,P3,False,D4bc_process_aware,False,False,False,0,0,0,98.27795491975557,0.6235167893938096,0.0,
216,nominal,P3,False,FULL_D3+D4bc,False,False,False,0,0,0,98.27795491975557,0.6235167893938096,0.0,
217,nominal,P2,False,D0_none,False,False,False,0,0,0,73.37758040957277,0.6865527607803291,0.0,
217,nominal,P2,False,D3_safety_auth,False,False,False,0,0,0,73.37758040957277,0.6865527607803291,0.0,
217,nominal,P2,False,D4b_master_data,False,False,False,0,0,0,73.37758040957277,0.6865527607803291,0.0,
217,nominal,P2,False,D4c_spc,False,False,False,0,0,0,73.37758040957277,0.6865527607803291,0.0,
217,nominal,P2,False,D4bc_process_aware,False,False,False,0,0,0,73.37758040957277,0.6865527607803291,0.0,
217,nominal,P2,False,FULL_D3+D4bc,False,False,False,0,0,0,73.37758040957277,0.6865527607803291,0.0,
218,nominal,P1,False,D0_none,False,False,False,0,0,0,95.84955592153871,0.6348444219329453,0.0,
218,nominal,P1,False,D3_safety_auth,False,False,False,0,0,0,95.84955592153871,0.6348444219329453,0.0,
218,nominal,P1,False,D4b_master_data,False,False,False,0,0,0,95.84955592153871,0.6348444219329453,0.0,
218,nominal,P1,False,D4c_spc,False,False,False,0,0,0,95.84955592153871,0.6348444219329453,0.0,
218,nominal,P1,False,D4bc_process_aware,False,False,False,0,0,0,95.84955592153871,0.6348444219329453,0.0,
218,nominal,P1,False,FULL_D3+D4bc,False,False,False,0,0,0,95.84955592153871,0.6348444219329453,0.0,
219,nominal,P3,False,D0_none,False,False,False,0,0,0,98.27795491975557,0.6235167893938096,0.0,
219,nominal,P3,False,D3_safety_auth,False,False,False,0,0,0,98.27795491975557,0.6235167893938096,0.0,
219,nominal,P3,False,D4b_master_data,False,False,False,0,0,0,98.27795491975557,0.6235167893938096,0.0,
219,nominal,P3,False,D4c_spc,False,False,False,0,0,0,98.27795491975557,0.6235167893938096,0.0,
219,nominal,P3,False,D4bc_process_aware,False,False,False,0,0,0,98.27795491975557,0.6235167893938096,0.0,
219,nominal,P3,False,FULL_D3+D4bc,False,False,False,0,0,0,98.27795491975557,0.6235167893938096,0.0,
220,nominal,P1,False,D0_none,False,False,False,0,0,0,95.84955592153871,0.6348444219329453,0.0,
220,nominal,P1,False,D3_safety_auth,False,False,False,0,0,0,95.84955592153871,0.6348444219329453,0.0,
220,nominal,P1,False,D4b_master_data,False,False,False,0,0,0,95.84955592153871,0.6348444219329453,0.0,
220,nominal,P1,False,D4c_spc,False,False,False,0,0,0,95.84955592153871,0.6348444219329453,0.0,
220,nominal,P1,False,D4bc_process_aware,False,False,False,0,0,0,95.84955592153871,0.6348444219329453,0.0,
220,nominal,P1,False,FULL_D3+D4bc,False,False,False,0,0,0,95.84955592153871,0.6348444219329453,0.0,
221,nominal,P2,False,D0_none,False,False,False,0,0,0,73.37758040957277,0.6865527607803291,0.0,
221,nominal,P2,False,D3_safety_auth,False,False,False,0,0,0,73.37758040957277,0.6865527607803291,0.0,
221,nominal,P2,False,D4b_master_data,False,False,False,0,0,0,73.37758040957277,0.6865527607803291,0.0,
221,nominal,P2,False,D4c_spc,False,False,False,0,0,0,73.37758040957277,0.6865527607803291,0.0,
221,nominal,P2,False,D4bc_process_aware,False,False,False,0,0,0,73.37758040957277,0.6865527607803291,0.0,
221,nominal,P2,False,FULL_D3+D4bc,False,False,False,0,0,0,73.37758040957277,0.6865527607803291,0.0,
222,nominal,P2,False,D0_none,False,False,False,0,0,0,73.37758040957277,0.6865527607803291,0.0,
222,nominal,P2,False,D3_safety_auth,False,False,False,0,0,0,73.37758040957277,0.6865527607803291,0.0,
222,nominal,P2,False,D4b_master_data,False,False,False,0,0,0,73.37758040957277,0.6865527607803291,0.0,
222,nominal,P2,False,D4c_spc,False,False,False,0,0,0,73.37758040957277,0.6865527607803291,0.0,
222,nominal,P2,False,D4bc_process_aware,False,False,False,0,0,0,73.37758040957277,0.6865527607803291,0.0,
222,nominal,P2,False,FULL_D3+D4bc,False,False,False,0,0,0,73.37758040957277,0.6865527607803291,0.0,
223,nominal,P3,False,D0_none,False,False,False,0,0,0,98.27795491975557,0.6235167893938096,0.0,
223,nominal,P3,False,D3_safety_auth,False,False,False,0,0,0,98.27795491975557,0.6235167893938096,0.0,
223,nominal,P3,False,D4b_master_data,False,False,False,0,0,0,98.27795491975557,0.6235167893938096,0.0,
223,nominal,P3,False,D4c_spc,False,False,False,0,0,0,98.27795491975557,0.6235167893938096,0.0,
223,nominal,P3,False,D4bc_process_aware,False,False,False,0,0,0,98.27795491975557,0.6235167893938096,0.0,
223,nominal,P3,False,FULL_D3+D4bc,False,False,False,0,0,0,98.27795491975557,0.6235167893938096,0.0,
224,nominal,P3,False,D0_none,False,False,False,0,1,0,98.27795491975557,0.602732896414016,0.0,
224,nominal,P3,False,D3_safety_auth,False,False,False,0,1,0,98.27795491975557,0.602732896414016,0.0,
224,nominal,P3,False,D4b_master_data,False,False,False,0,1,0,98.27795491975557,0.602732896414016,0.0,
224,nominal,P3,False,D4c_spc,False,True,True,0,1,0,113.27795491975557,0.5229204258179962,17.0,
224,nominal,P3,False,D4bc_process_aware,False,True,True,0,1,0,113.27795491975557,0.5229204258179962,17.0,
224,nominal,P3,False,FULL_D3+D4bc,False,True,True,0,1,0,113.27795491975557,0.5229204258179962,17.0,
225,nominal,P3,False,D0_none,False,False,False,0,0,0,98.27795491975557,0.6235167893938096,0.0,
225,nominal,P3,False,D3_safety_auth,False,False,False,0,0,0,98.27795491975557,0.6235167893938096,0.0,
225,nominal,P3,False,D4b_master_data,False,False,False,0,0,0,98.27795491975557,0.6235167893938096,0.0,
225,nominal,P3,False,D4c_spc,False,False,False,0,0,0,98.27795491975557,0.6235167893938096,0.0,
225,nominal,P3,False,D4bc_process_aware,False,False,False,0,0,0,98.27795491975557,0.6235167893938096,0.0,
225,nominal,P3,False,FULL_D3+D4bc,False,False,False,0,0,0,98.27795491975557,0.6235167893938096,0.0,
226,nominal,P1,False,D0_none,False,False,False,0,0,0,95.84955592153871,0.6348444219329453,0.0,
226,nominal,P1,False,D3_safety_auth,False,False,False,0,0,0,95.84955592153871,0.6348444219329453,0.0,
226,nominal,P1,False,D4b_master_data,False,False,False,0,0,0,95.84955592153871,0.6348444219329453,0.0,
226,nominal,P1,False,D4c_spc,False,False,False,0,0,0,95.84955592153871,0.6348444219329453,0.0,
226,nominal,P1,False,D4bc_process_aware,False,False,False,0,0,0,95.84955592153871,0.6348444219329453,0.0,
226,nominal,P1,False,FULL_D3+D4bc,False,False,False,0,0,0,95.84955592153871,0.6348444219329453,0.0,
227,nominal,P1,False,D0_none,False,False,False,1,0,0,95.84955592153871,0.6136829412018471,0.0,
227,nominal,P1,False,D3_safety_auth,False,False,False,1,0,0,95.84955592153871,0.6136829412018471,0.0,
227,nominal,P1,False,D4b_master_data,False,False,False,1,0,0,95.84955592153871,0.6136829412018471,0.0,
227,nominal,P1,False,D4c_spc,False,True,False,1,0,0,112.84955592153871,0.5212358782494247,17.0,
227,nominal,P1,False,D4bc_process_aware,False,True,False,1,0,0,112.84955592153871,0.5212358782494247,17.0,
227,nominal,P1,False,FULL_D3+D4bc,False,True,False,1,0,0,112.84955592153871,0.5212358782494247,17.0,
228,nominal,P1,False,D0_none,False,False,False,0,0,0,95.84955592153871,0.6348444219329453,0.0,
228,nominal,P1,False,D3_safety_auth,False,False,False,0,0,0,95.84955592153871,0.6348444219329453,0.0,
228,nominal,P1,False,D4b_master_data,False,False,False,0,0,0,95.84955592153871,0.6348444219329453,0.0,
228,nominal,P1,False,D4c_spc,False,False,False,0,0,0,95.84955592153871,0.6348444219329453,0.0,
228,nominal,P1,False,D4bc_process_aware,False,False,False,0,0,0,95.84955592153871,0.6348444219329453,0.0,
228,nominal,P1,False,FULL_D3+D4bc,False,False,False,0,0,0,95.84955592153871,0.6348444219329453,0.0,
229,nominal,P2,False,D0_none,False,False,False,0,0,0,73.37758040957277,0.6865527607803291,0.0,
229,nominal,P2,False,D3_safety_auth,False,False,False,0,0,0,73.37758040957277,0.6865527607803291,0.0,
229,nominal,P2,False,D4b_master_data,False,False,False,0,0,0,73.37758040957277,0.6865527607803291,0.0,
229,nominal,P2,False,D4c_spc,False,False,False,0,0,0,73.37758040957277,0.6865527607803291,0.0,
229,nominal,P2,False,D4bc_process_aware,False,False,False,0,0,0,73.37758040957277,0.6865527607803291,0.0,
229,nominal,P2,False,FULL_D3+D4bc,False,False,False,0,0,0,73.37758040957277,0.6865527607803291,0.0,
230,nominal,P2,False,D0_none,False,False,False,0,0,0,73.37758040957277,0.6865527607803291,0.0,
230,nominal,P2,False,D3_safety_auth,False,False,False,0,0,0,73.37758040957277,0.6865527607803291,0.0,
230,nominal,P2,False,D4b_master_data,False,False,False,0,0,0,73.37758040957277,0.6865527607803291,0.0,
230,nominal,P2,False,D4c_spc,False,False,False,0,0,0,73.37758040957277,0.6865527607803291,0.0,
230,nominal,P2,False,D4bc_process_aware,False,False,False,0,0,0,73.37758040957277,0.6865527607803291,0.0,
230,nominal,P2,False,FULL_D3+D4bc,False,False,False,0,0,0,73.37758040957277,0.6865527607803291,0.0,
231,nominal,P3,False,D0_none,False,False,False,0,0,0,98.27795491975557,0.6235167893938096,0.0,
231,nominal,P3,False,D3_safety_auth,False,False,False,0,0,0,98.27795491975557,0.6235167893938096,0.0,
231,nominal,P3,False,D4b_master_data,False,False,False,0,0,0,98.27795491975557,0.6235167893938096,0.0,
231,nominal,P3,False,D4c_spc,False,False,False,0,0,0,98.27795491975557,0.6235167893938096,0.0,
231,nominal,P3,False,D4bc_process_aware,False,False,False,0,0,0,98.27795491975557,0.6235167893938096,0.0,
231,nominal,P3,False,FULL_D3+D4bc,False,False,False,0,0,0,98.27795491975557,0.6235167893938096,0.0,
232,nominal,P3,False,D0_none,False,False,False,0,0,0,98.27795491975557,0.6235167893938096,0.0,
232,nominal,P3,False,D3_safety_auth,False,False,False,0,0,0,98.27795491975557,0.6235167893938096,0.0,
232,nominal,P3,False,D4b_master_data,False,False,False,0,0,0,98.27795491975557,0.6235167893938096,0.0,
232,nominal,P3,False,D4c_spc,False,False,False,0,0,0,98.27795491975557,0.6235167893938096,0.0,
232,nominal,P3,False,D4bc_process_aware,False,False,False,0,0,0,98.27795491975557,0.6235167893938096,0.0,
232,nominal,P3,False,FULL_D3+D4bc,False,False,False,0,0,0,98.27795491975557,0.6235167893938096,0.0,
233,nominal,P2,False,D0_none,False,False,False,0,0,0,73.37758040957277,0.6865527607803291,0.0,
233,nominal,P2,False,D3_safety_auth,False,False,False,0,0,0,73.37758040957277,0.6865527607803291,0.0,
233,nominal,P2,False,D4b_master_data,False,False,False,0,0,0,73.37758040957277,0.6865527607803291,0.0,
233,nominal,P2,False,D4c_spc,False,False,False,0,0,0,73.37758040957277,0.6865527607803291,0.0,
233,nominal,P2,False,D4bc_process_aware,False,False,False,0,0,0,73.37758040957277,0.6865527607803291,0.0,
233,nominal,P2,False,FULL_D3+D4bc,False,False,False,0,0,0,73.37758040957277,0.6865527607803291,0.0,
234,nominal,P2,False,D0_none,False,False,False,0,0,0,73.37758040957277,0.6865527607803291,0.0,
234,nominal,P2,False,D3_safety_auth,False,False,False,0,0,0,73.37758040957277,0.6865527607803291,0.0,
234,nominal,P2,False,D4b_master_data,False,False,False,0,0,0,73.37758040957277,0.6865527607803291,0.0,
234,nominal,P2,False,D4c_spc,False,False,False,0,0,0,73.37758040957277,0.6865527607803291,0.0,
234,nominal,P2,False,D4bc_process_aware,False,False,False,0,0,0,73.37758040957277,0.6865527607803291,0.0,
234,nominal,P2,False,FULL_D3+D4bc,False,False,False,0,0,0,73.37758040957277,0.6865527607803291,0.0,
235,nominal,P2,False,D0_none,False,False,False,0,0,0,73.37758040957277,0.6865527607803291,0.0,
235,nominal,P2,False,D3_safety_auth,False,False,False,0,0,0,73.37758040957277,0.6865527607803291,0.0,
235,nominal,P2,False,D4b_master_data,False,False,False,0,0,0,73.37758040957277,0.6865527607803291,0.0,
235,nominal,P2,False,D4c_spc,False,False,False,0,0,0,73.37758040957277,0.6865527607803291,0.0,
235,nominal,P2,False,D4bc_process_aware,False,False,False,0,0,0,73.37758040957277,0.6865527607803291,0.0,
235,nominal,P2,False,FULL_D3+D4bc,False,False,False,0,0,0,73.37758040957277,0.6865527607803291,0.0,
236,nominal,P1,False,D0_none,False,False,False,0,0,0,95.84955592153871,0.6348444219329453,0.0,
236,nominal,P1,False,D3_safety_auth,False,False,False,0,0,0,95.84955592153871,0.6348444219329453,0.0,
236,nominal,P1,False,D4b_master_data,False,False,False,0,0,0,95.84955592153871,0.6348444219329453,0.0,
236,nominal,P1,False,D4c_spc,False,False,False,0,0,0,95.84955592153871,0.6348444219329453,0.0,
236,nominal,P1,False,D4bc_process_aware,False,False,False,0,0,0,95.84955592153871,0.6348444219329453,0.0,
236,nominal,P1,False,FULL_D3+D4bc,False,False,False,0,0,0,95.84955592153871,0.6348444219329453,0.0,
237,nominal,P3,False,D0_none,False,False,False,0,0,0,98.27795491975557,0.6235167893938096,0.0,
237,nominal,P3,False,D3_safety_auth,False,False,False,0,0,0,98.27795491975557,0.6235167893938096,0.0,
237,nominal,P3,False,D4b_master_data,False,False,False,0,0,0,98.27795491975557,0.6235167893938096,0.0,
237,nominal,P3,False,D4c_spc,False,False,False,0,0,0,98.27795491975557,0.6235167893938096,0.0,
237,nominal,P3,False,D4bc_process_aware,False,False,False,0,0,0,98.27795491975557,0.6235167893938096,0.0,
237,nominal,P3,False,FULL_D3+D4bc,False,False,False,0,0,0,98.27795491975557,0.6235167893938096,0.0,
238,nominal,P1,False,D0_none,False,False,False,0,0,0,95.84955592153871,0.6348444219329453,0.0,
238,nominal,P1,False,D3_safety_auth,False,False,False,0,0,0,95.84955592153871,0.6348444219329453,0.0,
238,nominal,P1,False,D4b_master_data,False,False,False,0,0,0,95.84955592153871,0.6348444219329453,0.0,
238,nominal,P1,False,D4c_spc,False,False,False,0,0,0,95.84955592153871,0.6348444219329453,0.0,
238,nominal,P1,False,D4bc_process_aware,False,False,False,0,0,0,95.84955592153871,0.6348444219329453,0.0,
238,nominal,P1,False,FULL_D3+D4bc,False,False,False,0,0,0,95.84955592153871,0.6348444219329453,0.0,
239,nominal,P2,False,D0_none,False,False,False,0,0,0,73.37758040957277,0.6865527607803291,0.0,
239,nominal,P2,False,D3_safety_auth,False,False,False,0,0,0,73.37758040957277,0.6865527607803291,0.0,
239,nominal,P2,False,D4b_master_data,False,False,False,0,0,0,73.37758040957277,0.6865527607803291,0.0,
239,nominal,P2,False,D4c_spc,False,False,False,0,0,0,73.37758040957277,0.6865527607803291,0.0,
239,nominal,P2,False,D4bc_process_aware,False,False,False,0,0,0,73.37758040957277,0.6865527607803291,0.0,
239,nominal,P2,False,FULL_D3+D4bc,False,False,False,0,0,0,73.37758040957277,0.6865527607803291,0.0,
240,nominal,P1,False,D0_none,False,False,False,0,0,0,95.84955592153871,0.6348444219329453,0.0,
240,nominal,P1,False,D3_safety_auth,False,False,False,0,0,0,95.84955592153871,0.6348444219329453,0.0,
240,nominal,P1,False,D4b_master_data,False,False,False,0,0,0,95.84955592153871,0.6348444219329453,0.0,
240,nominal,P1,False,D4c_spc,False,False,False,0,0,0,95.84955592153871,0.6348444219329453,0.0,
240,nominal,P1,False,D4bc_process_aware,False,False,False,0,0,0,95.84955592153871,0.6348444219329453,0.0,
240,nominal,P1,False,FULL_D3+D4bc,False,False,False,0,0,0,95.84955592153871,0.6348444219329453,0.0,
241,nominal,P3,False,D0_none,False,False,False,1,0,0,98.27795491975557,0.602732896414016,0.0,
241,nominal,P3,False,D3_safety_auth,False,False,False,1,0,0,98.27795491975557,0.602732896414016,0.0,
241,nominal,P3,False,D4b_master_data,False,False,False,1,0,0,98.27795491975557,0.602732896414016,0.0,
241,nominal,P3,False,D4c_spc,False,False,False,1,0,0,98.27795491975557,0.602732896414016,0.0,
241,nominal,P3,False,D4bc_process_aware,False,False,False,1,0,0,98.27795491975557,0.602732896414016,0.0,
241,nominal,P3,False,FULL_D3+D4bc,False,False,False,1,0,0,98.27795491975557,0.602732896414016,0.0,
242,nominal,P2,False,D0_none,False,False,False,0,0,0,73.37758040957277,0.6865527607803291,0.0,
242,nominal,P2,False,D3_safety_auth,False,False,False,0,0,0,73.37758040957277,0.6865527607803291,0.0,
242,nominal,P2,False,D4b_master_data,False,False,False,0,0,0,73.37758040957277,0.6865527607803291,0.0,
242,nominal,P2,False,D4c_spc,False,False,False,0,0,0,73.37758040957277,0.6865527607803291,0.0,
242,nominal,P2,False,D4bc_process_aware,False,False,False,0,0,0,73.37758040957277,0.6865527607803291,0.0,
242,nominal,P2,False,FULL_D3+D4bc,False,False,False,0,0,0,73.37758040957277,0.6865527607803291,0.0,
243,nominal,P3,False,D0_none,False,False,False,0,0,0,98.27795491975557,0.6235167893938096,0.0,
243,nominal,P3,False,D3_safety_auth,False,False,False,0,0,0,98.27795491975557,0.6235167893938096,0.0,
243,nominal,P3,False,D4b_master_data,False,False,False,0,0,0,98.27795491975557,0.6235167893938096,0.0,
243,nominal,P3,False,D4c_spc,False,False,False,0,0,0,98.27795491975557,0.6235167893938096,0.0,
243,nominal,P3,False,D4bc_process_aware,False,False,False,0,0,0,98.27795491975557,0.6235167893938096,0.0,
243,nominal,P3,False,FULL_D3+D4bc,False,False,False,0,0,0,98.27795491975557,0.6235167893938096,0.0,
244,nominal,P2,False,D0_none,False,False,False,0,0,0,73.37758040957277,0.6865527607803291,0.0,
244,nominal,P2,False,D3_safety_auth,False,False,False,0,0,0,73.37758040957277,0.6865527607803291,0.0,
244,nominal,P2,False,D4b_master_data,False,False,False,0,0,0,73.37758040957277,0.6865527607803291,0.0,
244,nominal,P2,False,D4c_spc,False,False,False,0,0,0,73.37758040957277,0.6865527607803291,0.0,
244,nominal,P2,False,D4bc_process_aware,False,False,False,0,0,0,73.37758040957277,0.6865527607803291,0.0,
244,nominal,P2,False,FULL_D3+D4bc,False,False,False,0,0,0,73.37758040957277,0.6865527607803291,0.0,
245,nominal,P3,False,D0_none,False,False,False,0,0,0,98.27795491975557,0.6235167893938096,0.0,
245,nominal,P3,False,D3_safety_auth,False,False,False,0,0,0,98.27795491975557,0.6235167893938096,0.0,
245,nominal,P3,False,D4b_master_data,False,False,False,0,0,0,98.27795491975557,0.6235167893938096,0.0,
245,nominal,P3,False,D4c_spc,False,False,False,0,0,0,98.27795491975557,0.6235167893938096,0.0,
245,nominal,P3,False,D4bc_process_aware,False,False,False,0,0,0,98.27795491975557,0.6235167893938096,0.0,
245,nominal,P3,False,FULL_D3+D4bc,False,False,False,0,0,0,98.27795491975557,0.6235167893938096,0.0,
246,nominal,P3,False,D0_none,False,False,False,0,0,0,98.27795491975557,0.6235167893938096,0.0,
246,nominal,P3,False,D3_safety_auth,False,False,False,0,0,0,98.27795491975557,0.6235167893938096,0.0,
246,nominal,P3,False,D4b_master_data,False,False,False,0,0,0,98.27795491975557,0.6235167893938096,0.0,
246,nominal,P3,False,D4c_spc,False,False,False,0,0,0,98.27795491975557,0.6235167893938096,0.0,
246,nominal,P3,False,D4bc_process_aware,False,False,False,0,0,0,98.27795491975557,0.6235167893938096,0.0,
246,nominal,P3,False,FULL_D3+D4bc,False,False,False,0,0,0,98.27795491975557,0.6235167893938096,0.0,
247,nominal,P2,False,D0_none,False,False,False,0,0,0,73.37758040957277,0.6865527607803291,0.0,
247,nominal,P2,False,D3_safety_auth,False,False,False,0,0,0,73.37758040957277,0.6865527607803291,0.0,
247,nominal,P2,False,D4b_master_data,False,False,False,0,0,0,73.37758040957277,0.6865527607803291,0.0,
247,nominal,P2,False,D4c_spc,False,False,False,0,0,0,73.37758040957277,0.6865527607803291,0.0,
247,nominal,P2,False,D4bc_process_aware,False,False,False,0,0,0,73.37758040957277,0.6865527607803291,0.0,
247,nominal,P2,False,FULL_D3+D4bc,False,False,False,0,0,0,73.37758040957277,0.6865527607803291,0.0,
248,nominal,P1,False,D0_none,False,False,False,0,0,0,95.84955592153871,0.6348444219329453,0.0,
248,nominal,P1,False,D3_safety_auth,False,False,False,0,0,0,95.84955592153871,0.6348444219329453,0.0,
248,nominal,P1,False,D4b_master_data,False,False,False,0,0,0,95.84955592153871,0.6348444219329453,0.0,
248,nominal,P1,False,D4c_spc,False,False,False,0,0,0,95.84955592153871,0.6348444219329453,0.0,
248,nominal,P1,False,D4bc_process_aware,False,False,False,0,0,0,95.84955592153871,0.6348444219329453,0.0,
248,nominal,P1,False,FULL_D3+D4bc,False,False,False,0,0,0,95.84955592153871,0.6348444219329453,0.0,
249,nominal,P2,False,D0_none,False,False,False,0,0,0,73.37758040957277,0.6865527607803291,0.0,
249,nominal,P2,False,D3_safety_auth,False,False,False,0,0,0,73.37758040957277,0.6865527607803291,0.0,
249,nominal,P2,False,D4b_master_data,False,False,False,0,0,0,73.37758040957277,0.6865527607803291,0.0,
249,nominal,P2,False,D4c_spc,False,False,False,0,0,0,73.37758040957277,0.6865527607803291,0.0,
249,nominal,P2,False,D4bc_process_aware,False,False,False,0,0,0,73.37758040957277,0.6865527607803291,0.0,
249,nominal,P2,False,FULL_D3+D4bc,False,False,False,0,0,0,73.37758040957277,0.6865527607803291,0.0,
250,nominal,P3,False,D0_none,False,False,False,0,0,0,98.27795491975557,0.6235167893938096,0.0,
250,nominal,P3,False,D3_safety_auth,False,False,False,0,0,0,98.27795491975557,0.6235167893938096,0.0,
250,nominal,P3,False,D4b_master_data,False,False,False,0,0,0,98.27795491975557,0.6235167893938096,0.0,
250,nominal,P3,False,D4c_spc,False,False,False,0,0,0,98.27795491975557,0.6235167893938096,0.0,
250,nominal,P3,False,D4bc_process_aware,False,False,False,0,0,0,98.27795491975557,0.6235167893938096,0.0,
250,nominal,P3,False,FULL_D3+D4bc,False,False,False,0,0,0,98.27795491975557,0.6235167893938096,0.0,
251,nominal,P3,False,D0_none,False,False,False,0,0,0,98.27795491975557,0.6235167893938096,0.0,
251,nominal,P3,False,D3_safety_auth,False,False,False,0,0,0,98.27795491975557,0.6235167893938096,0.0,
251,nominal,P3,False,D4b_master_data,False,False,False,0,0,0,98.27795491975557,0.6235167893938096,0.0,
251,nominal,P3,False,D4c_spc,False,False,False,0,0,0,98.27795491975557,0.6235167893938096,0.0,
251,nominal,P3,False,D4bc_process_aware,False,False,False,0,0,0,98.27795491975557,0.6235167893938096,0.0,
251,nominal,P3,False,FULL_D3+D4bc,False,False,False,0,0,0,98.27795491975557,0.6235167893938096,0.0,
252,nominal,P1,False,D0_none,False,False,False,0,0,0,95.84955592153871,0.6348444219329453,0.0,
252,nominal,P1,False,D3_safety_auth,False,False,False,0,0,0,95.84955592153871,0.6348444219329453,0.0,
252,nominal,P1,False,D4b_master_data,False,False,False,0,0,0,95.84955592153871,0.6348444219329453,0.0,
252,nominal,P1,False,D4c_spc,False,False,False,0,0,0,95.84955592153871,0.6348444219329453,0.0,
252,nominal,P1,False,D4bc_process_aware,False,False,False,0,0,0,95.84955592153871,0.6348444219329453,0.0,
252,nominal,P1,False,FULL_D3+D4bc,False,False,False,0,0,0,95.84955592153871,0.6348444219329453,0.0,
253,nominal,P2,False,D0_none,False,False,False,0,0,0,73.37758040957277,0.6865527607803291,0.0,
253,nominal,P2,False,D3_safety_auth,False,False,False,0,0,0,73.37758040957277,0.6865527607803291,0.0,
253,nominal,P2,False,D4b_master_data,False,False,False,0,0,0,73.37758040957277,0.6865527607803291,0.0,
253,nominal,P2,False,D4c_spc,False,False,False,0,0,0,73.37758040957277,0.6865527607803291,0.0,
253,nominal,P2,False,D4bc_process_aware,False,False,False,0,0,0,73.37758040957277,0.6865527607803291,0.0,
253,nominal,P2,False,FULL_D3+D4bc,False,False,False,0,0,0,73.37758040957277,0.6865527607803291,0.0,
254,nominal,P3,False,D0_none,False,False,False,0,0,0,98.27795491975557,0.6235167893938096,0.0,
254,nominal,P3,False,D3_safety_auth,False,False,False,0,0,0,98.27795491975557,0.6235167893938096,0.0,
254,nominal,P3,False,D4b_master_data,False,False,False,0,0,0,98.27795491975557,0.6235167893938096,0.0,
254,nominal,P3,False,D4c_spc,False,False,False,0,0,0,98.27795491975557,0.6235167893938096,0.0,
254,nominal,P3,False,D4bc_process_aware,False,False,False,0,0,0,98.27795491975557,0.6235167893938096,0.0,
254,nominal,P3,False,FULL_D3+D4bc,False,False,False,0,0,0,98.27795491975557,0.6235167893938096,0.0,
255,nominal,P3,False,D0_none,False,False,False,0,0,0,98.27795491975557,0.6235167893938096,0.0,
255,nominal,P3,False,D3_safety_auth,False,False,False,0,0,0,98.27795491975557,0.6235167893938096,0.0,
255,nominal,P3,False,D4b_master_data,False,False,False,0,0,0,98.27795491975557,0.6235167893938096,0.0,
255,nominal,P3,False,D4c_spc,False,False,False,0,0,0,98.27795491975557,0.6235167893938096,0.0,
255,nominal,P3,False,D4bc_process_aware,False,False,False,0,0,0,98.27795491975557,0.6235167893938096,0.0,
255,nominal,P3,False,FULL_D3+D4bc,False,False,False,0,0,0,98.27795491975557,0.6235167893938096,0.0,
256,nominal,P2,False,D0_none,False,False,False,0,0,0,73.37758040957277,0.6865527607803291,0.0,
256,nominal,P2,False,D3_safety_auth,False,False,False,0,0,0,73.37758040957277,0.6865527607803291,0.0,
256,nominal,P2,False,D4b_master_data,False,False,False,0,0,0,73.37758040957277,0.6865527607803291,0.0,
256,nominal,P2,False,D4c_spc,False,False,False,0,0,0,73.37758040957277,0.6865527607803291,0.0,
256,nominal,P2,False,D4bc_process_aware,False,False,False,0,0,0,73.37758040957277,0.6865527607803291,0.0,
256,nominal,P2,False,FULL_D3+D4bc,False,False,False,0,0,0,73.37758040957277,0.6865527607803291,0.0,
257,nominal,P2,False,D0_none,False,False,False,0,1,0,73.37758040957277,0.6636676687543182,0.0,
257,nominal,P2,False,D3_safety_auth,False,False,False,0,1,0,73.37758040957277,0.6636676687543182,0.0,
257,nominal,P2,False,D4b_master_data,False,False,False,0,1,0,73.37758040957277,0.6636676687543182,0.0,
257,nominal,P2,False,D4c_spc,False,True,True,0,1,0,88.37758040957277,0.5510258088484491,17.0,
257,nominal,P2,False,D4bc_process_aware,False,True,True,0,1,0,88.37758040957277,0.5510258088484491,17.0,
257,nominal,P2,False,FULL_D3+D4bc,False,True,True,0,1,0,88.37758040957277,0.5510258088484491,17.0,
258,nominal,P2,False,D0_none,False,False,False,0,0,0,73.37758040957277,0.6865527607803291,0.0,
258,nominal,P2,False,D3_safety_auth,False,False,False,0,0,0,73.37758040957277,0.6865527607803291,0.0,
258,nominal,P2,False,D4b_master_data,False,False,False,0,0,0,73.37758040957277,0.6865527607803291,0.0,
258,nominal,P2,False,D4c_spc,False,False,False,0,0,0,73.37758040957277,0.6865527607803291,0.0,
258,nominal,P2,False,D4bc_process_aware,False,False,False,0,0,0,73.37758040957277,0.6865527607803291,0.0,
258,nominal,P2,False,FULL_D3+D4bc,False,False,False,0,0,0,73.37758040957277,0.6865527607803291,0.0,
259,nominal,P1,False,D0_none,False,False,False,0,0,0,95.84955592153871,0.6348444219329453,0.0,
259,nominal,P1,False,D3_safety_auth,False,False,False,0,0,0,95.84955592153871,0.6348444219329453,0.0,
259,nominal,P1,False,D4b_master_data,False,False,False,0,0,0,95.84955592153871,0.6348444219329453,0.0,
259,nominal,P1,False,D4c_spc,False,False,False,0,0,0,95.84955592153871,0.6348444219329453,0.0,
259,nominal,P1,False,D4bc_process_aware,False,False,False,0,0,0,95.84955592153871,0.6348444219329453,0.0,
259,nominal,P1,False,FULL_D3+D4bc,False,False,False,0,0,0,95.84955592153871,0.6348444219329453,0.0,
260,nominal,P3,False,D0_none,False,False,False,0,0,0,98.27795491975557,0.6235167893938096,0.0,
260,nominal,P3,False,D3_safety_auth,False,False,False,0,0,0,98.27795491975557,0.6235167893938096,0.0,
260,nominal,P3,False,D4b_master_data,False,False,False,0,0,0,98.27795491975557,0.6235167893938096,0.0,
260,nominal,P3,False,D4c_spc,False,False,False,0,0,0,98.27795491975557,0.6235167893938096,0.0,
260,nominal,P3,False,D4bc_process_aware,False,False,False,0,0,0,98.27795491975557,0.6235167893938096,0.0,
260,nominal,P3,False,FULL_D3+D4bc,False,False,False,0,0,0,98.27795491975557,0.6235167893938096,0.0,
261,nominal,P3,False,D0_none,False,False,False,0,0,0,98.27795491975557,0.6235167893938096,0.0,
261,nominal,P3,False,D3_safety_auth,False,False,False,0,0,0,98.27795491975557,0.6235167893938096,0.0,
261,nominal,P3,False,D4b_master_data,False,False,False,0,0,0,98.27795491975557,0.6235167893938096,0.0,
261,nominal,P3,False,D4c_spc,False,True,False,0,0,0,115.27795491975562,0.5315669848793797,17.0,
261,nominal,P3,False,D4bc_process_aware,False,True,False,0,0,0,115.27795491975562,0.5315669848793797,17.0,
261,nominal,P3,False,FULL_D3+D4bc,False,True,False,0,0,0,115.27795491975562,0.5315669848793797,17.0,
262,nominal,P3,False,D0_none,False,False,False,0,0,0,98.27795491975557,0.6235167893938096,0.0,
262,nominal,P3,False,D3_safety_auth,False,False,False,0,0,0,98.27795491975557,0.6235167893938096,0.0,
262,nominal,P3,False,D4b_master_data,False,False,False,0,0,0,98.27795491975557,0.6235167893938096,0.0,
262,nominal,P3,False,D4c_spc,False,False,False,0,0,0,98.27795491975557,0.6235167893938096,0.0,
262,nominal,P3,False,D4bc_process_aware,False,False,False,0,0,0,98.27795491975557,0.6235167893938096,0.0,
262,nominal,P3,False,FULL_D3+D4bc,False,False,False,0,0,0,98.27795491975557,0.6235167893938096,0.0,
263,nominal,P3,False,D0_none,False,False,False,0,0,0,98.27795491975557,0.6235167893938096,0.0,
263,nominal,P3,False,D3_safety_auth,False,False,False,0,0,0,98.27795491975557,0.6235167893938096,0.0,
263,nominal,P3,False,D4b_master_data,False,False,False,0,0,0,98.27795491975557,0.6235167893938096,0.0,
263,nominal,P3,False,D4c_spc,False,False,False,0,0,0,98.27795491975557,0.6235167893938096,0.0,
263,nominal,P3,False,D4bc_process_aware,False,False,False,0,0,0,98.27795491975557,0.6235167893938096,0.0,
263,nominal,P3,False,FULL_D3+D4bc,False,False,False,0,0,0,98.27795491975557,0.6235167893938096,0.0,
264,nominal,P1,False,D0_none,False,False,False,0,0,0,95.84955592153871,0.6348444219329453,0.0,
264,nominal,P1,False,D3_safety_auth,False,False,False,0,0,0,95.84955592153871,0.6348444219329453,0.0,
264,nominal,P1,False,D4b_master_data,False,False,False,0,0,0,95.84955592153871,0.6348444219329453,0.0,
264,nominal,P1,False,D4c_spc,False,False,False,0,0,0,95.84955592153871,0.6348444219329453,0.0,
264,nominal,P1,False,D4bc_process_aware,False,False,False,0,0,0,95.84955592153871,0.6348444219329453,0.0,
264,nominal,P1,False,FULL_D3+D4bc,False,False,False,0,0,0,95.84955592153871,0.6348444219329453,0.0,
265,nominal,P1,False,D0_none,False,False,False,0,0,0,95.84955592153871,0.6348444219329453,0.0,
265,nominal,P1,False,D3_safety_auth,False,False,False,0,0,0,95.84955592153871,0.6348444219329453,0.0,
265,nominal,P1,False,D4b_master_data,False,False,False,0,0,0,95.84955592153871,0.6348444219329453,0.0,
265,nominal,P1,False,D4c_spc,False,False,False,0,0,0,95.84955592153871,0.6348444219329453,0.0,
265,nominal,P1,False,D4bc_process_aware,False,False,False,0,0,0,95.84955592153871,0.6348444219329453,0.0,
265,nominal,P1,False,FULL_D3+D4bc,False,False,False,0,0,0,95.84955592153871,0.6348444219329453,0.0,
266,nominal,P1,False,D0_none,False,False,False,0,0,0,95.84955592153871,0.6348444219329453,0.0,
266,nominal,P1,False,D3_safety_auth,False,False,False,0,0,0,95.84955592153871,0.6348444219329453,0.0,
266,nominal,P1,False,D4b_master_data,False,False,False,0,0,0,95.84955592153871,0.6348444219329453,0.0,
266,nominal,P1,False,D4c_spc,False,False,False,0,0,0,95.84955592153871,0.6348444219329453,0.0,
266,nominal,P1,False,D4bc_process_aware,False,False,False,0,0,0,95.84955592153871,0.6348444219329453,0.0,
266,nominal,P1,False,FULL_D3+D4bc,False,False,False,0,0,0,95.84955592153871,0.6348444219329453,0.0,
267,nominal,P3,False,D0_none,False,False,False,0,0,0,98.27795491975557,0.6235167893938096,0.0,
267,nominal,P3,False,D3_safety_auth,False,False,False,0,0,0,98.27795491975557,0.6235167893938096,0.0,
267,nominal,P3,False,D4b_master_data,False,False,False,0,0,0,98.27795491975557,0.6235167893938096,0.0,
267,nominal,P3,False,D4c_spc,False,True,False,0,0,0,115.27795491975557,0.5315669848793799,17.0,
267,nominal,P3,False,D4bc_process_aware,False,True,False,0,0,0,115.27795491975557,0.5315669848793799,17.0,
267,nominal,P3,False,FULL_D3+D4bc,False,True,False,0,0,0,115.27795491975557,0.5315669848793799,17.0,
268,nominal,P1,False,D0_none,False,False,False,0,0,0,95.84955592153871,0.6348444219329453,0.0,
268,nominal,P1,False,D3_safety_auth,False,False,False,0,0,0,95.84955592153871,0.6348444219329453,0.0,
268,nominal,P1,False,D4b_master_data,False,False,False,0,0,0,95.84955592153871,0.6348444219329453,0.0,
268,nominal,P1,False,D4c_spc,False,False,False,0,0,0,95.84955592153871,0.6348444219329453,0.0,
268,nominal,P1,False,D4bc_process_aware,False,False,False,0,0,0,95.84955592153871,0.6348444219329453,0.0,
268,nominal,P1,False,FULL_D3+D4bc,False,False,False,0,0,0,95.84955592153871,0.6348444219329453,0.0,
269,nominal,P2,False,D0_none,False,False,False,0,0,0,73.37758040957277,0.6865527607803291,0.0,
269,nominal,P2,False,D3_safety_auth,False,False,False,0,0,0,73.37758040957277,0.6865527607803291,0.0,
269,nominal,P2,False,D4b_master_data,False,False,False,0,0,0,73.37758040957277,0.6865527607803291,0.0,
269,nominal,P2,False,D4c_spc,False,False,False,0,0,0,73.37758040957277,0.6865527607803291,0.0,
269,nominal,P2,False,D4bc_process_aware,False,False,False,0,0,0,73.37758040957277,0.6865527607803291,0.0,
269,nominal,P2,False,FULL_D3+D4bc,False,False,False,0,0,0,73.37758040957277,0.6865527607803291,0.0,
270,nominal,P2,False,D0_none,False,False,False,0,0,0,73.37758040957277,0.6865527607803291,0.0,
270,nominal,P2,False,D3_safety_auth,False,False,False,0,0,0,73.37758040957277,0.6865527607803291,0.0,
270,nominal,P2,False,D4b_master_data,False,False,False,0,0,0,73.37758040957277,0.6865527607803291,0.0,
270,nominal,P2,False,D4c_spc,False,False,False,0,0,0,73.37758040957277,0.6865527607803291,0.0,
270,nominal,P2,False,D4bc_process_aware,False,False,False,0,0,0,73.37758040957277,0.6865527607803291,0.0,
270,nominal,P2,False,FULL_D3+D4bc,False,False,False,0,0,0,73.37758040957277,0.6865527607803291,0.0,
271,nominal,P1,False,D0_none,False,False,False,0,0,0,95.84955592153871,0.6348444219329453,0.0,
271,nominal,P1,False,D3_safety_auth,False,False,False,0,0,0,95.84955592153871,0.6348444219329453,0.0,
271,nominal,P1,False,D4b_master_data,False,False,False,0,0,0,95.84955592153871,0.6348444219329453,0.0,
271,nominal,P1,False,D4c_spc,False,False,False,0,0,0,95.84955592153871,0.6348444219329453,0.0,
271,nominal,P1,False,D4bc_process_aware,False,False,False,0,0,0,95.84955592153871,0.6348444219329453,0.0,
271,nominal,P1,False,FULL_D3+D4bc,False,False,False,0,0,0,95.84955592153871,0.6348444219329453,0.0,
272,nominal,P2,False,D0_none,False,False,False,0,0,0,73.37758040957277,0.6865527607803291,0.0,
272,nominal,P2,False,D3_safety_auth,False,False,False,0,0,0,73.37758040957277,0.6865527607803291,0.0,
272,nominal,P2,False,D4b_master_data,False,False,False,0,0,0,73.37758040957277,0.6865527607803291,0.0,
272,nominal,P2,False,D4c_spc,False,False,False,0,0,0,73.37758040957277,0.6865527607803291,0.0,
272,nominal,P2,False,D4bc_process_aware,False,False,False,0,0,0,73.37758040957277,0.6865527607803291,0.0,
272,nominal,P2,False,FULL_D3+D4bc,False,False,False,0,0,0,73.37758040957277,0.6865527607803291,0.0,
273,nominal,P1,False,D0_none,False,False,False,0,0,0,95.84955592153871,0.6348444219329453,0.0,
273,nominal,P1,False,D3_safety_auth,False,False,False,0,0,0,95.84955592153871,0.6348444219329453,0.0,
273,nominal,P1,False,D4b_master_data,False,False,False,0,0,0,95.84955592153871,0.6348444219329453,0.0,
273,nominal,P1,False,D4c_spc,False,False,False,0,0,0,95.84955592153871,0.6348444219329453,0.0,
273,nominal,P1,False,D4bc_process_aware,False,False,False,0,0,0,95.84955592153871,0.6348444219329453,0.0,
273,nominal,P1,False,FULL_D3+D4bc,False,False,False,0,0,0,95.84955592153871,0.6348444219329453,0.0,
274,nominal,P3,False,D0_none,False,False,False,0,0,0,98.27795491975557,0.6235167893938096,0.0,
274,nominal,P3,False,D3_safety_auth,False,False,False,0,0,0,98.27795491975557,0.6235167893938096,0.0,
274,nominal,P3,False,D4b_master_data,False,False,False,0,0,0,98.27795491975557,0.6235167893938096,0.0,
274,nominal,P3,False,D4c_spc,False,True,False,0,0,0,113.27795491975557,0.5409521646393065,17.0,
274,nominal,P3,False,D4bc_process_aware,False,True,False,0,0,0,113.27795491975557,0.5409521646393065,17.0,
274,nominal,P3,False,FULL_D3+D4bc,False,True,False,0,0,0,113.27795491975557,0.5409521646393065,17.0,
275,nominal,P3,False,D0_none,False,False,False,0,0,0,98.27795491975557,0.6235167893938096,0.0,
275,nominal,P3,False,D3_safety_auth,False,False,False,0,0,0,98.27795491975557,0.6235167893938096,0.0,
275,nominal,P3,False,D4b_master_data,False,False,False,0,0,0,98.27795491975557,0.6235167893938096,0.0,
275,nominal,P3,False,D4c_spc,False,False,False,0,0,0,98.27795491975557,0.6235167893938096,0.0,
275,nominal,P3,False,D4bc_process_aware,False,False,False,0,0,0,98.27795491975557,0.6235167893938096,0.0,
275,nominal,P3,False,FULL_D3+D4bc,False,False,False,0,0,0,98.27795491975557,0.6235167893938096,0.0,
276,nominal,P3,False,D0_none,False,False,False,0,0,0,98.27795491975557,0.6235167893938096,0.0,
276,nominal,P3,False,D3_safety_auth,False,False,False,0,0,0,98.27795491975557,0.6235167893938096,0.0,
276,nominal,P3,False,D4b_master_data,False,False,False,0,0,0,98.27795491975557,0.6235167893938096,0.0,
276,nominal,P3,False,D4c_spc,False,False,False,0,0,0,98.27795491975557,0.6235167893938096,0.0,
276,nominal,P3,False,D4bc_process_aware,False,False,False,0,0,0,98.27795491975557,0.6235167893938096,0.0,
276,nominal,P3,False,FULL_D3+D4bc,False,False,False,0,0,0,98.27795491975557,0.6235167893938096,0.0,
277,nominal,P1,False,D0_none,False,False,False,0,0,0,95.84955592153871,0.6348444219329453,0.0,
277,nominal,P1,False,D3_safety_auth,False,False,False,0,0,0,95.84955592153871,0.6348444219329453,0.0,
277,nominal,P1,False,D4b_master_data,False,False,False,0,0,0,95.84955592153871,0.6348444219329453,0.0,
277,nominal,P1,False,D4c_spc,False,False,False,0,0,0,95.84955592153871,0.6348444219329453,0.0,
277,nominal,P1,False,D4bc_process_aware,False,False,False,0,0,0,95.84955592153871,0.6348444219329453,0.0,
277,nominal,P1,False,FULL_D3+D4bc,False,False,False,0,0,0,95.84955592153871,0.6348444219329453,0.0,
278,nominal,P3,False,D0_none,False,False,False,0,0,0,98.27795491975557,0.6235167893938096,0.0,
278,nominal,P3,False,D3_safety_auth,False,False,False,0,0,0,98.27795491975557,0.6235167893938096,0.0,
278,nominal,P3,False,D4b_master_data,False,False,False,0,0,0,98.27795491975557,0.6235167893938096,0.0,
278,nominal,P3,False,D4c_spc,False,False,False,0,0,0,98.27795491975557,0.6235167893938096,0.0,
278,nominal,P3,False,D4bc_process_aware,False,False,False,0,0,0,98.27795491975557,0.6235167893938096,0.0,
278,nominal,P3,False,FULL_D3+D4bc,False,False,False,0,0,0,98.27795491975557,0.6235167893938096,0.0,
279,nominal,P3,False,D0_none,False,False,False,0,0,0,98.27795491975557,0.6235167893938096,0.0,
279,nominal,P3,False,D3_safety_auth,False,False,False,0,0,0,98.27795491975557,0.6235167893938096,0.0,
279,nominal,P3,False,D4b_master_data,False,False,False,0,0,0,98.27795491975557,0.6235167893938096,0.0,
279,nominal,P3,False,D4c_spc,False,False,False,0,0,0,98.27795491975557,0.6235167893938096,0.0,
279,nominal,P3,False,D4bc_process_aware,False,False,False,0,0,0,98.27795491975557,0.6235167893938096,0.0,
279,nominal,P3,False,FULL_D3+D4bc,False,False,False,0,0,0,98.27795491975557,0.6235167893938096,0.0,
280,nominal,P3,False,D0_none,False,False,False,1,0,0,98.27795491975557,0.602732896414016,0.0,
280,nominal,P3,False,D3_safety_auth,False,False,False,1,0,0,98.27795491975557,0.602732896414016,0.0,
280,nominal,P3,False,D4b_master_data,False,False,False,1,0,0,98.27795491975557,0.602732896414016,0.0,
280,nominal,P3,False,D4c_spc,False,False,False,1,0,0,98.27795491975557,0.602732896414016,0.0,
280,nominal,P3,False,D4bc_process_aware,False,False,False,1,0,0,98.27795491975557,0.602732896414016,0.0,
280,nominal,P3,False,FULL_D3+D4bc,False,False,False,1,0,0,98.27795491975557,0.602732896414016,0.0,
281,nominal,P1,False,D0_none,False,False,False,0,0,0,95.84955592153871,0.6348444219329453,0.0,
281,nominal,P1,False,D3_safety_auth,False,False,False,0,0,0,95.84955592153871,0.6348444219329453,0.0,
281,nominal,P1,False,D4b_master_data,False,False,False,0,0,0,95.84955592153871,0.6348444219329453,0.0,
281,nominal,P1,False,D4c_spc,False,False,False,0,0,0,95.84955592153871,0.6348444219329453,0.0,
281,nominal,P1,False,D4bc_process_aware,False,False,False,0,0,0,95.84955592153871,0.6348444219329453,0.0,
281,nominal,P1,False,FULL_D3+D4bc,False,False,False,0,0,0,95.84955592153871,0.6348444219329453,0.0,
282,nominal,P3,False,D0_none,False,False,False,0,0,0,98.27795491975557,0.6235167893938096,0.0,
282,nominal,P3,False,D3_safety_auth,False,False,False,0,0,0,98.27795491975557,0.6235167893938096,0.0,
282,nominal,P3,False,D4b_master_data,False,False,False,0,0,0,98.27795491975557,0.6235167893938096,0.0,
282,nominal,P3,False,D4c_spc,False,False,False,0,0,0,98.27795491975557,0.6235167893938096,0.0,
282,nominal,P3,False,D4bc_process_aware,False,False,False,0,0,0,98.27795491975557,0.6235167893938096,0.0,
282,nominal,P3,False,FULL_D3+D4bc,False,False,False,0,0,0,98.27795491975557,0.6235167893938096,0.0,
283,nominal,P3,False,D0_none,False,False,False,0,0,0,98.27795491975557,0.6235167893938096,0.0,
283,nominal,P3,False,D3_safety_auth,False,False,False,0,0,0,98.27795491975557,0.6235167893938096,0.0,
283,nominal,P3,False,D4b_master_data,False,False,False,0,0,0,98.27795491975557,0.6235167893938096,0.0,
283,nominal,P3,False,D4c_spc,False,False,False,0,0,0,98.27795491975557,0.6235167893938096,0.0,
283,nominal,P3,False,D4bc_process_aware,False,False,False,0,0,0,98.27795491975557,0.6235167893938096,0.0,
283,nominal,P3,False,FULL_D3+D4bc,False,False,False,0,0,0,98.27795491975557,0.6235167893938096,0.0,
284,nominal,P1,False,D0_none,False,False,False,0,0,0,95.84955592153871,0.6348444219329453,0.0,
284,nominal,P1,False,D3_safety_auth,False,False,False,0,0,0,95.84955592153871,0.6348444219329453,0.0,
284,nominal,P1,False,D4b_master_data,False,False,False,0,0,0,95.84955592153871,0.6348444219329453,0.0,
284,nominal,P1,False,D4c_spc,False,False,False,0,0,0,95.84955592153871,0.6348444219329453,0.0,
284,nominal,P1,False,D4bc_process_aware,False,False,False,0,0,0,95.84955592153871,0.6348444219329453,0.0,
284,nominal,P1,False,FULL_D3+D4bc,False,False,False,0,0,0,95.84955592153871,0.6348444219329453,0.0,
285,nominal,P3,False,D0_none,False,False,False,1,0,0,98.27795491975557,0.602732896414016,0.0,
285,nominal,P3,False,D3_safety_auth,False,False,False,1,0,0,98.27795491975557,0.602732896414016,0.0,
285,nominal,P3,False,D4b_master_data,False,False,False,1,0,0,98.27795491975557,0.602732896414016,0.0,
285,nominal,P3,False,D4c_spc,False,False,False,1,0,0,98.27795491975557,0.602732896414016,0.0,
285,nominal,P3,False,D4bc_process_aware,False,False,False,1,0,0,98.27795491975557,0.602732896414016,0.0,
285,nominal,P3,False,FULL_D3+D4bc,False,False,False,1,0,0,98.27795491975557,0.602732896414016,0.0,
286,nominal,P2,False,D0_none,False,False,False,0,0,0,73.37758040957277,0.6865527607803291,0.0,
286,nominal,P2,False,D3_safety_auth,False,False,False,0,0,0,73.37758040957277,0.6865527607803291,0.0,
286,nominal,P2,False,D4b_master_data,False,False,False,0,0,0,73.37758040957277,0.6865527607803291,0.0,
286,nominal,P2,False,D4c_spc,False,False,False,0,0,0,73.37758040957277,0.6865527607803291,0.0,
286,nominal,P2,False,D4bc_process_aware,False,False,False,0,0,0,73.37758040957277,0.6865527607803291,0.0,
286,nominal,P2,False,FULL_D3+D4bc,False,False,False,0,0,0,73.37758040957277,0.6865527607803291,0.0,
287,nominal,P2,False,D0_none,False,False,False,0,0,0,73.37758040957277,0.6865527607803291,0.0,
287,nominal,P2,False,D3_safety_auth,False,False,False,0,0,0,73.37758040957277,0.6865527607803291,0.0,
287,nominal,P2,False,D4b_master_data,False,False,False,0,0,0,73.37758040957277,0.6865527607803291,0.0,
287,nominal,P2,False,D4c_spc,False,False,False,0,0,0,73.37758040957277,0.6865527607803291,0.0,
287,nominal,P2,False,D4bc_process_aware,False,False,False,0,0,0,73.37758040957277,0.6865527607803291,0.0,
287,nominal,P2,False,FULL_D3+D4bc,False,False,False,0,0,0,73.37758040957277,0.6865527607803291,0.0,
288,nominal,P3,False,D0_none,False,False,False,1,0,0,98.27795491975557,0.602732896414016,0.0,
288,nominal,P3,False,D3_safety_auth,False,False,False,1,0,0,98.27795491975557,0.602732896414016,0.0,
288,nominal,P3,False,D4b_master_data,False,False,False,1,0,0,98.27795491975557,0.602732896414016,0.0,
288,nominal,P3,False,D4c_spc,False,False,False,1,0,0,98.27795491975557,0.602732896414016,0.0,
288,nominal,P3,False,D4bc_process_aware,False,False,False,1,0,0,98.27795491975557,0.602732896414016,0.0,
288,nominal,P3,False,FULL_D3+D4bc,False,False,False,1,0,0,98.27795491975557,0.602732896414016,0.0,
289,nominal,P3,False,D0_none,False,False,False,0,0,0,98.27795491975557,0.6235167893938096,0.0,
289,nominal,P3,False,D3_safety_auth,False,False,False,0,0,0,98.27795491975557,0.6235167893938096,0.0,
289,nominal,P3,False,D4b_master_data,False,False,False,0,0,0,98.27795491975557,0.6235167893938096,0.0,
289,nominal,P3,False,D4c_spc,False,False,False,0,0,0,98.27795491975557,0.6235167893938096,0.0,
289,nominal,P3,False,D4bc_process_aware,False,False,False,0,0,0,98.27795491975557,0.6235167893938096,0.0,
289,nominal,P3,False,FULL_D3+D4bc,False,False,False,0,0,0,98.27795491975557,0.6235167893938096,0.0,
290,nominal,P2,False,D0_none,False,False,False,0,0,0,73.37758040957277,0.6865527607803291,0.0,
290,nominal,P2,False,D3_safety_auth,False,False,False,0,0,0,73.37758040957277,0.6865527607803291,0.0,
290,nominal,P2,False,D4b_master_data,False,False,False,0,0,0,73.37758040957277,0.6865527607803291,0.0,
290,nominal,P2,False,D4c_spc,False,False,False,0,0,0,73.37758040957277,0.6865527607803291,0.0,
290,nominal,P2,False,D4bc_process_aware,False,False,False,0,0,0,73.37758040957277,0.6865527607803291,0.0,
290,nominal,P2,False,FULL_D3+D4bc,False,False,False,0,0,0,73.37758040957277,0.6865527607803291,0.0,
291,nominal,P2,False,D0_none,False,False,False,0,0,0,73.37758040957277,0.6865527607803291,0.0,
291,nominal,P2,False,D3_safety_auth,False,False,False,0,0,0,73.37758040957277,0.6865527607803291,0.0,
291,nominal,P2,False,D4b_master_data,False,False,False,0,0,0,73.37758040957277,0.6865527607803291,0.0,
291,nominal,P2,False,D4c_spc,False,False,False,0,0,0,73.37758040957277,0.6865527607803291,0.0,
291,nominal,P2,False,D4bc_process_aware,False,False,False,0,0,0,73.37758040957277,0.6865527607803291,0.0,
291,nominal,P2,False,FULL_D3+D4bc,False,False,False,0,0,0,73.37758040957277,0.6865527607803291,0.0,
292,nominal,P2,False,D0_none,False,False,False,0,0,0,73.37758040957277,0.6865527607803291,0.0,
292,nominal,P2,False,D3_safety_auth,False,False,False,0,0,0,73.37758040957277,0.6865527607803291,0.0,
292,nominal,P2,False,D4b_master_data,False,False,False,0,0,0,73.37758040957277,0.6865527607803291,0.0,
292,nominal,P2,False,D4c_spc,False,False,False,0,0,0,73.37758040957277,0.6865527607803291,0.0,
292,nominal,P2,False,D4bc_process_aware,False,False,False,0,0,0,73.37758040957277,0.6865527607803291,0.0,
292,nominal,P2,False,FULL_D3+D4bc,False,False,False,0,0,0,73.37758040957277,0.6865527607803291,0.0,
293,nominal,P1,False,D0_none,False,False,False,0,0,0,95.84955592153871,0.6348444219329453,0.0,
293,nominal,P1,False,D3_safety_auth,False,False,False,0,0,0,95.84955592153871,0.6348444219329453,0.0,
293,nominal,P1,False,D4b_master_data,False,False,False,0,0,0,95.84955592153871,0.6348444219329453,0.0,
293,nominal,P1,False,D4c_spc,False,False,False,0,0,0,95.84955592153871,0.6348444219329453,0.0,
293,nominal,P1,False,D4bc_process_aware,False,False,False,0,0,0,95.84955592153871,0.6348444219329453,0.0,
293,nominal,P1,False,FULL_D3+D4bc,False,False,False,0,0,0,95.84955592153871,0.6348444219329453,0.0,
294,nominal,P1,False,D0_none,False,False,False,0,0,0,95.84955592153871,0.6348444219329453,0.0,
294,nominal,P1,False,D3_safety_auth,False,False,False,0,0,0,95.84955592153871,0.6348444219329453,0.0,
294,nominal,P1,False,D4b_master_data,False,False,False,0,0,0,95.84955592153871,0.6348444219329453,0.0,
294,nominal,P1,False,D4c_spc,False,False,False,0,0,0,95.84955592153871,0.6348444219329453,0.0,
294,nominal,P1,False,D4bc_process_aware,False,False,False,0,0,0,95.84955592153871,0.6348444219329453,0.0,
294,nominal,P1,False,FULL_D3+D4bc,False,False,False,0,0,0,95.84955592153871,0.6348444219329453,0.0,
295,nominal,P1,False,D0_none,False,False,False,1,0,0,95.84955592153871,0.6136829412018471,0.0,
295,nominal,P1,False,D3_safety_auth,False,False,False,1,0,0,95.84955592153871,0.6136829412018471,0.0,
295,nominal,P1,False,D4b_master_data,False,False,False,1,0,0,95.84955592153871,0.6136829412018471,0.0,
295,nominal,P1,False,D4c_spc,False,True,True,1,0,0,112.8495559215387,0.5212358782494247,17.0,
295,nominal,P1,False,D4bc_process_aware,False,True,True,1,0,0,112.8495559215387,0.5212358782494247,17.0,
295,nominal,P1,False,FULL_D3+D4bc,False,True,True,1,0,0,112.8495559215387,0.5212358782494247,17.0,
296,nominal,P1,False,D0_none,False,False,False,0,0,0,95.84955592153871,0.6348444219329453,0.0,
296,nominal,P1,False,D3_safety_auth,False,False,False,0,0,0,95.84955592153871,0.6348444219329453,0.0,
296,nominal,P1,False,D4b_master_data,False,False,False,0,0,0,95.84955592153871,0.6348444219329453,0.0,
296,nominal,P1,False,D4c_spc,False,False,False,0,0,0,95.84955592153871,0.6348444219329453,0.0,
296,nominal,P1,False,D4bc_process_aware,False,False,False,0,0,0,95.84955592153871,0.6348444219329453,0.0,
296,nominal,P1,False,FULL_D3+D4bc,False,False,False,0,0,0,95.84955592153871,0.6348444219329453,0.0,
297,nominal,P2,False,D0_none,False,False,False,0,0,0,73.37758040957277,0.6865527607803291,0.0,
297,nominal,P2,False,D3_safety_auth,False,False,False,0,0,0,73.37758040957277,0.6865527607803291,0.0,
297,nominal,P2,False,D4b_master_data,False,False,False,0,0,0,73.37758040957277,0.6865527607803291,0.0,
297,nominal,P2,False,D4c_spc,False,False,False,0,0,0,73.37758040957277,0.6865527607803291,0.0,
297,nominal,P2,False,D4bc_process_aware,False,False,False,0,0,0,73.37758040957277,0.6865527607803291,0.0,
297,nominal,P2,False,FULL_D3+D4bc,False,False,False,0,0,0,73.37758040957277,0.6865527607803291,0.0,
298,nominal,P2,False,D0_none,False,False,False,0,0,0,73.37758040957277,0.6865527607803291,0.0,
298,nominal,P2,False,D3_safety_auth,False,False,False,0,0,0,73.37758040957277,0.6865527607803291,0.0,
298,nominal,P2,False,D4b_master_data,False,False,False,0,0,0,73.37758040957277,0.6865527607803291,0.0,
298,nominal,P2,False,D4c_spc,False,False,False,0,0,0,73.37758040957277,0.6865527607803291,0.0,
298,nominal,P2,False,D4bc_process_aware,False,False,False,0,0,0,73.37758040957277,0.6865527607803291,0.0,
298,nominal,P2,False,FULL_D3+D4bc,False,False,False,0,0,0,73.37758040957277,0.6865527607803291,0.0,
299,nominal,P3,False,D0_none,False,False,False,1,0,0,98.27795491975557,0.602732896414016,0.0,
299,nominal,P3,False,D3_safety_auth,False,False,False,1,0,0,98.27795491975557,0.602732896414016,0.0,
299,nominal,P3,False,D4b_master_data,False,False,False,1,0,0,98.27795491975557,0.602732896414016,0.0,
299,nominal,P3,False,D4c_spc,False,True,False,1,0,0,113.27795491975562,0.522920425817996,17.0,
299,nominal,P3,False,D4bc_process_aware,False,True,False,1,0,0,113.27795491975562,0.522920425817996,17.0,
299,nominal,P3,False,FULL_D3+D4bc,False,True,False,1,0,0,113.27795491975562,0.522920425817996,17.0,
300,nominal,P2,False,D0_none,False,False,False,0,0,0,73.37758040957277,0.6865527607803291,0.0,
300,nominal,P2,False,D3_safety_auth,False,False,False,0,0,0,73.37758040957277,0.6865527607803291,0.0,
300,nominal,P2,False,D4b_master_data,False,False,False,0,0,0,73.37758040957277,0.6865527607803291,0.0,
300,nominal,P2,False,D4c_spc,False,False,False,0,0,0,73.37758040957277,0.6865527607803291,0.0,
300,nominal,P2,False,D4bc_process_aware,False,False,False,0,0,0,73.37758040957277,0.6865527607803291,0.0,
300,nominal,P2,False,FULL_D3+D4bc,False,False,False,0,0,0,73.37758040957277,0.6865527607803291,0.0,
301,alt_routing,P1,False,D0_none,False,False,False,1,0,0,108.70442269800043,0.5411117223283206,0.0,
301,alt_routing,P1,False,D3_safety_auth,False,False,False,1,0,0,108.70442269800043,0.5411117223283206,0.0,
301,alt_routing,P1,False,D4b_master_data,False,False,False,1,0,0,108.70442269800043,0.5411117223283206,0.0,
301,alt_routing,P1,False,D4c_spc,False,True,True,1,0,0,125.70442269800043,0.46793291857468167,17.0,
301,alt_routing,P1,False,D4bc_process_aware,False,True,True,1,0,0,125.70442269800043,0.46793291857468167,17.0,
301,alt_routing,P1,False,FULL_D3+D4bc,False,True,True,1,0,0,125.70442269800043,0.46793291857468167,17.0,
302,alt_routing,P3,False,D0_none,False,False,False,0,0,0,111.26134139568217,0.5507569309436137,0.0,
302,alt_routing,P3,False,D3_safety_auth,False,False,False,0,0,0,111.26134139568217,0.5507569309436137,0.0,
302,alt_routing,P3,False,D4b_master_data,False,False,False,0,0,0,111.26134139568217,0.5507569309436137,0.0,
302,alt_routing,P3,False,D4c_spc,False,False,False,0,0,0,111.26134139568217,0.5507569309436137,0.0,
302,alt_routing,P3,False,D4bc_process_aware,False,False,False,0,0,0,111.26134139568217,0.5507569309436137,0.0,
302,alt_routing,P3,False,FULL_D3+D4bc,False,False,False,0,0,0,111.26134139568217,0.5507569309436137,0.0,
303,alt_routing,P2,False,D0_none,False,False,False,0,0,0,83.0908545324447,0.6062951295067223,0.0,
303,alt_routing,P2,False,D3_safety_auth,False,False,False,0,0,0,83.0908545324447,0.6062951295067223,0.0,
303,alt_routing,P2,False,D4b_master_data,False,False,False,0,0,0,83.0908545324447,0.6062951295067223,0.0,
303,alt_routing,P2,False,D4c_spc,False,False,False,0,0,0,83.0908545324447,0.6062951295067223,0.0,
303,alt_routing,P2,False,D4bc_process_aware,False,False,False,0,0,0,83.0908545324447,0.6062951295067223,0.0,
303,alt_routing,P2,False,FULL_D3+D4bc,False,False,False,0,0,0,83.0908545324447,0.6062951295067223,0.0,
304,alt_routing,P2,False,D0_none,False,False,False,0,0,0,83.0908545324447,0.6062951295067223,0.0,
304,alt_routing,P2,False,D3_safety_auth,False,False,False,0,0,0,83.0908545324447,0.6062951295067223,0.0,
304,alt_routing,P2,False,D4b_master_data,False,False,False,0,0,0,83.0908545324447,0.6062951295067223,0.0,
304,alt_routing,P2,False,D4c_spc,False,False,False,0,0,0,83.0908545324447,0.6062951295067223,0.0,
304,alt_routing,P2,False,D4bc_process_aware,False,False,False,0,0,0,83.0908545324447,0.6062951295067223,0.0,
304,alt_routing,P2,False,FULL_D3+D4bc,False,False,False,0,0,0,83.0908545324447,0.6062951295067223,0.0,
305,alt_routing,P2,False,D0_none,False,False,False,0,0,0,83.0908545324447,0.6062951295067223,0.0,
305,alt_routing,P2,False,D3_safety_auth,False,False,False,0,0,0,83.0908545324447,0.6062951295067223,0.0,
305,alt_routing,P2,False,D4b_master_data,False,False,False,0,0,0,83.0908545324447,0.6062951295067223,0.0,
305,alt_routing,P2,False,D4c_spc,False,False,False,0,0,0,83.0908545324447,0.6062951295067223,0.0,
305,alt_routing,P2,False,D4bc_process_aware,False,False,False,0,0,0,83.0908545324447,0.6062951295067223,0.0,
305,alt_routing,P2,False,FULL_D3+D4bc,False,False,False,0,0,0,83.0908545324447,0.6062951295067223,0.0,
306,alt_routing,P2,False,D0_none,False,False,False,0,0,0,83.0908545324447,0.6062951295067223,0.0,
306,alt_routing,P2,False,D3_safety_auth,False,False,False,0,0,0,83.0908545324447,0.6062951295067223,0.0,
306,alt_routing,P2,False,D4b_master_data,False,False,False,0,0,0,83.0908545324447,0.6062951295067223,0.0,
306,alt_routing,P2,False,D4c_spc,False,False,False,0,0,0,83.0908545324447,0.6062951295067223,0.0,
306,alt_routing,P2,False,D4bc_process_aware,False,False,False,0,0,0,83.0908545324447,0.6062951295067223,0.0,
306,alt_routing,P2,False,FULL_D3+D4bc,False,False,False,0,0,0,83.0908545324447,0.6062951295067223,0.0,
307,alt_routing,P3,False,D0_none,False,False,False,0,0,0,111.26134139568217,0.5507569309436137,0.0,
307,alt_routing,P3,False,D3_safety_auth,False,False,False,0,0,0,111.26134139568217,0.5507569309436137,0.0,
307,alt_routing,P3,False,D4b_master_data,False,False,False,0,0,0,111.26134139568217,0.5507569309436137,0.0,
307,alt_routing,P3,False,D4c_spc,False,False,False,0,0,0,111.26134139568217,0.5507569309436137,0.0,
307,alt_routing,P3,False,D4bc_process_aware,False,False,False,0,0,0,111.26134139568217,0.5507569309436137,0.0,
307,alt_routing,P3,False,FULL_D3+D4bc,False,False,False,0,0,0,111.26134139568217,0.5507569309436137,0.0,
308,alt_routing,P3,False,D0_none,False,False,False,0,0,0,111.26134139568217,0.5507569309436137,0.0,
308,alt_routing,P3,False,D3_safety_auth,False,False,False,0,0,0,111.26134139568217,0.5507569309436137,0.0,
308,alt_routing,P3,False,D4b_master_data,False,False,False,0,0,0,111.26134139568217,0.5507569309436137,0.0,
308,alt_routing,P3,False,D4c_spc,False,False,False,0,0,0,111.26134139568217,0.5507569309436137,0.0,
308,alt_routing,P3,False,D4bc_process_aware,False,False,False,0,0,0,111.26134139568217,0.5507569309436137,0.0,
308,alt_routing,P3,False,FULL_D3+D4bc,False,False,False,0,0,0,111.26134139568217,0.5507569309436137,0.0,
309,alt_routing,P3,False,D0_none,False,False,False,1,0,0,111.26134139568217,0.5323983665788266,0.0,
309,alt_routing,P3,False,D3_safety_auth,False,False,False,1,0,0,111.26134139568217,0.5323983665788266,0.0,
309,alt_routing,P3,False,D4b_master_data,False,False,False,1,0,0,111.26134139568217,0.5323983665788266,0.0,
309,alt_routing,P3,False,D4c_spc,False,False,False,1,0,0,111.26134139568217,0.5323983665788266,0.0,
309,alt_routing,P3,False,D4bc_process_aware,False,False,False,1,0,0,111.26134139568217,0.5323983665788266,0.0,
309,alt_routing,P3,False,FULL_D3+D4bc,False,False,False,1,0,0,111.26134139568217,0.5323983665788266,0.0,
310,alt_routing,P3,False,D0_none,False,False,False,0,0,0,111.26134139568217,0.5507569309436137,0.0,
310,alt_routing,P3,False,D3_safety_auth,False,False,False,0,0,0,111.26134139568217,0.5507569309436137,0.0,
310,alt_routing,P3,False,D4b_master_data,False,False,False,0,0,0,111.26134139568217,0.5507569309436137,0.0,
310,alt_routing,P3,False,D4c_spc,False,False,False,0,0,0,111.26134139568217,0.5507569309436137,0.0,
310,alt_routing,P3,False,D4bc_process_aware,False,False,False,0,0,0,111.26134139568217,0.5507569309436137,0.0,
310,alt_routing,P3,False,FULL_D3+D4bc,False,False,False,0,0,0,111.26134139568217,0.5507569309436137,0.0,
311,alt_routing,P3,False,D0_none,False,False,False,0,0,0,111.26134139568217,0.5507569309436137,0.0,
311,alt_routing,P3,False,D3_safety_auth,False,False,False,0,0,0,111.26134139568217,0.5507569309436137,0.0,
311,alt_routing,P3,False,D4b_master_data,False,False,False,0,0,0,111.26134139568217,0.5507569309436137,0.0,
311,alt_routing,P3,False,D4c_spc,False,False,False,0,0,0,111.26134139568217,0.5507569309436137,0.0,
311,alt_routing,P3,False,D4bc_process_aware,False,False,False,0,0,0,111.26134139568217,0.5507569309436137,0.0,
311,alt_routing,P3,False,FULL_D3+D4bc,False,False,False,0,0,0,111.26134139568217,0.5507569309436137,0.0,
312,alt_routing,P2,False,D0_none,False,False,False,0,0,0,83.0908545324447,0.6062951295067223,0.0,
312,alt_routing,P2,False,D3_safety_auth,False,False,False,0,0,0,83.0908545324447,0.6062951295067223,0.0,
312,alt_routing,P2,False,D4b_master_data,False,False,False,0,0,0,83.0908545324447,0.6062951295067223,0.0,
312,alt_routing,P2,False,D4c_spc,False,False,False,0,0,0,83.0908545324447,0.6062951295067223,0.0,
312,alt_routing,P2,False,D4bc_process_aware,False,False,False,0,0,0,83.0908545324447,0.6062951295067223,0.0,
312,alt_routing,P2,False,FULL_D3+D4bc,False,False,False,0,0,0,83.0908545324447,0.6062951295067223,0.0,
313,alt_routing,P2,False,D0_none,False,False,False,0,0,0,83.0908545324447,0.6062951295067223,0.0,
313,alt_routing,P2,False,D3_safety_auth,False,False,False,0,0,0,83.0908545324447,0.6062951295067223,0.0,
313,alt_routing,P2,False,D4b_master_data,False,False,False,0,0,0,83.0908545324447,0.6062951295067223,0.0,
313,alt_routing,P2,False,D4c_spc,False,False,False,0,0,0,83.0908545324447,0.6062951295067223,0.0,
313,alt_routing,P2,False,D4bc_process_aware,False,False,False,0,0,0,83.0908545324447,0.6062951295067223,0.0,
313,alt_routing,P2,False,FULL_D3+D4bc,False,False,False,0,0,0,83.0908545324447,0.6062951295067223,0.0,
314,alt_routing,P2,False,D0_none,False,False,False,0,0,0,83.0908545324447,0.6062951295067223,0.0,
314,alt_routing,P2,False,D3_safety_auth,False,False,False,0,0,0,83.0908545324447,0.6062951295067223,0.0,
314,alt_routing,P2,False,D4b_master_data,False,False,False,0,0,0,83.0908545324447,0.6062951295067223,0.0,
314,alt_routing,P2,False,D4c_spc,False,False,False,0,0,0,83.0908545324447,0.6062951295067223,0.0,
314,alt_routing,P2,False,D4bc_process_aware,False,False,False,0,0,0,83.0908545324447,0.6062951295067223,0.0,
314,alt_routing,P2,False,FULL_D3+D4bc,False,False,False,0,0,0,83.0908545324447,0.6062951295067223,0.0,
315,alt_routing,P1,False,D0_none,False,False,False,0,0,0,108.70442269800043,0.5597707472361937,0.0,
315,alt_routing,P1,False,D3_safety_auth,False,False,False,0,0,0,108.70442269800043,0.5597707472361937,0.0,
315,alt_routing,P1,False,D4b_master_data,False,False,False,0,0,0,108.70442269800043,0.5597707472361937,0.0,
315,alt_routing,P1,False,D4c_spc,False,False,False,0,0,0,108.70442269800043,0.5597707472361937,0.0,
315,alt_routing,P1,False,D4bc_process_aware,False,False,False,0,0,0,108.70442269800043,0.5597707472361937,0.0,
315,alt_routing,P1,False,FULL_D3+D4bc,False,False,False,0,0,0,108.70442269800043,0.5597707472361937,0.0,
316,alt_routing,P2,False,D0_none,False,False,False,0,0,0,83.0908545324447,0.6062951295067223,0.0,
316,alt_routing,P2,False,D3_safety_auth,False,False,False,0,0,0,83.0908545324447,0.6062951295067223,0.0,
316,alt_routing,P2,False,D4b_master_data,False,False,False,0,0,0,83.0908545324447,0.6062951295067223,0.0,
316,alt_routing,P2,False,D4c_spc,False,False,False,0,0,0,83.0908545324447,0.6062951295067223,0.0,
316,alt_routing,P2,False,D4bc_process_aware,False,False,False,0,0,0,83.0908545324447,0.6062951295067223,0.0,
316,alt_routing,P2,False,FULL_D3+D4bc,False,False,False,0,0,0,83.0908545324447,0.6062951295067223,0.0,
317,alt_routing,P3,False,D0_none,False,False,False,1,0,0,111.26134139568217,0.5323983665788266,0.0,
317,alt_routing,P3,False,D3_safety_auth,False,False,False,1,0,0,111.26134139568217,0.5323983665788266,0.0,
317,alt_routing,P3,False,D4b_master_data,False,False,False,1,0,0,111.26134139568217,0.5323983665788266,0.0,
317,alt_routing,P3,False,D4c_spc,False,False,False,1,0,0,111.26134139568217,0.5323983665788266,0.0,
317,alt_routing,P3,False,D4bc_process_aware,False,False,False,1,0,0,111.26134139568217,0.5323983665788266,0.0,
317,alt_routing,P3,False,FULL_D3+D4bc,False,False,False,1,0,0,111.26134139568217,0.5323983665788266,0.0,
318,alt_routing,P3,False,D0_none,False,False,False,0,0,0,111.26134139568217,0.5507569309436137,0.0,
318,alt_routing,P3,False,D3_safety_auth,False,False,False,0,0,0,111.26134139568217,0.5507569309436137,0.0,
318,alt_routing,P3,False,D4b_master_data,False,False,False,0,0,0,111.26134139568217,0.5507569309436137,0.0,
318,alt_routing,P3,False,D4c_spc,False,False,False,0,0,0,111.26134139568217,0.5507569309436137,0.0,
318,alt_routing,P3,False,D4bc_process_aware,False,False,False,0,0,0,111.26134139568217,0.5507569309436137,0.0,
318,alt_routing,P3,False,FULL_D3+D4bc,False,False,False,0,0,0,111.26134139568217,0.5507569309436137,0.0,
319,alt_routing,P1,False,D0_none,False,False,False,0,0,0,108.70442269800043,0.5597707472361937,0.0,
319,alt_routing,P1,False,D3_safety_auth,False,False,False,0,0,0,108.70442269800043,0.5597707472361937,0.0,
319,alt_routing,P1,False,D4b_master_data,False,False,False,0,0,0,108.70442269800043,0.5597707472361937,0.0,
319,alt_routing,P1,False,D4c_spc,False,False,False,0,0,0,108.70442269800043,0.5597707472361937,0.0,
319,alt_routing,P1,False,D4bc_process_aware,False,False,False,0,0,0,108.70442269800043,0.5597707472361937,0.0,
319,alt_routing,P1,False,FULL_D3+D4bc,False,False,False,0,0,0,108.70442269800043,0.5597707472361937,0.0,
320,alt_routing,P1,False,D0_none,False,False,False,0,0,0,108.70442269800043,0.5597707472361937,0.0,
320,alt_routing,P1,False,D3_safety_auth,False,False,False,0,0,0,108.70442269800043,0.5597707472361937,0.0,
320,alt_routing,P1,False,D4b_master_data,False,False,False,0,0,0,108.70442269800043,0.5597707472361937,0.0,
320,alt_routing,P1,False,D4c_spc,False,False,False,0,0,0,108.70442269800043,0.5597707472361937,0.0,
320,alt_routing,P1,False,D4bc_process_aware,False,False,False,0,0,0,108.70442269800043,0.5597707472361937,0.0,
320,alt_routing,P1,False,FULL_D3+D4bc,False,False,False,0,0,0,108.70442269800043,0.5597707472361937,0.0,
321,alt_routing,P3,False,D0_none,False,False,False,1,0,0,111.26134139568217,0.5323983665788266,0.0,
321,alt_routing,P3,False,D3_safety_auth,False,False,False,1,0,0,111.26134139568217,0.5323983665788266,0.0,
321,alt_routing,P3,False,D4b_master_data,False,False,False,1,0,0,111.26134139568217,0.5323983665788266,0.0,
321,alt_routing,P3,False,D4c_spc,False,False,False,1,0,0,111.26134139568217,0.5323983665788266,0.0,
321,alt_routing,P3,False,D4bc_process_aware,False,False,False,1,0,0,111.26134139568217,0.5323983665788266,0.0,
321,alt_routing,P3,False,FULL_D3+D4bc,False,False,False,1,0,0,111.26134139568217,0.5323983665788266,0.0,
322,alt_routing,P3,False,D0_none,False,False,False,0,0,0,111.26134139568217,0.5507569309436137,0.0,
322,alt_routing,P3,False,D3_safety_auth,False,False,False,0,0,0,111.26134139568217,0.5507569309436137,0.0,
322,alt_routing,P3,False,D4b_master_data,False,False,False,0,0,0,111.26134139568217,0.5507569309436137,0.0,
322,alt_routing,P3,False,D4c_spc,False,False,False,0,0,0,111.26134139568217,0.5507569309436137,0.0,
322,alt_routing,P3,False,D4bc_process_aware,False,False,False,0,0,0,111.26134139568217,0.5507569309436137,0.0,
322,alt_routing,P3,False,FULL_D3+D4bc,False,False,False,0,0,0,111.26134139568217,0.5507569309436137,0.0,
323,alt_routing,P3,False,D0_none,False,False,False,0,0,0,111.26134139568217,0.5507569309436137,0.0,
323,alt_routing,P3,False,D3_safety_auth,False,False,False,0,0,0,111.26134139568217,0.5507569309436137,0.0,
323,alt_routing,P3,False,D4b_master_data,False,False,False,0,0,0,111.26134139568217,0.5507569309436137,0.0,
323,alt_routing,P3,False,D4c_spc,False,False,False,0,0,0,111.26134139568217,0.5507569309436137,0.0,
323,alt_routing,P3,False,D4bc_process_aware,False,False,False,0,0,0,111.26134139568217,0.5507569309436137,0.0,
323,alt_routing,P3,False,FULL_D3+D4bc,False,False,False,0,0,0,111.26134139568217,0.5507569309436137,0.0,
324,alt_routing,P2,False,D0_none,False,False,False,0,0,0,83.0908545324447,0.6062951295067223,0.0,
324,alt_routing,P2,False,D3_safety_auth,False,False,False,0,0,0,83.0908545324447,0.6062951295067223,0.0,
324,alt_routing,P2,False,D4b_master_data,False,False,False,0,0,0,83.0908545324447,0.6062951295067223,0.0,
324,alt_routing,P2,False,D4c_spc,False,False,False,0,0,0,83.0908545324447,0.6062951295067223,0.0,
324,alt_routing,P2,False,D4bc_process_aware,False,False,False,0,0,0,83.0908545324447,0.6062951295067223,0.0,
324,alt_routing,P2,False,FULL_D3+D4bc,False,False,False,0,0,0,83.0908545324447,0.6062951295067223,0.0,
325,alt_routing,P2,False,D0_none,False,False,False,0,0,0,83.0908545324447,0.6062951295067223,0.0,
325,alt_routing,P2,False,D3_safety_auth,False,False,False,0,0,0,83.0908545324447,0.6062951295067223,0.0,
325,alt_routing,P2,False,D4b_master_data,False,False,False,0,0,0,83.0908545324447,0.6062951295067223,0.0,
325,alt_routing,P2,False,D4c_spc,False,False,False,0,0,0,83.0908545324447,0.6062951295067223,0.0,
325,alt_routing,P2,False,D4bc_process_aware,False,False,False,0,0,0,83.0908545324447,0.6062951295067223,0.0,
325,alt_routing,P2,False,FULL_D3+D4bc,False,False,False,0,0,0,83.0908545324447,0.6062951295067223,0.0,
326,alt_routing,P1,False,D0_none,False,False,False,0,0,0,108.70442269800043,0.5597707472361937,0.0,
326,alt_routing,P1,False,D3_safety_auth,False,False,False,0,0,0,108.70442269800043,0.5597707472361937,0.0,
326,alt_routing,P1,False,D4b_master_data,False,False,False,0,0,0,108.70442269800043,0.5597707472361937,0.0,
326,alt_routing,P1,False,D4c_spc,False,False,False,0,0,0,108.70442269800043,0.5597707472361937,0.0,
326,alt_routing,P1,False,D4bc_process_aware,False,False,False,0,0,0,108.70442269800043,0.5597707472361937,0.0,
326,alt_routing,P1,False,FULL_D3+D4bc,False,False,False,0,0,0,108.70442269800043,0.5597707472361937,0.0,
327,alt_routing,P2,False,D0_none,False,False,False,0,0,0,83.0908545324447,0.6062951295067223,0.0,
327,alt_routing,P2,False,D3_safety_auth,False,False,False,0,0,0,83.0908545324447,0.6062951295067223,0.0,
327,alt_routing,P2,False,D4b_master_data,False,False,False,0,0,0,83.0908545324447,0.6062951295067223,0.0,
327,alt_routing,P2,False,D4c_spc,False,False,False,0,0,0,83.0908545324447,0.6062951295067223,0.0,
327,alt_routing,P2,False,D4bc_process_aware,False,False,False,0,0,0,83.0908545324447,0.6062951295067223,0.0,
327,alt_routing,P2,False,FULL_D3+D4bc,False,False,False,0,0,0,83.0908545324447,0.6062951295067223,0.0,
328,alt_routing,P3,False,D0_none,False,False,False,0,0,0,111.26134139568217,0.5507569309436137,0.0,
328,alt_routing,P3,False,D3_safety_auth,False,False,False,0,0,0,111.26134139568217,0.5507569309436137,0.0,
328,alt_routing,P3,False,D4b_master_data,False,False,False,0,0,0,111.26134139568217,0.5507569309436137,0.0,
328,alt_routing,P3,False,D4c_spc,False,False,False,0,0,0,111.26134139568217,0.5507569309436137,0.0,
328,alt_routing,P3,False,D4bc_process_aware,False,False,False,0,0,0,111.26134139568217,0.5507569309436137,0.0,
328,alt_routing,P3,False,FULL_D3+D4bc,False,False,False,0,0,0,111.26134139568217,0.5507569309436137,0.0,
329,alt_routing,P2,False,D0_none,False,False,False,0,0,0,83.0908545324447,0.6062951295067223,0.0,
329,alt_routing,P2,False,D3_safety_auth,False,False,False,0,0,0,83.0908545324447,0.6062951295067223,0.0,
329,alt_routing,P2,False,D4b_master_data,False,False,False,0,0,0,83.0908545324447,0.6062951295067223,0.0,
329,alt_routing,P2,False,D4c_spc,False,False,False,0,0,0,83.0908545324447,0.6062951295067223,0.0,
329,alt_routing,P2,False,D4bc_process_aware,False,False,False,0,0,0,83.0908545324447,0.6062951295067223,0.0,
329,alt_routing,P2,False,FULL_D3+D4bc,False,False,False,0,0,0,83.0908545324447,0.6062951295067223,0.0,
330,alt_routing,P1,False,D0_none,False,False,False,0,0,0,108.70442269800043,0.5597707472361937,0.0,
330,alt_routing,P1,False,D3_safety_auth,False,False,False,0,0,0,108.70442269800043,0.5597707472361937,0.0,
330,alt_routing,P1,False,D4b_master_data,False,False,False,0,0,0,108.70442269800043,0.5597707472361937,0.0,
330,alt_routing,P1,False,D4c_spc,False,False,False,0,0,0,108.70442269800043,0.5597707472361937,0.0,
330,alt_routing,P1,False,D4bc_process_aware,False,False,False,0,0,0,108.70442269800043,0.5597707472361937,0.0,
330,alt_routing,P1,False,FULL_D3+D4bc,False,False,False,0,0,0,108.70442269800043,0.5597707472361937,0.0,
331,alt_routing,P3,False,D0_none,False,False,False,0,0,0,111.26134139568217,0.5507569309436137,0.0,
331,alt_routing,P3,False,D3_safety_auth,False,False,False,0,0,0,111.26134139568217,0.5507569309436137,0.0,
331,alt_routing,P3,False,D4b_master_data,False,False,False,0,0,0,111.26134139568217,0.5507569309436137,0.0,
331,alt_routing,P3,False,D4c_spc,False,False,False,0,0,0,111.26134139568217,0.5507569309436137,0.0,
331,alt_routing,P3,False,D4bc_process_aware,False,False,False,0,0,0,111.26134139568217,0.5507569309436137,0.0,
331,alt_routing,P3,False,FULL_D3+D4bc,False,False,False,0,0,0,111.26134139568217,0.5507569309436137,0.0,
332,alt_routing,P3,False,D0_none,False,False,False,0,0,0,111.26134139568217,0.5507569309436137,0.0,
332,alt_routing,P3,False,D3_safety_auth,False,False,False,0,0,0,111.26134139568217,0.5507569309436137,0.0,
332,alt_routing,P3,False,D4b_master_data,False,False,False,0,0,0,111.26134139568217,0.5507569309436137,0.0,
332,alt_routing,P3,False,D4c_spc,False,False,False,0,0,0,111.26134139568217,0.5507569309436137,0.0,
332,alt_routing,P3,False,D4bc_process_aware,False,False,False,0,0,0,111.26134139568217,0.5507569309436137,0.0,
332,alt_routing,P3,False,FULL_D3+D4bc,False,False,False,0,0,0,111.26134139568217,0.5507569309436137,0.0,
333,alt_routing,P1,False,D0_none,False,False,False,0,0,0,108.70442269800043,0.5597707472361937,0.0,
333,alt_routing,P1,False,D3_safety_auth,False,False,False,0,0,0,108.70442269800043,0.5597707472361937,0.0,
333,alt_routing,P1,False,D4b_master_data,False,False,False,0,0,0,108.70442269800043,0.5597707472361937,0.0,
333,alt_routing,P1,False,D4c_spc,False,False,False,0,0,0,108.70442269800043,0.5597707472361937,0.0,
333,alt_routing,P1,False,D4bc_process_aware,False,False,False,0,0,0,108.70442269800043,0.5597707472361937,0.0,
333,alt_routing,P1,False,FULL_D3+D4bc,False,False,False,0,0,0,108.70442269800043,0.5597707472361937,0.0,
334,alt_routing,P2,False,D0_none,False,False,False,0,0,0,83.0908545324447,0.6062951295067223,0.0,
334,alt_routing,P2,False,D3_safety_auth,False,False,False,0,0,0,83.0908545324447,0.6062951295067223,0.0,
334,alt_routing,P2,False,D4b_master_data,False,False,False,0,0,0,83.0908545324447,0.6062951295067223,0.0,
334,alt_routing,P2,False,D4c_spc,False,False,False,0,0,0,83.0908545324447,0.6062951295067223,0.0,
334,alt_routing,P2,False,D4bc_process_aware,False,False,False,0,0,0,83.0908545324447,0.6062951295067223,0.0,
334,alt_routing,P2,False,FULL_D3+D4bc,False,False,False,0,0,0,83.0908545324447,0.6062951295067223,0.0,
335,alt_routing,P3,False,D0_none,False,False,False,0,0,0,111.26134139568217,0.5507569309436137,0.0,
335,alt_routing,P3,False,D3_safety_auth,False,False,False,0,0,0,111.26134139568217,0.5507569309436137,0.0,
335,alt_routing,P3,False,D4b_master_data,False,False,False,0,0,0,111.26134139568217,0.5507569309436137,0.0,
335,alt_routing,P3,False,D4c_spc,False,False,False,0,0,0,111.26134139568217,0.5507569309436137,0.0,
335,alt_routing,P3,False,D4bc_process_aware,False,False,False,0,0,0,111.26134139568217,0.5507569309436137,0.0,
335,alt_routing,P3,False,FULL_D3+D4bc,False,False,False,0,0,0,111.26134139568217,0.5507569309436137,0.0,
336,alt_routing,P1,False,D0_none,False,False,False,0,0,0,108.70442269800043,0.5597707472361937,0.0,
336,alt_routing,P1,False,D3_safety_auth,False,False,False,0,0,0,108.70442269800043,0.5597707472361937,0.0,
336,alt_routing,P1,False,D4b_master_data,False,False,False,0,0,0,108.70442269800043,0.5597707472361937,0.0,
336,alt_routing,P1,False,D4c_spc,False,False,False,0,0,0,108.70442269800043,0.5597707472361937,0.0,
336,alt_routing,P1,False,D4bc_process_aware,False,False,False,0,0,0,108.70442269800043,0.5597707472361937,0.0,
336,alt_routing,P1,False,FULL_D3+D4bc,False,False,False,0,0,0,108.70442269800043,0.5597707472361937,0.0,
337,alt_routing,P3,False,D0_none,False,False,False,0,1,0,111.26134139568217,0.5323983665788266,0.0,
337,alt_routing,P3,False,D3_safety_auth,False,False,False,0,1,0,111.26134139568217,0.5323983665788266,0.0,
337,alt_routing,P3,False,D4b_master_data,False,False,False,0,1,0,111.26134139568217,0.5323983665788266,0.0,
337,alt_routing,P3,False,D4c_spc,False,True,True,0,1,0,126.26134139568217,0.4691487969923949,17.0,
337,alt_routing,P3,False,D4bc_process_aware,False,True,True,0,1,0,126.26134139568217,0.4691487969923949,17.0,
337,alt_routing,P3,False,FULL_D3+D4bc,False,True,True,0,1,0,126.26134139568217,0.4691487969923949,17.0,
338,alt_routing,P2,False,D0_none,False,False,False,0,0,0,83.0908545324447,0.6062951295067223,0.0,
338,alt_routing,P2,False,D3_safety_auth,False,False,False,0,0,0,83.0908545324447,0.6062951295067223,0.0,
338,alt_routing,P2,False,D4b_master_data,False,False,False,0,0,0,83.0908545324447,0.6062951295067223,0.0,
338,alt_routing,P2,False,D4c_spc,False,False,False,0,0,0,83.0908545324447,0.6062951295067223,0.0,
338,alt_routing,P2,False,D4bc_process_aware,False,False,False,0,0,0,83.0908545324447,0.6062951295067223,0.0,
338,alt_routing,P2,False,FULL_D3+D4bc,False,False,False,0,0,0,83.0908545324447,0.6062951295067223,0.0,
339,alt_routing,P1,False,D0_none,False,False,False,0,0,0,108.70442269800043,0.5597707472361937,0.0,
339,alt_routing,P1,False,D3_safety_auth,False,False,False,0,0,0,108.70442269800043,0.5597707472361937,0.0,
339,alt_routing,P1,False,D4b_master_data,False,False,False,0,0,0,108.70442269800043,0.5597707472361937,0.0,
339,alt_routing,P1,False,D4c_spc,False,False,False,0,0,0,108.70442269800043,0.5597707472361937,0.0,
339,alt_routing,P1,False,D4bc_process_aware,False,False,False,0,0,0,108.70442269800043,0.5597707472361937,0.0,
339,alt_routing,P1,False,FULL_D3+D4bc,False,False,False,0,0,0,108.70442269800043,0.5597707472361937,0.0,
340,alt_routing,P2,False,D0_none,False,False,False,0,0,0,83.0908545324447,0.6062951295067223,0.0,
340,alt_routing,P2,False,D3_safety_auth,False,False,False,0,0,0,83.0908545324447,0.6062951295067223,0.0,
340,alt_routing,P2,False,D4b_master_data,False,False,False,0,0,0,83.0908545324447,0.6062951295067223,0.0,
340,alt_routing,P2,False,D4c_spc,False,False,False,0,0,0,83.0908545324447,0.6062951295067223,0.0,
340,alt_routing,P2,False,D4bc_process_aware,False,False,False,0,0,0,83.0908545324447,0.6062951295067223,0.0,
340,alt_routing,P2,False,FULL_D3+D4bc,False,False,False,0,0,0,83.0908545324447,0.6062951295067223,0.0,
341,alt_routing,P2,False,D0_none,False,False,False,0,0,0,83.0908545324447,0.6062951295067223,0.0,
341,alt_routing,P2,False,D3_safety_auth,False,False,False,0,0,0,83.0908545324447,0.6062951295067223,0.0,
341,alt_routing,P2,False,D4b_master_data,False,False,False,0,0,0,83.0908545324447,0.6062951295067223,0.0,
341,alt_routing,P2,False,D4c_spc,False,False,False,0,0,0,83.0908545324447,0.6062951295067223,0.0,
341,alt_routing,P2,False,D4bc_process_aware,False,False,False,0,0,0,83.0908545324447,0.6062951295067223,0.0,
341,alt_routing,P2,False,FULL_D3+D4bc,False,False,False,0,0,0,83.0908545324447,0.6062951295067223,0.0,
342,alt_routing,P1,False,D0_none,False,False,False,0,0,0,108.70442269800043,0.5597707472361937,0.0,
342,alt_routing,P1,False,D3_safety_auth,False,False,False,0,0,0,108.70442269800043,0.5597707472361937,0.0,
342,alt_routing,P1,False,D4b_master_data,False,False,False,0,0,0,108.70442269800043,0.5597707472361937,0.0,
342,alt_routing,P1,False,D4c_spc,False,False,False,0,0,0,108.70442269800043,0.5597707472361937,0.0,
342,alt_routing,P1,False,D4bc_process_aware,False,False,False,0,0,0,108.70442269800043,0.5597707472361937,0.0,
342,alt_routing,P1,False,FULL_D3+D4bc,False,False,False,0,0,0,108.70442269800043,0.5597707472361937,0.0,
343,alt_routing,P3,False,D0_none,False,False,False,0,0,0,111.26134139568217,0.5507569309436137,0.0,
343,alt_routing,P3,False,D3_safety_auth,False,False,False,0,0,0,111.26134139568217,0.5507569309436137,0.0,
343,alt_routing,P3,False,D4b_master_data,False,False,False,0,0,0,111.26134139568217,0.5507569309436137,0.0,
343,alt_routing,P3,False,D4c_spc,False,False,False,0,0,0,111.26134139568217,0.5507569309436137,0.0,
343,alt_routing,P3,False,D4bc_process_aware,False,False,False,0,0,0,111.26134139568217,0.5507569309436137,0.0,
343,alt_routing,P3,False,FULL_D3+D4bc,False,False,False,0,0,0,111.26134139568217,0.5507569309436137,0.0,
344,alt_routing,P1,False,D0_none,False,False,False,0,0,0,108.70442269800043,0.5597707472361937,0.0,
344,alt_routing,P1,False,D3_safety_auth,False,False,False,0,0,0,108.70442269800043,0.5597707472361937,0.0,
344,alt_routing,P1,False,D4b_master_data,False,False,False,0,0,0,108.70442269800043,0.5597707472361937,0.0,
344,alt_routing,P1,False,D4c_spc,False,False,False,0,0,0,108.70442269800043,0.5597707472361937,0.0,
344,alt_routing,P1,False,D4bc_process_aware,False,False,False,0,0,0,108.70442269800043,0.5597707472361937,0.0,
344,alt_routing,P1,False,FULL_D3+D4bc,False,False,False,0,0,0,108.70442269800043,0.5597707472361937,0.0,
345,alt_routing,P3,True,D0_none,False,False,False,0,0,0,111.26134139568217,0.5507569309436137,0.0,
345,alt_routing,P3,True,D3_safety_auth,False,False,False,0,0,0,111.26134139568217,0.5507569309436137,0.0,
345,alt_routing,P3,True,D4b_master_data,True,False,False,0,0,0,126.26134139568217,0.4853263417162706,15.0,machine M2 not on authorised routing
345,alt_routing,P3,True,D4c_spc,False,False,False,0,0,0,111.26134139568217,0.5507569309436137,0.0,
345,alt_routing,P3,True,D4bc_process_aware,True,False,False,0,0,0,126.26134139568217,0.4853263417162706,15.0,machine M2 not on authorised routing
345,alt_routing,P3,True,FULL_D3+D4bc,True,False,False,0,0,0,126.26134139568217,0.4853263417162706,15.0,machine M2 not on authorised routing
346,alt_routing,P2,False,D0_none,False,False,False,0,0,0,83.0908545324447,0.6062951295067223,0.0,
346,alt_routing,P2,False,D3_safety_auth,False,False,False,0,0,0,83.0908545324447,0.6062951295067223,0.0,
346,alt_routing,P2,False,D4b_master_data,False,False,False,0,0,0,83.0908545324447,0.6062951295067223,0.0,
346,alt_routing,P2,False,D4c_spc,False,False,False,0,0,0,83.0908545324447,0.6062951295067223,0.0,
346,alt_routing,P2,False,D4bc_process_aware,False,False,False,0,0,0,83.0908545324447,0.6062951295067223,0.0,
346,alt_routing,P2,False,FULL_D3+D4bc,False,False,False,0,0,0,83.0908545324447,0.6062951295067223,0.0,
347,alt_routing,P3,False,D0_none,False,False,False,0,0,0,111.26134139568217,0.5507569309436137,0.0,
347,alt_routing,P3,False,D3_safety_auth,False,False,False,0,0,0,111.26134139568217,0.5507569309436137,0.0,
347,alt_routing,P3,False,D4b_master_data,False,False,False,0,0,0,111.26134139568217,0.5507569309436137,0.0,
347,alt_routing,P3,False,D4c_spc,False,False,False,0,0,0,111.26134139568217,0.5507569309436137,0.0,
347,alt_routing,P3,False,D4bc_process_aware,False,False,False,0,0,0,111.26134139568217,0.5507569309436137,0.0,
347,alt_routing,P3,False,FULL_D3+D4bc,False,False,False,0,0,0,111.26134139568217,0.5507569309436137,0.0,
348,alt_routing,P2,False,D0_none,False,False,False,0,0,0,83.0908545324447,0.6062951295067223,0.0,
348,alt_routing,P2,False,D3_safety_auth,False,False,False,0,0,0,83.0908545324447,0.6062951295067223,0.0,
348,alt_routing,P2,False,D4b_master_data,False,False,False,0,0,0,83.0908545324447,0.6062951295067223,0.0,
348,alt_routing,P2,False,D4c_spc,False,False,False,0,0,0,83.0908545324447,0.6062951295067223,0.0,
348,alt_routing,P2,False,D4bc_process_aware,False,False,False,0,0,0,83.0908545324447,0.6062951295067223,0.0,
348,alt_routing,P2,False,FULL_D3+D4bc,False,False,False,0,0,0,83.0908545324447,0.6062951295067223,0.0,
349,alt_routing,P2,False,D0_none,False,False,False,0,0,0,83.0908545324447,0.6062951295067223,0.0,
349,alt_routing,P2,False,D3_safety_auth,False,False,False,0,0,0,83.0908545324447,0.6062951295067223,0.0,
349,alt_routing,P2,False,D4b_master_data,False,False,False,0,0,0,83.0908545324447,0.6062951295067223,0.0,
349,alt_routing,P2,False,D4c_spc,False,False,False,0,0,0,83.0908545324447,0.6062951295067223,0.0,
349,alt_routing,P2,False,D4bc_process_aware,False,False,False,0,0,0,83.0908545324447,0.6062951295067223,0.0,
349,alt_routing,P2,False,FULL_D3+D4bc,False,False,False,0,0,0,83.0908545324447,0.6062951295067223,0.0,
350,alt_routing,P3,False,D0_none,False,False,False,0,1,0,111.26134139568217,0.5323983665788266,0.0,
350,alt_routing,P3,False,D3_safety_auth,False,False,False,0,1,0,111.26134139568217,0.5323983665788266,0.0,
350,alt_routing,P3,False,D4b_master_data,False,False,False,0,1,0,111.26134139568217,0.5323983665788266,0.0,
350,alt_routing,P3,False,D4c_spc,False,True,True,0,1,0,126.26134139568217,0.4691487969923949,17.0,
350,alt_routing,P3,False,D4bc_process_aware,False,True,True,0,1,0,126.26134139568217,0.4691487969923949,17.0,
350,alt_routing,P3,False,FULL_D3+D4bc,False,True,True,0,1,0,126.26134139568217,0.4691487969923949,17.0,
351,alt_routing,P1,False,D0_none,False,False,False,0,0,0,108.70442269800043,0.5597707472361937,0.0,
351,alt_routing,P1,False,D3_safety_auth,False,False,False,0,0,0,108.70442269800043,0.5597707472361937,0.0,
351,alt_routing,P1,False,D4b_master_data,False,False,False,0,0,0,108.70442269800043,0.5597707472361937,0.0,
351,alt_routing,P1,False,D4c_spc,False,False,False,0,0,0,108.70442269800043,0.5597707472361937,0.0,
351,alt_routing,P1,False,D4bc_process_aware,False,False,False,0,0,0,108.70442269800043,0.5597707472361937,0.0,
351,alt_routing,P1,False,FULL_D3+D4bc,False,False,False,0,0,0,108.70442269800043,0.5597707472361937,0.0,
352,alt_routing,P2,False,D0_none,False,False,False,0,0,0,83.0908545324447,0.6062951295067223,0.0,
352,alt_routing,P2,False,D3_safety_auth,False,False,False,0,0,0,83.0908545324447,0.6062951295067223,0.0,
352,alt_routing,P2,False,D4b_master_data,False,False,False,0,0,0,83.0908545324447,0.6062951295067223,0.0,
352,alt_routing,P2,False,D4c_spc,False,False,False,0,0,0,83.0908545324447,0.6062951295067223,0.0,
352,alt_routing,P2,False,D4bc_process_aware,False,False,False,0,0,0,83.0908545324447,0.6062951295067223,0.0,
352,alt_routing,P2,False,FULL_D3+D4bc,False,False,False,0,0,0,83.0908545324447,0.6062951295067223,0.0,
353,alt_routing,P1,False,D0_none,False,False,False,0,0,0,108.70442269800043,0.5597707472361937,0.0,
353,alt_routing,P1,False,D3_safety_auth,False,False,False,0,0,0,108.70442269800043,0.5597707472361937,0.0,
353,alt_routing,P1,False,D4b_master_data,False,False,False,0,0,0,108.70442269800043,0.5597707472361937,0.0,
353,alt_routing,P1,False,D4c_spc,False,False,False,0,0,0,108.70442269800043,0.5597707472361937,0.0,
353,alt_routing,P1,False,D4bc_process_aware,False,False,False,0,0,0,108.70442269800043,0.5597707472361937,0.0,
353,alt_routing,P1,False,FULL_D3+D4bc,False,False,False,0,0,0,108.70442269800043,0.5597707472361937,0.0,
354,alt_routing,P1,True,D0_none,False,False,False,0,0,0,108.70442269800043,0.5597707472361937,0.0,
354,alt_routing,P1,True,D3_safety_auth,False,False,False,0,0,0,108.70442269800043,0.5597707472361937,0.0,
354,alt_routing,P1,True,D4b_master_data,True,False,False,0,0,0,123.70442269800043,0.4918947487438728,15.0,machine M2 not on authorised routing
354,alt_routing,P1,True,D4c_spc,False,False,False,0,0,0,108.70442269800043,0.5597707472361937,0.0,
354,alt_routing,P1,True,D4bc_process_aware,True,False,False,0,0,0,123.70442269800043,0.4918947487438728,15.0,machine M2 not on authorised routing
354,alt_routing,P1,True,FULL_D3+D4bc,True,False,False,0,0,0,123.70442269800043,0.4918947487438728,15.0,machine M2 not on authorised routing
355,alt_routing,P3,False,D0_none,False,False,False,0,0,0,111.26134139568217,0.5507569309436137,0.0,
355,alt_routing,P3,False,D3_safety_auth,False,False,False,0,0,0,111.26134139568217,0.5507569309436137,0.0,
355,alt_routing,P3,False,D4b_master_data,False,False,False,0,0,0,111.26134139568217,0.5507569309436137,0.0,
355,alt_routing,P3,False,D4c_spc,False,False,False,0,0,0,111.26134139568217,0.5507569309436137,0.0,
355,alt_routing,P3,False,D4bc_process_aware,False,False,False,0,0,0,111.26134139568217,0.5507569309436137,0.0,
355,alt_routing,P3,False,FULL_D3+D4bc,False,False,False,0,0,0,111.26134139568217,0.5507569309436137,0.0,
356,alt_routing,P3,False,D0_none,False,False,False,0,0,0,111.26134139568217,0.5507569309436137,0.0,
356,alt_routing,P3,False,D3_safety_auth,False,False,False,0,0,0,111.26134139568217,0.5507569309436137,0.0,
356,alt_routing,P3,False,D4b_master_data,False,False,False,0,0,0,111.26134139568217,0.5507569309436137,0.0,
356,alt_routing,P3,False,D4c_spc,False,False,False,0,0,0,111.26134139568217,0.5507569309436137,0.0,
356,alt_routing,P3,False,D4bc_process_aware,False,False,False,0,0,0,111.26134139568217,0.5507569309436137,0.0,
356,alt_routing,P3,False,FULL_D3+D4bc,False,False,False,0,0,0,111.26134139568217,0.5507569309436137,0.0,
357,alt_routing,P3,False,D0_none,False,False,False,0,0,0,111.26134139568217,0.5507569309436137,0.0,
357,alt_routing,P3,False,D3_safety_auth,False,False,False,0,0,0,111.26134139568217,0.5507569309436137,0.0,
357,alt_routing,P3,False,D4b_master_data,False,False,False,0,0,0,111.26134139568217,0.5507569309436137,0.0,
357,alt_routing,P3,False,D4c_spc,False,False,False,0,0,0,111.26134139568217,0.5507569309436137,0.0,
357,alt_routing,P3,False,D4bc_process_aware,False,False,False,0,0,0,111.26134139568217,0.5507569309436137,0.0,
357,alt_routing,P3,False,FULL_D3+D4bc,False,False,False,0,0,0,111.26134139568217,0.5507569309436137,0.0,
358,alt_routing,P3,False,D0_none,False,False,False,0,0,0,111.26134139568217,0.5507569309436137,0.0,
358,alt_routing,P3,False,D3_safety_auth,False,False,False,0,0,0,111.26134139568217,0.5507569309436137,0.0,
358,alt_routing,P3,False,D4b_master_data,False,False,False,0,0,0,111.26134139568217,0.5507569309436137,0.0,
358,alt_routing,P3,False,D4c_spc,False,False,False,0,0,0,111.26134139568217,0.5507569309436137,0.0,
358,alt_routing,P3,False,D4bc_process_aware,False,False,False,0,0,0,111.26134139568217,0.5507569309436137,0.0,
358,alt_routing,P3,False,FULL_D3+D4bc,False,False,False,0,0,0,111.26134139568217,0.5507569309436137,0.0,
359,alt_routing,P2,True,D0_none,False,False,False,0,0,0,83.0908545324447,0.6062951295067223,0.0,
359,alt_routing,P2,True,D3_safety_auth,False,False,False,0,0,0,83.0908545324447,0.6062951295067223,0.0,
359,alt_routing,P2,True,D4b_master_data,True,False,False,0,0,0,98.0908545324447,0.5135808088297346,15.0,machine M2 not on authorised routing
359,alt_routing,P2,True,D4c_spc,False,False,False,0,0,0,83.0908545324447,0.6062951295067223,0.0,
359,alt_routing,P2,True,D4bc_process_aware,True,False,False,0,0,0,98.0908545324447,0.5135808088297346,15.0,machine M2 not on authorised routing
359,alt_routing,P2,True,FULL_D3+D4bc,True,False,False,0,0,0,98.0908545324447,0.5135808088297346,15.0,machine M2 not on authorised routing
360,alt_routing,P3,False,D0_none,False,False,False,0,0,0,111.26134139568217,0.5507569309436137,0.0,
360,alt_routing,P3,False,D3_safety_auth,False,False,False,0,0,0,111.26134139568217,0.5507569309436137,0.0,
360,alt_routing,P3,False,D4b_master_data,False,False,False,0,0,0,111.26134139568217,0.5507569309436137,0.0,
360,alt_routing,P3,False,D4c_spc,False,False,False,0,0,0,111.26134139568217,0.5507569309436137,0.0,
360,alt_routing,P3,False,D4bc_process_aware,False,False,False,0,0,0,111.26134139568217,0.5507569309436137,0.0,
360,alt_routing,P3,False,FULL_D3+D4bc,False,False,False,0,0,0,111.26134139568217,0.5507569309436137,0.0,
361,alt_routing,P3,False,D0_none,False,False,False,0,0,0,111.26134139568217,0.5507569309436137,0.0,
361,alt_routing,P3,False,D3_safety_auth,False,False,False,0,0,0,111.26134139568217,0.5507569309436137,0.0,
361,alt_routing,P3,False,D4b_master_data,False,False,False,0,0,0,111.26134139568217,0.5507569309436137,0.0,
361,alt_routing,P3,False,D4c_spc,False,False,False,0,0,0,111.26134139568217,0.5507569309436137,0.0,
361,alt_routing,P3,False,D4bc_process_aware,False,False,False,0,0,0,111.26134139568217,0.5507569309436137,0.0,
361,alt_routing,P3,False,FULL_D3+D4bc,False,False,False,0,0,0,111.26134139568217,0.5507569309436137,0.0,
362,alt_routing,P2,False,D0_none,False,False,False,0,0,0,83.0908545324447,0.6062951295067223,0.0,
362,alt_routing,P2,False,D3_safety_auth,False,False,False,0,0,0,83.0908545324447,0.6062951295067223,0.0,
362,alt_routing,P2,False,D4b_master_data,False,False,False,0,0,0,83.0908545324447,0.6062951295067223,0.0,
362,alt_routing,P2,False,D4c_spc,False,False,False,0,0,0,83.0908545324447,0.6062951295067223,0.0,
362,alt_routing,P2,False,D4bc_process_aware,False,False,False,0,0,0,83.0908545324447,0.6062951295067223,0.0,
362,alt_routing,P2,False,FULL_D3+D4bc,False,False,False,0,0,0,83.0908545324447,0.6062951295067223,0.0,
363,alt_routing,P2,False,D0_none,False,False,False,0,0,0,83.0908545324447,0.6062951295067223,0.0,
363,alt_routing,P2,False,D3_safety_auth,False,False,False,0,0,0,83.0908545324447,0.6062951295067223,0.0,
363,alt_routing,P2,False,D4b_master_data,False,False,False,0,0,0,83.0908545324447,0.6062951295067223,0.0,
363,alt_routing,P2,False,D4c_spc,False,False,False,0,0,0,83.0908545324447,0.6062951295067223,0.0,
363,alt_routing,P2,False,D4bc_process_aware,False,False,False,0,0,0,83.0908545324447,0.6062951295067223,0.0,
363,alt_routing,P2,False,FULL_D3+D4bc,False,False,False,0,0,0,83.0908545324447,0.6062951295067223,0.0,
364,alt_routing,P2,False,D0_none,False,False,False,0,0,0,83.0908545324447,0.6062951295067223,0.0,
364,alt_routing,P2,False,D3_safety_auth,False,False,False,0,0,0,83.0908545324447,0.6062951295067223,0.0,
364,alt_routing,P2,False,D4b_master_data,False,False,False,0,0,0,83.0908545324447,0.6062951295067223,0.0,
364,alt_routing,P2,False,D4c_spc,False,False,False,0,0,0,83.0908545324447,0.6062951295067223,0.0,
364,alt_routing,P2,False,D4bc_process_aware,False,False,False,0,0,0,83.0908545324447,0.6062951295067223,0.0,
364,alt_routing,P2,False,FULL_D3+D4bc,False,False,False,0,0,0,83.0908545324447,0.6062951295067223,0.0,
365,alt_routing,P2,False,D0_none,False,False,False,0,0,0,83.0908545324447,0.6062951295067223,0.0,
365,alt_routing,P2,False,D3_safety_auth,False,False,False,0,0,0,83.0908545324447,0.6062951295067223,0.0,
365,alt_routing,P2,False,D4b_master_data,False,False,False,0,0,0,83.0908545324447,0.6062951295067223,0.0,
365,alt_routing,P2,False,D4c_spc,False,False,False,0,0,0,83.0908545324447,0.6062951295067223,0.0,
365,alt_routing,P2,False,D4bc_process_aware,False,False,False,0,0,0,83.0908545324447,0.6062951295067223,0.0,
365,alt_routing,P2,False,FULL_D3+D4bc,False,False,False,0,0,0,83.0908545324447,0.6062951295067223,0.0,
366,alt_routing,P3,True,D0_none,False,False,False,0,0,0,111.26134139568217,0.5507569309436137,0.0,
366,alt_routing,P3,True,D3_safety_auth,False,False,False,0,0,0,111.26134139568217,0.5507569309436137,0.0,
366,alt_routing,P3,True,D4b_master_data,True,False,False,0,0,0,126.26134139568217,0.4853263417162706,15.0,machine M2 not on authorised routing
366,alt_routing,P3,True,D4c_spc,False,False,False,0,0,0,111.26134139568217,0.5507569309436137,0.0,
366,alt_routing,P3,True,D4bc_process_aware,True,False,False,0,0,0,126.26134139568217,0.4853263417162706,15.0,machine M2 not on authorised routing
366,alt_routing,P3,True,FULL_D3+D4bc,True,False,False,0,0,0,126.26134139568217,0.4853263417162706,15.0,machine M2 not on authorised routing
367,alt_routing,P1,False,D0_none,False,False,False,0,0,0,108.70442269800043,0.5597707472361937,0.0,
367,alt_routing,P1,False,D3_safety_auth,False,False,False,0,0,0,108.70442269800043,0.5597707472361937,0.0,
367,alt_routing,P1,False,D4b_master_data,False,False,False,0,0,0,108.70442269800043,0.5597707472361937,0.0,
367,alt_routing,P1,False,D4c_spc,False,False,False,0,0,0,108.70442269800043,0.5597707472361937,0.0,
367,alt_routing,P1,False,D4bc_process_aware,False,False,False,0,0,0,108.70442269800043,0.5597707472361937,0.0,
367,alt_routing,P1,False,FULL_D3+D4bc,False,False,False,0,0,0,108.70442269800043,0.5597707472361937,0.0,
368,alt_routing,P1,False,D0_none,False,False,False,0,0,0,108.70442269800043,0.5597707472361937,0.0,
368,alt_routing,P1,False,D3_safety_auth,False,False,False,0,0,0,108.70442269800043,0.5597707472361937,0.0,
368,alt_routing,P1,False,D4b_master_data,False,False,False,0,0,0,108.70442269800043,0.5597707472361937,0.0,
368,alt_routing,P1,False,D4c_spc,False,False,False,0,0,0,108.70442269800043,0.5597707472361937,0.0,
368,alt_routing,P1,False,D4bc_process_aware,False,False,False,0,0,0,108.70442269800043,0.5597707472361937,0.0,
368,alt_routing,P1,False,FULL_D3+D4bc,False,False,False,0,0,0,108.70442269800043,0.5597707472361937,0.0,
369,alt_routing,P3,False,D0_none,False,False,False,0,0,0,111.26134139568217,0.5507569309436137,0.0,
369,alt_routing,P3,False,D3_safety_auth,False,False,False,0,0,0,111.26134139568217,0.5507569309436137,0.0,
369,alt_routing,P3,False,D4b_master_data,False,False,False,0,0,0,111.26134139568217,0.5507569309436137,0.0,
369,alt_routing,P3,False,D4c_spc,False,False,False,0,0,0,111.26134139568217,0.5507569309436137,0.0,
369,alt_routing,P3,False,D4bc_process_aware,False,False,False,0,0,0,111.26134139568217,0.5507569309436137,0.0,
369,alt_routing,P3,False,FULL_D3+D4bc,False,False,False,0,0,0,111.26134139568217,0.5507569309436137,0.0,
370,alt_routing,P3,False,D0_none,False,False,False,0,0,0,111.26134139568217,0.5507569309436137,0.0,
370,alt_routing,P3,False,D3_safety_auth,False,False,False,0,0,0,111.26134139568217,0.5507569309436137,0.0,
370,alt_routing,P3,False,D4b_master_data,False,False,False,0,0,0,111.26134139568217,0.5507569309436137,0.0,
370,alt_routing,P3,False,D4c_spc,False,False,False,0,0,0,111.26134139568217,0.5507569309436137,0.0,
370,alt_routing,P3,False,D4bc_process_aware,False,False,False,0,0,0,111.26134139568217,0.5507569309436137,0.0,
370,alt_routing,P3,False,FULL_D3+D4bc,False,False,False,0,0,0,111.26134139568217,0.5507569309436137,0.0,
371,alt_routing,P2,False,D0_none,False,False,False,0,0,0,83.0908545324447,0.6062951295067223,0.0,
371,alt_routing,P2,False,D3_safety_auth,False,False,False,0,0,0,83.0908545324447,0.6062951295067223,0.0,
371,alt_routing,P2,False,D4b_master_data,False,False,False,0,0,0,83.0908545324447,0.6062951295067223,0.0,
371,alt_routing,P2,False,D4c_spc,False,False,False,0,0,0,83.0908545324447,0.6062951295067223,0.0,
371,alt_routing,P2,False,D4bc_process_aware,False,False,False,0,0,0,83.0908545324447,0.6062951295067223,0.0,
371,alt_routing,P2,False,FULL_D3+D4bc,False,False,False,0,0,0,83.0908545324447,0.6062951295067223,0.0,
372,alt_routing,P1,True,D0_none,False,False,False,0,0,0,108.70442269800043,0.5597707472361937,0.0,
372,alt_routing,P1,True,D3_safety_auth,False,False,False,0,0,0,108.70442269800043,0.5597707472361937,0.0,
372,alt_routing,P1,True,D4b_master_data,True,False,False,0,0,0,123.70442269800043,0.4918947487438728,15.0,machine M2 not on authorised routing
372,alt_routing,P1,True,D4c_spc,False,False,False,0,0,0,108.70442269800043,0.5597707472361937,0.0,
372,alt_routing,P1,True,D4bc_process_aware,True,False,False,0,0,0,123.70442269800043,0.4918947487438728,15.0,machine M2 not on authorised routing
372,alt_routing,P1,True,FULL_D3+D4bc,True,False,False,0,0,0,123.70442269800043,0.4918947487438728,15.0,machine M2 not on authorised routing
373,alt_routing,P2,False,D0_none,False,False,False,0,0,0,83.0908545324447,0.6062951295067223,0.0,
373,alt_routing,P2,False,D3_safety_auth,False,False,False,0,0,0,83.0908545324447,0.6062951295067223,0.0,
373,alt_routing,P2,False,D4b_master_data,False,False,False,0,0,0,83.0908545324447,0.6062951295067223,0.0,
373,alt_routing,P2,False,D4c_spc,False,False,False,0,0,0,83.0908545324447,0.6062951295067223,0.0,
373,alt_routing,P2,False,D4bc_process_aware,False,False,False,0,0,0,83.0908545324447,0.6062951295067223,0.0,
373,alt_routing,P2,False,FULL_D3+D4bc,False,False,False,0,0,0,83.0908545324447,0.6062951295067223,0.0,
374,alt_routing,P1,False,D0_none,False,False,False,0,0,0,108.70442269800043,0.5597707472361937,0.0,
374,alt_routing,P1,False,D3_safety_auth,False,False,False,0,0,0,108.70442269800043,0.5597707472361937,0.0,
374,alt_routing,P1,False,D4b_master_data,False,False,False,0,0,0,108.70442269800043,0.5597707472361937,0.0,
374,alt_routing,P1,False,D4c_spc,False,False,False,0,0,0,108.70442269800043,0.5597707472361937,0.0,
374,alt_routing,P1,False,D4bc_process_aware,False,False,False,0,0,0,108.70442269800043,0.5597707472361937,0.0,
374,alt_routing,P1,False,FULL_D3+D4bc,False,False,False,0,0,0,108.70442269800043,0.5597707472361937,0.0,
375,alt_routing,P3,False,D0_none,False,False,False,0,0,0,111.26134139568217,0.5507569309436137,0.0,
375,alt_routing,P3,False,D3_safety_auth,False,False,False,0,0,0,111.26134139568217,0.5507569309436137,0.0,
375,alt_routing,P3,False,D4b_master_data,False,False,False,0,0,0,111.26134139568217,0.5507569309436137,0.0,
375,alt_routing,P3,False,D4c_spc,False,False,False,0,0,0,111.26134139568217,0.5507569309436137,0.0,
375,alt_routing,P3,False,D4bc_process_aware,False,False,False,0,0,0,111.26134139568217,0.5507569309436137,0.0,
375,alt_routing,P3,False,FULL_D3+D4bc,False,False,False,0,0,0,111.26134139568217,0.5507569309436137,0.0,
376,alt_routing,P2,False,D0_none,False,False,False,0,0,0,83.0908545324447,0.6062951295067223,0.0,
376,alt_routing,P2,False,D3_safety_auth,False,False,False,0,0,0,83.0908545324447,0.6062951295067223,0.0,
376,alt_routing,P2,False,D4b_master_data,False,False,False,0,0,0,83.0908545324447,0.6062951295067223,0.0,
376,alt_routing,P2,False,D4c_spc,False,False,False,0,0,0,83.0908545324447,0.6062951295067223,0.0,
376,alt_routing,P2,False,D4bc_process_aware,False,False,False,0,0,0,83.0908545324447,0.6062951295067223,0.0,
376,alt_routing,P2,False,FULL_D3+D4bc,False,False,False,0,0,0,83.0908545324447,0.6062951295067223,0.0,
377,alt_routing,P3,False,D0_none,False,False,False,0,0,0,111.26134139568217,0.5507569309436137,0.0,
377,alt_routing,P3,False,D3_safety_auth,False,False,False,0,0,0,111.26134139568217,0.5507569309436137,0.0,
377,alt_routing,P3,False,D4b_master_data,False,False,False,0,0,0,111.26134139568217,0.5507569309436137,0.0,
377,alt_routing,P3,False,D4c_spc,False,True,False,0,0,0,128.26134139568217,0.47775856897297686,17.0,
377,alt_routing,P3,False,D4bc_process_aware,False,True,False,0,0,0,128.26134139568217,0.47775856897297686,17.0,
377,alt_routing,P3,False,FULL_D3+D4bc,False,True,False,0,0,0,128.26134139568217,0.47775856897297686,17.0,
378,alt_routing,P2,False,D0_none,False,False,False,0,0,0,83.0908545324447,0.6062951295067223,0.0,
378,alt_routing,P2,False,D3_safety_auth,False,False,False,0,0,0,83.0908545324447,0.6062951295067223,0.0,
378,alt_routing,P2,False,D4b_master_data,False,False,False,0,0,0,83.0908545324447,0.6062951295067223,0.0,
378,alt_routing,P2,False,D4c_spc,False,False,False,0,0,0,83.0908545324447,0.6062951295067223,0.0,
378,alt_routing,P2,False,D4bc_process_aware,False,False,False,0,0,0,83.0908545324447,0.6062951295067223,0.0,
378,alt_routing,P2,False,FULL_D3+D4bc,False,False,False,0,0,0,83.0908545324447,0.6062951295067223,0.0,
379,alt_routing,P2,False,D0_none,False,False,False,0,0,0,83.0908545324447,0.6062951295067223,0.0,
379,alt_routing,P2,False,D3_safety_auth,False,False,False,0,0,0,83.0908545324447,0.6062951295067223,0.0,
379,alt_routing,P2,False,D4b_master_data,False,False,False,0,0,0,83.0908545324447,0.6062951295067223,0.0,
379,alt_routing,P2,False,D4c_spc,False,False,False,0,0,0,83.0908545324447,0.6062951295067223,0.0,
379,alt_routing,P2,False,D4bc_process_aware,False,False,False,0,0,0,83.0908545324447,0.6062951295067223,0.0,
379,alt_routing,P2,False,FULL_D3+D4bc,False,False,False,0,0,0,83.0908545324447,0.6062951295067223,0.0,
380,alt_routing,P2,False,D0_none,False,False,False,0,0,0,83.0908545324447,0.6062951295067223,0.0,
380,alt_routing,P2,False,D3_safety_auth,False,False,False,0,0,0,83.0908545324447,0.6062951295067223,0.0,
380,alt_routing,P2,False,D4b_master_data,False,False,False,0,0,0,83.0908545324447,0.6062951295067223,0.0,
380,alt_routing,P2,False,D4c_spc,False,False,False,0,0,0,83.0908545324447,0.6062951295067223,0.0,
380,alt_routing,P2,False,D4bc_process_aware,False,False,False,0,0,0,83.0908545324447,0.6062951295067223,0.0,
380,alt_routing,P2,False,FULL_D3+D4bc,False,False,False,0,0,0,83.0908545324447,0.6062951295067223,0.0,
381,alt_routing,P2,False,D0_none,False,False,False,0,0,0,83.0908545324447,0.6062951295067223,0.0,
381,alt_routing,P2,False,D3_safety_auth,False,False,False,0,0,0,83.0908545324447,0.6062951295067223,0.0,
381,alt_routing,P2,False,D4b_master_data,False,False,False,0,0,0,83.0908545324447,0.6062951295067223,0.0,
381,alt_routing,P2,False,D4c_spc,False,False,False,0,0,0,83.0908545324447,0.6062951295067223,0.0,
381,alt_routing,P2,False,D4bc_process_aware,False,False,False,0,0,0,83.0908545324447,0.6062951295067223,0.0,
381,alt_routing,P2,False,FULL_D3+D4bc,False,False,False,0,0,0,83.0908545324447,0.6062951295067223,0.0,
382,alt_routing,P3,False,D0_none,False,False,False,0,0,0,111.26134139568217,0.5507569309436137,0.0,
382,alt_routing,P3,False,D3_safety_auth,False,False,False,0,0,0,111.26134139568217,0.5507569309436137,0.0,
382,alt_routing,P3,False,D4b_master_data,False,False,False,0,0,0,111.26134139568217,0.5507569309436137,0.0,
382,alt_routing,P3,False,D4c_spc,False,False,False,0,0,0,111.26134139568217,0.5507569309436137,0.0,
382,alt_routing,P3,False,D4bc_process_aware,False,False,False,0,0,0,111.26134139568217,0.5507569309436137,0.0,
382,alt_routing,P3,False,FULL_D3+D4bc,False,False,False,0,0,0,111.26134139568217,0.5507569309436137,0.0,
383,alt_routing,P1,False,D0_none,False,False,False,0,0,0,108.70442269800043,0.5597707472361937,0.0,
383,alt_routing,P1,False,D3_safety_auth,False,False,False,0,0,0,108.70442269800043,0.5597707472361937,0.0,
383,alt_routing,P1,False,D4b_master_data,False,False,False,0,0,0,108.70442269800043,0.5597707472361937,0.0,
383,alt_routing,P1,False,D4c_spc,False,False,False,0,0,0,108.70442269800043,0.5597707472361937,0.0,
383,alt_routing,P1,False,D4bc_process_aware,False,False,False,0,0,0,108.70442269800043,0.5597707472361937,0.0,
383,alt_routing,P1,False,FULL_D3+D4bc,False,False,False,0,0,0,108.70442269800043,0.5597707472361937,0.0,
384,alt_routing,P1,False,D0_none,False,False,False,0,0,0,108.70442269800043,0.5597707472361937,0.0,
384,alt_routing,P1,False,D3_safety_auth,False,False,False,0,0,0,108.70442269800043,0.5597707472361937,0.0,
384,alt_routing,P1,False,D4b_master_data,False,False,False,0,0,0,108.70442269800043,0.5597707472361937,0.0,
384,alt_routing,P1,False,D4c_spc,False,False,False,0,0,0,108.70442269800043,0.5597707472361937,0.0,
384,alt_routing,P1,False,D4bc_process_aware,False,False,False,0,0,0,108.70442269800043,0.5597707472361937,0.0,
384,alt_routing,P1,False,FULL_D3+D4bc,False,False,False,0,0,0,108.70442269800043,0.5597707472361937,0.0,
385,alt_routing,P3,False,D0_none,False,False,False,0,0,0,111.26134139568217,0.5507569309436137,0.0,
385,alt_routing,P3,False,D3_safety_auth,False,False,False,0,0,0,111.26134139568217,0.5507569309436137,0.0,
385,alt_routing,P3,False,D4b_master_data,False,False,False,0,0,0,111.26134139568217,0.5507569309436137,0.0,
385,alt_routing,P3,False,D4c_spc,False,False,False,0,0,0,111.26134139568217,0.5507569309436137,0.0,
385,alt_routing,P3,False,D4bc_process_aware,False,False,False,0,0,0,111.26134139568217,0.5507569309436137,0.0,
385,alt_routing,P3,False,FULL_D3+D4bc,False,False,False,0,0,0,111.26134139568217,0.5507569309436137,0.0,
386,alt_routing,P1,False,D0_none,False,False,False,0,0,0,108.70442269800043,0.5597707472361937,0.0,
386,alt_routing,P1,False,D3_safety_auth,False,False,False,0,0,0,108.70442269800043,0.5597707472361937,0.0,
386,alt_routing,P1,False,D4b_master_data,False,False,False,0,0,0,108.70442269800043,0.5597707472361937,0.0,
386,alt_routing,P1,False,D4c_spc,False,False,False,0,0,0,108.70442269800043,0.5597707472361937,0.0,
386,alt_routing,P1,False,D4bc_process_aware,False,False,False,0,0,0,108.70442269800043,0.5597707472361937,0.0,
386,alt_routing,P1,False,FULL_D3+D4bc,False,False,False,0,0,0,108.70442269800043,0.5597707472361937,0.0,
387,alt_routing,P2,False,D0_none,False,False,False,0,0,0,83.0908545324447,0.6062951295067223,0.0,
387,alt_routing,P2,False,D3_safety_auth,False,False,False,0,0,0,83.0908545324447,0.6062951295067223,0.0,
387,alt_routing,P2,False,D4b_master_data,False,False,False,0,0,0,83.0908545324447,0.6062951295067223,0.0,
387,alt_routing,P2,False,D4c_spc,False,False,False,0,0,0,83.0908545324447,0.6062951295067223,0.0,
387,alt_routing,P2,False,D4bc_process_aware,False,False,False,0,0,0,83.0908545324447,0.6062951295067223,0.0,
387,alt_routing,P2,False,FULL_D3+D4bc,False,False,False,0,0,0,83.0908545324447,0.6062951295067223,0.0,
388,alt_routing,P3,False,D0_none,False,False,False,0,0,0,111.26134139568217,0.5507569309436137,0.0,
388,alt_routing,P3,False,D3_safety_auth,False,False,False,0,0,0,111.26134139568217,0.5507569309436137,0.0,
388,alt_routing,P3,False,D4b_master_data,False,False,False,0,0,0,111.26134139568217,0.5507569309436137,0.0,
388,alt_routing,P3,False,D4c_spc,False,False,False,0,0,0,111.26134139568217,0.5507569309436137,0.0,
388,alt_routing,P3,False,D4bc_process_aware,False,False,False,0,0,0,111.26134139568217,0.5507569309436137,0.0,
388,alt_routing,P3,False,FULL_D3+D4bc,False,False,False,0,0,0,111.26134139568217,0.5507569309436137,0.0,
389,alt_routing,P2,False,D0_none,False,False,False,0,0,0,83.0908545324447,0.6062951295067223,0.0,
389,alt_routing,P2,False,D3_safety_auth,False,False,False,0,0,0,83.0908545324447,0.6062951295067223,0.0,
389,alt_routing,P2,False,D4b_master_data,False,False,False,0,0,0,83.0908545324447,0.6062951295067223,0.0,
389,alt_routing,P2,False,D4c_spc,False,False,False,0,0,0,83.0908545324447,0.6062951295067223,0.0,
389,alt_routing,P2,False,D4bc_process_aware,False,False,False,0,0,0,83.0908545324447,0.6062951295067223,0.0,
389,alt_routing,P2,False,FULL_D3+D4bc,False,False,False,0,0,0,83.0908545324447,0.6062951295067223,0.0,
390,alt_routing,P1,False,D0_none,False,False,False,0,0,0,108.70442269800043,0.5597707472361937,0.0,
390,alt_routing,P1,False,D3_safety_auth,False,False,False,0,0,0,108.70442269800043,0.5597707472361937,0.0,
390,alt_routing,P1,False,D4b_master_data,False,False,False,0,0,0,108.70442269800043,0.5597707472361937,0.0,
390,alt_routing,P1,False,D4c_spc,False,False,False,0,0,0,108.70442269800043,0.5597707472361937,0.0,
390,alt_routing,P1,False,D4bc_process_aware,False,False,False,0,0,0,108.70442269800043,0.5597707472361937,0.0,
390,alt_routing,P1,False,FULL_D3+D4bc,False,False,False,0,0,0,108.70442269800043,0.5597707472361937,0.0,
391,alt_routing,P3,False,D0_none,False,False,False,0,0,0,111.26134139568217,0.5507569309436137,0.0,
391,alt_routing,P3,False,D3_safety_auth,False,False,False,0,0,0,111.26134139568217,0.5507569309436137,0.0,
391,alt_routing,P3,False,D4b_master_data,False,False,False,0,0,0,111.26134139568217,0.5507569309436137,0.0,
391,alt_routing,P3,False,D4c_spc,False,True,False,0,0,0,128.26134139568217,0.47775856897297686,17.0,
391,alt_routing,P3,False,D4bc_process_aware,False,True,False,0,0,0,128.26134139568217,0.47775856897297686,17.0,
391,alt_routing,P3,False,FULL_D3+D4bc,False,True,False,0,0,0,128.26134139568217,0.47775856897297686,17.0,
392,alt_routing,P2,False,D0_none,False,False,False,0,0,0,83.0908545324447,0.6062951295067223,0.0,
392,alt_routing,P2,False,D3_safety_auth,False,False,False,0,0,0,83.0908545324447,0.6062951295067223,0.0,
392,alt_routing,P2,False,D4b_master_data,False,False,False,0,0,0,83.0908545324447,0.6062951295067223,0.0,
392,alt_routing,P2,False,D4c_spc,False,False,False,0,0,0,83.0908545324447,0.6062951295067223,0.0,
392,alt_routing,P2,False,D4bc_process_aware,False,False,False,0,0,0,83.0908545324447,0.6062951295067223,0.0,
392,alt_routing,P2,False,FULL_D3+D4bc,False,False,False,0,0,0,83.0908545324447,0.6062951295067223,0.0,
393,alt_routing,P1,False,D0_none,False,False,False,1,0,0,108.70442269800043,0.5411117223283206,0.0,
393,alt_routing,P1,False,D3_safety_auth,False,False,False,1,0,0,108.70442269800043,0.5411117223283206,0.0,
393,alt_routing,P1,False,D4b_master_data,False,False,False,1,0,0,108.70442269800043,0.5411117223283206,0.0,
393,alt_routing,P1,False,D4c_spc,False,True,True,1,0,0,125.70442269800043,0.46793291857468167,17.0,
393,alt_routing,P1,False,D4bc_process_aware,False,True,True,1,0,0,125.70442269800043,0.46793291857468167,17.0,
393,alt_routing,P1,False,FULL_D3+D4bc,False,True,True,1,0,0,125.70442269800043,0.46793291857468167,17.0,
394,alt_routing,P2,False,D0_none,False,False,False,0,1,0,83.0908545324447,0.5860852918564982,0.0,
394,alt_routing,P2,False,D3_safety_auth,False,False,False,0,1,0,83.0908545324447,0.5860852918564982,0.0,
394,alt_routing,P2,False,D4b_master_data,False,False,False,0,1,0,83.0908545324447,0.5860852918564982,0.0,
394,alt_routing,P2,False,D4c_spc,False,True,True,0,1,0,98.0908545324447,0.49646144853541,17.0,
394,alt_routing,P2,False,D4bc_process_aware,False,True,True,0,1,0,98.0908545324447,0.49646144853541,17.0,
394,alt_routing,P2,False,FULL_D3+D4bc,False,True,True,0,1,0,98.0908545324447,0.49646144853541,17.0,
395,alt_routing,P2,False,D0_none,False,False,False,0,0,0,83.0908545324447,0.6062951295067223,0.0,
395,alt_routing,P2,False,D3_safety_auth,False,False,False,0,0,0,83.0908545324447,0.6062951295067223,0.0,
395,alt_routing,P2,False,D4b_master_data,False,False,False,0,0,0,83.0908545324447,0.6062951295067223,0.0,
395,alt_routing,P2,False,D4c_spc,False,False,False,0,0,0,83.0908545324447,0.6062951295067223,0.0,
395,alt_routing,P2,False,D4bc_process_aware,False,False,False,0,0,0,83.0908545324447,0.6062951295067223,0.0,
395,alt_routing,P2,False,FULL_D3+D4bc,False,False,False,0,0,0,83.0908545324447,0.6062951295067223,0.0,
396,alt_routing,P2,False,D0_none,False,False,False,1,0,0,83.0908545324447,0.5860852918564982,0.0,
396,alt_routing,P2,False,D3_safety_auth,False,False,False,1,0,0,83.0908545324447,0.5860852918564982,0.0,
396,alt_routing,P2,False,D4b_master_data,False,False,False,1,0,0,83.0908545324447,0.5860852918564982,0.0,
396,alt_routing,P2,False,D4c_spc,False,True,True,1,0,0,98.0908545324447,0.49646144853541,17.0,
396,alt_routing,P2,False,D4bc_process_aware,False,True,True,1,0,0,98.0908545324447,0.49646144853541,17.0,
396,alt_routing,P2,False,FULL_D3+D4bc,False,True,True,1,0,0,98.0908545324447,0.49646144853541,17.0,
397,alt_routing,P3,True,D0_none,False,False,False,0,0,0,111.26134139568217,0.5507569309436137,0.0,
397,alt_routing,P3,True,D3_safety_auth,False,False,False,0,0,0,111.26134139568217,0.5507569309436137,0.0,
397,alt_routing,P3,True,D4b_master_data,True,False,False,0,0,0,126.26134139568217,0.4853263417162706,15.0,machine M2 not on authorised routing
397,alt_routing,P3,True,D4c_spc,False,False,False,0,0,0,111.26134139568217,0.5507569309436137,0.0,
397,alt_routing,P3,True,D4bc_process_aware,True,False,False,0,0,0,126.26134139568217,0.4853263417162706,15.0,machine M2 not on authorised routing
397,alt_routing,P3,True,FULL_D3+D4bc,True,False,False,0,0,0,126.26134139568217,0.4853263417162706,15.0,machine M2 not on authorised routing
398,alt_routing,P2,False,D0_none,False,False,False,0,0,0,83.0908545324447,0.6062951295067223,0.0,
398,alt_routing,P2,False,D3_safety_auth,False,False,False,0,0,0,83.0908545324447,0.6062951295067223,0.0,
398,alt_routing,P2,False,D4b_master_data,False,False,False,0,0,0,83.0908545324447,0.6062951295067223,0.0,
398,alt_routing,P2,False,D4c_spc,False,False,False,0,0,0,83.0908545324447,0.6062951295067223,0.0,
398,alt_routing,P2,False,D4bc_process_aware,False,False,False,0,0,0,83.0908545324447,0.6062951295067223,0.0,
398,alt_routing,P2,False,FULL_D3+D4bc,False,False,False,0,0,0,83.0908545324447,0.6062951295067223,0.0,
399,alt_routing,P1,False,D0_none,False,False,False,0,0,0,108.70442269800043,0.5597707472361937,0.0,
399,alt_routing,P1,False,D3_safety_auth,False,False,False,0,0,0,108.70442269800043,0.5597707472361937,0.0,
399,alt_routing,P1,False,D4b_master_data,False,False,False,0,0,0,108.70442269800043,0.5597707472361937,0.0,
399,alt_routing,P1,False,D4c_spc,False,False,False,0,0,0,108.70442269800043,0.5597707472361937,0.0,
399,alt_routing,P1,False,D4bc_process_aware,False,False,False,0,0,0,108.70442269800043,0.5597707472361937,0.0,
399,alt_routing,P1,False,FULL_D3+D4bc,False,False,False,0,0,0,108.70442269800043,0.5597707472361937,0.0,
400,alt_routing,P2,False,D0_none,False,False,False,0,0,0,83.0908545324447,0.6062951295067223,0.0,
400,alt_routing,P2,False,D3_safety_auth,False,False,False,0,0,0,83.0908545324447,0.6062951295067223,0.0,
400,alt_routing,P2,False,D4b_master_data,False,False,False,0,0,0,83.0908545324447,0.6062951295067223,0.0,
400,alt_routing,P2,False,D4c_spc,False,False,False,0,0,0,83.0908545324447,0.6062951295067223,0.0,
400,alt_routing,P2,False,D4bc_process_aware,False,False,False,0,0,0,83.0908545324447,0.6062951295067223,0.0,
400,alt_routing,P2,False,FULL_D3+D4bc,False,False,False,0,0,0,83.0908545324447,0.6062951295067223,0.0,
401,alt_routing,P2,False,D0_none,False,False,False,0,0,0,83.0908545324447,0.6062951295067223,0.0,
401,alt_routing,P2,False,D3_safety_auth,False,False,False,0,0,0,83.0908545324447,0.6062951295067223,0.0,
401,alt_routing,P2,False,D4b_master_data,False,False,False,0,0,0,83.0908545324447,0.6062951295067223,0.0,
401,alt_routing,P2,False,D4c_spc,False,False,False,0,0,0,83.0908545324447,0.6062951295067223,0.0,
401,alt_routing,P2,False,D4bc_process_aware,False,False,False,0,0,0,83.0908545324447,0.6062951295067223,0.0,
401,alt_routing,P2,False,FULL_D3+D4bc,False,False,False,0,0,0,83.0908545324447,0.6062951295067223,0.0,
402,alt_routing,P2,False,D0_none,False,False,False,1,0,0,83.0908545324447,0.5860852918564982,0.0,
402,alt_routing,P2,False,D3_safety_auth,False,False,False,1,0,0,83.0908545324447,0.5860852918564982,0.0,
402,alt_routing,P2,False,D4b_master_data,False,False,False,1,0,0,83.0908545324447,0.5860852918564982,0.0,
402,alt_routing,P2,False,D4c_spc,False,True,True,1,0,0,100.0908545324447,0.4865412325305705,17.0,
402,alt_routing,P2,False,D4bc_process_aware,False,True,True,1,0,0,100.0908545324447,0.4865412325305705,17.0,
402,alt_routing,P2,False,FULL_D3+D4bc,False,True,True,1,0,0,100.0908545324447,0.4865412325305705,17.0,
403,alt_routing,P2,False,D0_none,False,False,False,0,0,0,83.0908545324447,0.6062951295067223,0.0,
403,alt_routing,P2,False,D3_safety_auth,False,False,False,0,0,0,83.0908545324447,0.6062951295067223,0.0,
403,alt_routing,P2,False,D4b_master_data,False,False,False,0,0,0,83.0908545324447,0.6062951295067223,0.0,
403,alt_routing,P2,False,D4c_spc,False,False,False,0,0,0,83.0908545324447,0.6062951295067223,0.0,
403,alt_routing,P2,False,D4bc_process_aware,False,False,False,0,0,0,83.0908545324447,0.6062951295067223,0.0,
403,alt_routing,P2,False,FULL_D3+D4bc,False,False,False,0,0,0,83.0908545324447,0.6062951295067223,0.0,
404,alt_routing,P2,False,D0_none,False,False,False,0,0,0,83.0908545324447,0.6062951295067223,0.0,
404,alt_routing,P2,False,D3_safety_auth,False,False,False,0,0,0,83.0908545324447,0.6062951295067223,0.0,
404,alt_routing,P2,False,D4b_master_data,False,False,False,0,0,0,83.0908545324447,0.6062951295067223,0.0,
404,alt_routing,P2,False,D4c_spc,False,False,False,0,0,0,83.0908545324447,0.6062951295067223,0.0,
404,alt_routing,P2,False,D4bc_process_aware,False,False,False,0,0,0,83.0908545324447,0.6062951295067223,0.0,
404,alt_routing,P2,False,FULL_D3+D4bc,False,False,False,0,0,0,83.0908545324447,0.6062951295067223,0.0,
405,alt_routing,P3,False,D0_none,False,False,False,0,0,0,111.26134139568217,0.5507569309436137,0.0,
405,alt_routing,P3,False,D3_safety_auth,False,False,False,0,0,0,111.26134139568217,0.5507569309436137,0.0,
405,alt_routing,P3,False,D4b_master_data,False,False,False,0,0,0,111.26134139568217,0.5507569309436137,0.0,
405,alt_routing,P3,False,D4c_spc,False,False,False,0,0,0,111.26134139568217,0.5507569309436137,0.0,
405,alt_routing,P3,False,D4bc_process_aware,False,False,False,0,0,0,111.26134139568217,0.5507569309436137,0.0,
405,alt_routing,P3,False,FULL_D3+D4bc,False,False,False,0,0,0,111.26134139568217,0.5507569309436137,0.0,
406,alt_routing,P2,False,D0_none,False,False,False,0,0,0,83.0908545324447,0.6062951295067223,0.0,
406,alt_routing,P2,False,D3_safety_auth,False,False,False,0,0,0,83.0908545324447,0.6062951295067223,0.0,
406,alt_routing,P2,False,D4b_master_data,False,False,False,0,0,0,83.0908545324447,0.6062951295067223,0.0,
406,alt_routing,P2,False,D4c_spc,False,False,False,0,0,0,83.0908545324447,0.6062951295067223,0.0,
406,alt_routing,P2,False,D4bc_process_aware,False,False,False,0,0,0,83.0908545324447,0.6062951295067223,0.0,
406,alt_routing,P2,False,FULL_D3+D4bc,False,False,False,0,0,0,83.0908545324447,0.6062951295067223,0.0,
407,alt_routing,P2,False,D0_none,False,False,False,0,0,0,83.0908545324447,0.6062951295067223,0.0,
407,alt_routing,P2,False,D3_safety_auth,False,False,False,0,0,0,83.0908545324447,0.6062951295067223,0.0,
407,alt_routing,P2,False,D4b_master_data,False,False,False,0,0,0,83.0908545324447,0.6062951295067223,0.0,
407,alt_routing,P2,False,D4c_spc,False,False,False,0,0,0,83.0908545324447,0.6062951295067223,0.0,
407,alt_routing,P2,False,D4bc_process_aware,False,False,False,0,0,0,83.0908545324447,0.6062951295067223,0.0,
407,alt_routing,P2,False,FULL_D3+D4bc,False,False,False,0,0,0,83.0908545324447,0.6062951295067223,0.0,
408,alt_routing,P2,False,D0_none,False,False,False,0,0,0,83.0908545324447,0.6062951295067223,0.0,
408,alt_routing,P2,False,D3_safety_auth,False,False,False,0,0,0,83.0908545324447,0.6062951295067223,0.0,
408,alt_routing,P2,False,D4b_master_data,False,False,False,0,0,0,83.0908545324447,0.6062951295067223,0.0,
408,alt_routing,P2,False,D4c_spc,False,False,False,0,0,0,83.0908545324447,0.6062951295067223,0.0,
408,alt_routing,P2,False,D4bc_process_aware,False,False,False,0,0,0,83.0908545324447,0.6062951295067223,0.0,
408,alt_routing,P2,False,FULL_D3+D4bc,False,False,False,0,0,0,83.0908545324447,0.6062951295067223,0.0,
409,alt_routing,P1,False,D0_none,False,False,False,0,0,0,108.70442269800043,0.5597707472361937,0.0,
409,alt_routing,P1,False,D3_safety_auth,False,False,False,0,0,0,108.70442269800043,0.5597707472361937,0.0,
409,alt_routing,P1,False,D4b_master_data,False,False,False,0,0,0,108.70442269800043,0.5597707472361937,0.0,
409,alt_routing,P1,False,D4c_spc,False,False,False,0,0,0,108.70442269800043,0.5597707472361937,0.0,
409,alt_routing,P1,False,D4bc_process_aware,False,False,False,0,0,0,108.70442269800043,0.5597707472361937,0.0,
409,alt_routing,P1,False,FULL_D3+D4bc,False,False,False,0,0,0,108.70442269800043,0.5597707472361937,0.0,
410,alt_routing,P3,False,D0_none,False,False,False,0,0,0,111.26134139568217,0.5507569309436137,0.0,
410,alt_routing,P3,False,D3_safety_auth,False,False,False,0,0,0,111.26134139568217,0.5507569309436137,0.0,
410,alt_routing,P3,False,D4b_master_data,False,False,False,0,0,0,111.26134139568217,0.5507569309436137,0.0,
410,alt_routing,P3,False,D4c_spc,False,False,False,0,0,0,111.26134139568217,0.5507569309436137,0.0,
410,alt_routing,P3,False,D4bc_process_aware,False,False,False,0,0,0,111.26134139568217,0.5507569309436137,0.0,
410,alt_routing,P3,False,FULL_D3+D4bc,False,False,False,0,0,0,111.26134139568217,0.5507569309436137,0.0,
411,alt_routing,P3,False,D0_none,False,False,False,0,0,0,111.26134139568217,0.5507569309436137,0.0,
411,alt_routing,P3,False,D3_safety_auth,False,False,False,0,0,0,111.26134139568217,0.5507569309436137,0.0,
411,alt_routing,P3,False,D4b_master_data,False,False,False,0,0,0,111.26134139568217,0.5507569309436137,0.0,
411,alt_routing,P3,False,D4c_spc,False,False,False,0,0,0,111.26134139568217,0.5507569309436137,0.0,
411,alt_routing,P3,False,D4bc_process_aware,False,False,False,0,0,0,111.26134139568217,0.5507569309436137,0.0,
411,alt_routing,P3,False,FULL_D3+D4bc,False,False,False,0,0,0,111.26134139568217,0.5507569309436137,0.0,
412,alt_routing,P3,False,D0_none,False,False,False,0,0,0,111.26134139568217,0.5507569309436137,0.0,
412,alt_routing,P3,False,D3_safety_auth,False,False,False,0,0,0,111.26134139568217,0.5507569309436137,0.0,
412,alt_routing,P3,False,D4b_master_data,False,False,False,0,0,0,111.26134139568217,0.5507569309436137,0.0,
412,alt_routing,P3,False,D4c_spc,False,False,False,0,0,0,111.26134139568217,0.5507569309436137,0.0,
412,alt_routing,P3,False,D4bc_process_aware,False,False,False,0,0,0,111.26134139568217,0.5507569309436137,0.0,
412,alt_routing,P3,False,FULL_D3+D4bc,False,False,False,0,0,0,111.26134139568217,0.5507569309436137,0.0,
413,alt_routing,P3,False,D0_none,False,False,False,0,0,0,111.26134139568217,0.5507569309436137,0.0,
413,alt_routing,P3,False,D3_safety_auth,False,False,False,0,0,0,111.26134139568217,0.5507569309436137,0.0,
413,alt_routing,P3,False,D4b_master_data,False,False,False,0,0,0,111.26134139568217,0.5507569309436137,0.0,
413,alt_routing,P3,False,D4c_spc,False,False,False,0,0,0,111.26134139568217,0.5507569309436137,0.0,
413,alt_routing,P3,False,D4bc_process_aware,False,False,False,0,0,0,111.26134139568217,0.5507569309436137,0.0,
413,alt_routing,P3,False,FULL_D3+D4bc,False,False,False,0,0,0,111.26134139568217,0.5507569309436137,0.0,
414,alt_routing,P3,False,D0_none,False,False,False,0,0,0,111.26134139568217,0.5507569309436137,0.0,
414,alt_routing,P3,False,D3_safety_auth,False,False,False,0,0,0,111.26134139568217,0.5507569309436137,0.0,
414,alt_routing,P3,False,D4b_master_data,False,False,False,0,0,0,111.26134139568217,0.5507569309436137,0.0,
414,alt_routing,P3,False,D4c_spc,False,False,False,0,0,0,111.26134139568217,0.5507569309436137,0.0,
414,alt_routing,P3,False,D4bc_process_aware,False,False,False,0,0,0,111.26134139568217,0.5507569309436137,0.0,
414,alt_routing,P3,False,FULL_D3+D4bc,False,False,False,0,0,0,111.26134139568217,0.5507569309436137,0.0,
415,alt_routing,P1,False,D0_none,False,False,False,0,0,0,108.70442269800043,0.5597707472361937,0.0,
415,alt_routing,P1,False,D3_safety_auth,False,False,False,0,0,0,108.70442269800043,0.5597707472361937,0.0,
415,alt_routing,P1,False,D4b_master_data,False,False,False,0,0,0,108.70442269800043,0.5597707472361937,0.0,
415,alt_routing,P1,False,D4c_spc,False,False,False,0,0,0,108.70442269800043,0.5597707472361937,0.0,
415,alt_routing,P1,False,D4bc_process_aware,False,False,False,0,0,0,108.70442269800043,0.5597707472361937,0.0,
415,alt_routing,P1,False,FULL_D3+D4bc,False,False,False,0,0,0,108.70442269800043,0.5597707472361937,0.0,
416,alt_routing,P3,False,D0_none,False,False,False,0,0,0,111.26134139568217,0.5507569309436137,0.0,
416,alt_routing,P3,False,D3_safety_auth,False,False,False,0,0,0,111.26134139568217,0.5507569309436137,0.0,
416,alt_routing,P3,False,D4b_master_data,False,False,False,0,0,0,111.26134139568217,0.5507569309436137,0.0,
416,alt_routing,P3,False,D4c_spc,False,False,False,0,0,0,111.26134139568217,0.5507569309436137,0.0,
416,alt_routing,P3,False,D4bc_process_aware,False,False,False,0,0,0,111.26134139568217,0.5507569309436137,0.0,
416,alt_routing,P3,False,FULL_D3+D4bc,False,False,False,0,0,0,111.26134139568217,0.5507569309436137,0.0,
417,alt_routing,P3,False,D0_none,False,False,False,0,0,0,111.26134139568217,0.5507569309436137,0.0,
417,alt_routing,P3,False,D3_safety_auth,False,False,False,0,0,0,111.26134139568217,0.5507569309436137,0.0,
417,alt_routing,P3,False,D4b_master_data,False,False,False,0,0,0,111.26134139568217,0.5507569309436137,0.0,
417,alt_routing,P3,False,D4c_spc,False,False,False,0,0,0,111.26134139568217,0.5507569309436137,0.0,
417,alt_routing,P3,False,D4bc_process_aware,False,False,False,0,0,0,111.26134139568217,0.5507569309436137,0.0,
417,alt_routing,P3,False,FULL_D3+D4bc,False,False,False,0,0,0,111.26134139568217,0.5507569309436137,0.0,
418,alt_routing,P3,False,D0_none,False,False,False,0,0,0,111.26134139568217,0.5507569309436137,0.0,
418,alt_routing,P3,False,D3_safety_auth,False,False,False,0,0,0,111.26134139568217,0.5507569309436137,0.0,
418,alt_routing,P3,False,D4b_master_data,False,False,False,0,0,0,111.26134139568217,0.5507569309436137,0.0,
418,alt_routing,P3,False,D4c_spc,False,True,False,0,0,0,126.26134139568217,0.48532634171627065,17.0,
418,alt_routing,P3,False,D4bc_process_aware,False,True,False,0,0,0,126.26134139568217,0.48532634171627065,17.0,
418,alt_routing,P3,False,FULL_D3+D4bc,False,True,False,0,0,0,126.26134139568217,0.48532634171627065,17.0,
419,alt_routing,P1,False,D0_none,False,False,False,0,0,0,108.70442269800043,0.5597707472361937,0.0,
419,alt_routing,P1,False,D3_safety_auth,False,False,False,0,0,0,108.70442269800043,0.5597707472361937,0.0,
419,alt_routing,P1,False,D4b_master_data,False,False,False,0,0,0,108.70442269800043,0.5597707472361937,0.0,
419,alt_routing,P1,False,D4c_spc,False,False,False,0,0,0,108.70442269800043,0.5597707472361937,0.0,
419,alt_routing,P1,False,D4bc_process_aware,False,False,False,0,0,0,108.70442269800043,0.5597707472361937,0.0,
419,alt_routing,P1,False,FULL_D3+D4bc,False,False,False,0,0,0,108.70442269800043,0.5597707472361937,0.0,
420,alt_routing,P1,False,D0_none,False,False,False,0,0,0,108.70442269800043,0.5597707472361937,0.0,
420,alt_routing,P1,False,D3_safety_auth,False,False,False,0,0,0,108.70442269800043,0.5597707472361937,0.0,
420,alt_routing,P1,False,D4b_master_data,False,False,False,0,0,0,108.70442269800043,0.5597707472361937,0.0,
420,alt_routing,P1,False,D4c_spc,False,False,False,0,0,0,108.70442269800043,0.5597707472361937,0.0,
420,alt_routing,P1,False,D4bc_process_aware,False,False,False,0,0,0,108.70442269800043,0.5597707472361937,0.0,
420,alt_routing,P1,False,FULL_D3+D4bc,False,False,False,0,0,0,108.70442269800043,0.5597707472361937,0.0,
421,alt_routing,P2,False,D0_none,False,False,False,0,0,0,83.0908545324447,0.6062951295067223,0.0,
421,alt_routing,P2,False,D3_safety_auth,False,False,False,0,0,0,83.0908545324447,0.6062951295067223,0.0,
421,alt_routing,P2,False,D4b_master_data,False,False,False,0,0,0,83.0908545324447,0.6062951295067223,0.0,
421,alt_routing,P2,False,D4c_spc,False,False,False,0,0,0,83.0908545324447,0.6062951295067223,0.0,
421,alt_routing,P2,False,D4bc_process_aware,False,False,False,0,0,0,83.0908545324447,0.6062951295067223,0.0,
421,alt_routing,P2,False,FULL_D3+D4bc,False,False,False,0,0,0,83.0908545324447,0.6062951295067223,0.0,
422,alt_routing,P2,False,D0_none,False,False,False,0,0,0,83.0908545324447,0.6062951295067223,0.0,
422,alt_routing,P2,False,D3_safety_auth,False,False,False,0,0,0,83.0908545324447,0.6062951295067223,0.0,
422,alt_routing,P2,False,D4b_master_data,False,False,False,0,0,0,83.0908545324447,0.6062951295067223,0.0,
422,alt_routing,P2,False,D4c_spc,False,False,False,0,0,0,83.0908545324447,0.6062951295067223,0.0,
422,alt_routing,P2,False,D4bc_process_aware,False,False,False,0,0,0,83.0908545324447,0.6062951295067223,0.0,
422,alt_routing,P2,False,FULL_D3+D4bc,False,False,False,0,0,0,83.0908545324447,0.6062951295067223,0.0,
423,alt_routing,P1,False,D0_none,False,False,False,0,0,0,108.70442269800043,0.5597707472361937,0.0,
423,alt_routing,P1,False,D3_safety_auth,False,False,False,0,0,0,108.70442269800043,0.5597707472361937,0.0,
423,alt_routing,P1,False,D4b_master_data,False,False,False,0,0,0,108.70442269800043,0.5597707472361937,0.0,
423,alt_routing,P1,False,D4c_spc,False,False,False,0,0,0,108.70442269800043,0.5597707472361937,0.0,
423,alt_routing,P1,False,D4bc_process_aware,False,False,False,0,0,0,108.70442269800043,0.5597707472361937,0.0,
423,alt_routing,P1,False,FULL_D3+D4bc,False,False,False,0,0,0,108.70442269800043,0.5597707472361937,0.0,
424,alt_routing,P1,False,D0_none,False,False,False,0,0,0,108.70442269800043,0.5597707472361937,0.0,
424,alt_routing,P1,False,D3_safety_auth,False,False,False,0,0,0,108.70442269800043,0.5597707472361937,0.0,
424,alt_routing,P1,False,D4b_master_data,False,False,False,0,0,0,108.70442269800043,0.5597707472361937,0.0,
424,alt_routing,P1,False,D4c_spc,False,False,False,0,0,0,108.70442269800043,0.5597707472361937,0.0,
424,alt_routing,P1,False,D4bc_process_aware,False,False,False,0,0,0,108.70442269800043,0.5597707472361937,0.0,
424,alt_routing,P1,False,FULL_D3+D4bc,False,False,False,0,0,0,108.70442269800043,0.5597707472361937,0.0,
425,alt_routing,P1,False,D0_none,False,False,False,0,0,0,108.70442269800043,0.5597707472361937,0.0,
425,alt_routing,P1,False,D3_safety_auth,False,False,False,0,0,0,108.70442269800043,0.5597707472361937,0.0,
425,alt_routing,P1,False,D4b_master_data,False,False,False,0,0,0,108.70442269800043,0.5597707472361937,0.0,
425,alt_routing,P1,False,D4c_spc,False,False,False,0,0,0,108.70442269800043,0.5597707472361937,0.0,
425,alt_routing,P1,False,D4bc_process_aware,False,False,False,0,0,0,108.70442269800043,0.5597707472361937,0.0,
425,alt_routing,P1,False,FULL_D3+D4bc,False,False,False,0,0,0,108.70442269800043,0.5597707472361937,0.0,
426,alt_routing,P1,False,D0_none,False,False,False,0,0,0,108.70442269800043,0.5597707472361937,0.0,
426,alt_routing,P1,False,D3_safety_auth,False,False,False,0,0,0,108.70442269800043,0.5597707472361937,0.0,
426,alt_routing,P1,False,D4b_master_data,False,False,False,0,0,0,108.70442269800043,0.5597707472361937,0.0,
426,alt_routing,P1,False,D4c_spc,False,True,False,0,0,0,125.70442269800044,0.48406853645656717,17.0,
426,alt_routing,P1,False,D4bc_process_aware,False,True,False,0,0,0,125.70442269800044,0.48406853645656717,17.0,
426,alt_routing,P1,False,FULL_D3+D4bc,False,True,False,0,0,0,125.70442269800044,0.48406853645656717,17.0,
427,alt_routing,P3,False,D0_none,False,False,False,0,0,0,111.26134139568217,0.5507569309436137,0.0,
427,alt_routing,P3,False,D3_safety_auth,False,False,False,0,0,0,111.26134139568217,0.5507569309436137,0.0,
427,alt_routing,P3,False,D4b_master_data,False,False,False,0,0,0,111.26134139568217,0.5507569309436137,0.0,
427,alt_routing,P3,False,D4c_spc,False,False,False,0,0,0,111.26134139568217,0.5507569309436137,0.0,
427,alt_routing,P3,False,D4bc_process_aware,False,False,False,0,0,0,111.26134139568217,0.5507569309436137,0.0,
427,alt_routing,P3,False,FULL_D3+D4bc,False,False,False,0,0,0,111.26134139568217,0.5507569309436137,0.0,
428,alt_routing,P2,False,D0_none,False,False,False,0,0,0,83.0908545324447,0.6062951295067223,0.0,
428,alt_routing,P2,False,D3_safety_auth,False,False,False,0,0,0,83.0908545324447,0.6062951295067223,0.0,
428,alt_routing,P2,False,D4b_master_data,False,False,False,0,0,0,83.0908545324447,0.6062951295067223,0.0,
428,alt_routing,P2,False,D4c_spc,False,False,False,0,0,0,83.0908545324447,0.6062951295067223,0.0,
428,alt_routing,P2,False,D4bc_process_aware,False,False,False,0,0,0,83.0908545324447,0.6062951295067223,0.0,
428,alt_routing,P2,False,FULL_D3+D4bc,False,False,False,0,0,0,83.0908545324447,0.6062951295067223,0.0,
429,alt_routing,P1,False,D0_none,False,False,False,0,1,0,108.70442269800043,0.5411117223283206,0.0,
429,alt_routing,P1,False,D3_safety_auth,False,False,False,0,1,0,108.70442269800043,0.5411117223283206,0.0,
429,alt_routing,P1,False,D4b_master_data,False,False,False,0,1,0,108.70442269800043,0.5411117223283206,0.0,
429,alt_routing,P1,False,D4c_spc,False,True,True,0,1,0,125.70442269800043,0.46793291857468167,17.0,
429,alt_routing,P1,False,D4bc_process_aware,False,True,True,0,1,0,125.70442269800043,0.46793291857468167,17.0,
429,alt_routing,P1,False,FULL_D3+D4bc,False,True,True,0,1,0,125.70442269800043,0.46793291857468167,17.0,
430,alt_routing,P1,False,D0_none,False,False,False,0,0,0,108.70442269800043,0.5597707472361937,0.0,
430,alt_routing,P1,False,D3_safety_auth,False,False,False,0,0,0,108.70442269800043,0.5597707472361937,0.0,
430,alt_routing,P1,False,D4b_master_data,False,False,False,0,0,0,108.70442269800043,0.5597707472361937,0.0,
430,alt_routing,P1,False,D4c_spc,False,False,False,0,0,0,108.70442269800043,0.5597707472361937,0.0,
430,alt_routing,P1,False,D4bc_process_aware,False,False,False,0,0,0,108.70442269800043,0.5597707472361937,0.0,
430,alt_routing,P1,False,FULL_D3+D4bc,False,False,False,0,0,0,108.70442269800043,0.5597707472361937,0.0,
431,alt_routing,P2,False,D0_none,False,False,False,0,0,0,83.0908545324447,0.6062951295067223,0.0,
431,alt_routing,P2,False,D3_safety_auth,False,False,False,0,0,0,83.0908545324447,0.6062951295067223,0.0,
431,alt_routing,P2,False,D4b_master_data,False,False,False,0,0,0,83.0908545324447,0.6062951295067223,0.0,
431,alt_routing,P2,False,D4c_spc,False,False,False,0,0,0,83.0908545324447,0.6062951295067223,0.0,
431,alt_routing,P2,False,D4bc_process_aware,False,False,False,0,0,0,83.0908545324447,0.6062951295067223,0.0,
431,alt_routing,P2,False,FULL_D3+D4bc,False,False,False,0,0,0,83.0908545324447,0.6062951295067223,0.0,
432,alt_routing,P2,False,D0_none,False,False,False,0,0,0,83.0908545324447,0.6062951295067223,0.0,
432,alt_routing,P2,False,D3_safety_auth,False,False,False,0,0,0,83.0908545324447,0.6062951295067223,0.0,
432,alt_routing,P2,False,D4b_master_data,False,False,False,0,0,0,83.0908545324447,0.6062951295067223,0.0,
432,alt_routing,P2,False,D4c_spc,False,False,False,0,0,0,83.0908545324447,0.6062951295067223,0.0,
432,alt_routing,P2,False,D4bc_process_aware,False,False,False,0,0,0,83.0908545324447,0.6062951295067223,0.0,
432,alt_routing,P2,False,FULL_D3+D4bc,False,False,False,0,0,0,83.0908545324447,0.6062951295067223,0.0,
433,alt_routing,P2,False,D0_none,False,False,False,0,0,0,83.0908545324447,0.6062951295067223,0.0,
433,alt_routing,P2,False,D3_safety_auth,False,False,False,0,0,0,83.0908545324447,0.6062951295067223,0.0,
433,alt_routing,P2,False,D4b_master_data,False,False,False,0,0,0,83.0908545324447,0.6062951295067223,0.0,
433,alt_routing,P2,False,D4c_spc,False,False,False,0,0,0,83.0908545324447,0.6062951295067223,0.0,
433,alt_routing,P2,False,D4bc_process_aware,False,False,False,0,0,0,83.0908545324447,0.6062951295067223,0.0,
433,alt_routing,P2,False,FULL_D3+D4bc,False,False,False,0,0,0,83.0908545324447,0.6062951295067223,0.0,
434,alt_routing,P1,False,D0_none,False,False,False,0,0,0,108.70442269800043,0.5597707472361937,0.0,
434,alt_routing,P1,False,D3_safety_auth,False,False,False,0,0,0,108.70442269800043,0.5597707472361937,0.0,
434,alt_routing,P1,False,D4b_master_data,False,False,False,0,0,0,108.70442269800043,0.5597707472361937,0.0,
434,alt_routing,P1,False,D4c_spc,False,True,False,0,0,0,125.70442269800043,0.4840685364565672,17.0,
434,alt_routing,P1,False,D4bc_process_aware,False,True,False,0,0,0,125.70442269800043,0.4840685364565672,17.0,
434,alt_routing,P1,False,FULL_D3+D4bc,False,True,False,0,0,0,125.70442269800043,0.4840685364565672,17.0,
435,alt_routing,P1,False,D0_none,False,False,False,0,0,0,108.70442269800043,0.5597707472361937,0.0,
435,alt_routing,P1,False,D3_safety_auth,False,False,False,0,0,0,108.70442269800043,0.5597707472361937,0.0,
435,alt_routing,P1,False,D4b_master_data,False,False,False,0,0,0,108.70442269800043,0.5597707472361937,0.0,
435,alt_routing,P1,False,D4c_spc,False,False,False,0,0,0,108.70442269800043,0.5597707472361937,0.0,
435,alt_routing,P1,False,D4bc_process_aware,False,False,False,0,0,0,108.70442269800043,0.5597707472361937,0.0,
435,alt_routing,P1,False,FULL_D3+D4bc,False,False,False,0,0,0,108.70442269800043,0.5597707472361937,0.0,
436,alt_routing,P1,False,D0_none,False,False,False,0,0,0,108.70442269800043,0.5597707472361937,0.0,
436,alt_routing,P1,False,D3_safety_auth,False,False,False,0,0,0,108.70442269800043,0.5597707472361937,0.0,
436,alt_routing,P1,False,D4b_master_data,False,False,False,0,0,0,108.70442269800043,0.5597707472361937,0.0,
436,alt_routing,P1,False,D4c_spc,False,True,False,0,0,0,125.70442269800043,0.4840685364565672,17.0,
436,alt_routing,P1,False,D4bc_process_aware,False,True,False,0,0,0,125.70442269800043,0.4840685364565672,17.0,
436,alt_routing,P1,False,FULL_D3+D4bc,False,True,False,0,0,0,125.70442269800043,0.4840685364565672,17.0,
437,alt_routing,P1,True,D0_none,False,False,False,0,0,0,108.70442269800043,0.5597707472361937,0.0,
437,alt_routing,P1,True,D3_safety_auth,False,False,False,0,0,0,108.70442269800043,0.5597707472361937,0.0,
437,alt_routing,P1,True,D4b_master_data,True,False,False,0,0,0,123.70442269800043,0.4918947487438728,15.0,machine M2 not on authorised routing
437,alt_routing,P1,True,D4c_spc,False,False,False,0,0,0,108.70442269800043,0.5597707472361937,0.0,
437,alt_routing,P1,True,D4bc_process_aware,True,False,False,0,0,0,123.70442269800043,0.4918947487438728,15.0,machine M2 not on authorised routing
437,alt_routing,P1,True,FULL_D3+D4bc,True,False,False,0,0,0,123.70442269800043,0.4918947487438728,15.0,machine M2 not on authorised routing
438,alt_routing,P3,False,D0_none,False,False,False,0,0,0,111.26134139568217,0.5507569309436137,0.0,
438,alt_routing,P3,False,D3_safety_auth,False,False,False,0,0,0,111.26134139568217,0.5507569309436137,0.0,
438,alt_routing,P3,False,D4b_master_data,False,False,False,0,0,0,111.26134139568217,0.5507569309436137,0.0,
438,alt_routing,P3,False,D4c_spc,False,False,False,0,0,0,111.26134139568217,0.5507569309436137,0.0,
438,alt_routing,P3,False,D4bc_process_aware,False,False,False,0,0,0,111.26134139568217,0.5507569309436137,0.0,
438,alt_routing,P3,False,FULL_D3+D4bc,False,False,False,0,0,0,111.26134139568217,0.5507569309436137,0.0,
439,alt_routing,P2,False,D0_none,False,False,False,0,0,0,83.0908545324447,0.6062951295067223,0.0,
439,alt_routing,P2,False,D3_safety_auth,False,False,False,0,0,0,83.0908545324447,0.6062951295067223,0.0,
439,alt_routing,P2,False,D4b_master_data,False,False,False,0,0,0,83.0908545324447,0.6062951295067223,0.0,
439,alt_routing,P2,False,D4c_spc,False,False,False,0,0,0,83.0908545324447,0.6062951295067223,0.0,
439,alt_routing,P2,False,D4bc_process_aware,False,False,False,0,0,0,83.0908545324447,0.6062951295067223,0.0,
439,alt_routing,P2,False,FULL_D3+D4bc,False,False,False,0,0,0,83.0908545324447,0.6062951295067223,0.0,
440,alt_routing,P2,False,D0_none,False,False,False,0,0,0,83.0908545324447,0.6062951295067223,0.0,
440,alt_routing,P2,False,D3_safety_auth,False,False,False,0,0,0,83.0908545324447,0.6062951295067223,0.0,
440,alt_routing,P2,False,D4b_master_data,False,False,False,0,0,0,83.0908545324447,0.6062951295067223,0.0,
440,alt_routing,P2,False,D4c_spc,False,False,False,0,0,0,83.0908545324447,0.6062951295067223,0.0,
440,alt_routing,P2,False,D4bc_process_aware,False,False,False,0,0,0,83.0908545324447,0.6062951295067223,0.0,
440,alt_routing,P2,False,FULL_D3+D4bc,False,False,False,0,0,0,83.0908545324447,0.6062951295067223,0.0,
441,alt_routing,P2,False,D0_none,False,False,False,0,0,0,83.0908545324447,0.6062951295067223,0.0,
441,alt_routing,P2,False,D3_safety_auth,False,False,False,0,0,0,83.0908545324447,0.6062951295067223,0.0,
441,alt_routing,P2,False,D4b_master_data,False,False,False,0,0,0,83.0908545324447,0.6062951295067223,0.0,
441,alt_routing,P2,False,D4c_spc,False,False,False,0,0,0,83.0908545324447,0.6062951295067223,0.0,
441,alt_routing,P2,False,D4bc_process_aware,False,False,False,0,0,0,83.0908545324447,0.6062951295067223,0.0,
441,alt_routing,P2,False,FULL_D3+D4bc,False,False,False,0,0,0,83.0908545324447,0.6062951295067223,0.0,
442,alt_routing,P3,False,D0_none,False,False,False,1,0,0,111.26134139568217,0.5323983665788266,0.0,
442,alt_routing,P3,False,D3_safety_auth,False,False,False,1,0,0,111.26134139568217,0.5323983665788266,0.0,
442,alt_routing,P3,False,D4b_master_data,False,False,False,1,0,0,111.26134139568217,0.5323983665788266,0.0,
442,alt_routing,P3,False,D4c_spc,False,False,False,1,0,0,111.26134139568217,0.5323983665788266,0.0,
442,alt_routing,P3,False,D4bc_process_aware,False,False,False,1,0,0,111.26134139568217,0.5323983665788266,0.0,
442,alt_routing,P3,False,FULL_D3+D4bc,False,False,False,1,0,0,111.26134139568217,0.5323983665788266,0.0,
443,alt_routing,P3,False,D0_none,False,False,False,1,0,0,111.26134139568217,0.5323983665788266,0.0,
443,alt_routing,P3,False,D3_safety_auth,False,False,False,1,0,0,111.26134139568217,0.5323983665788266,0.0,
443,alt_routing,P3,False,D4b_master_data,False,False,False,1,0,0,111.26134139568217,0.5323983665788266,0.0,
443,alt_routing,P3,False,D4c_spc,False,True,True,1,0,0,126.26134139568217,0.4691487969923949,17.0,
443,alt_routing,P3,False,D4bc_process_aware,False,True,True,1,0,0,126.26134139568217,0.4691487969923949,17.0,
443,alt_routing,P3,False,FULL_D3+D4bc,False,True,True,1,0,0,126.26134139568217,0.4691487969923949,17.0,
444,alt_routing,P1,False,D0_none,False,False,False,0,0,0,108.70442269800043,0.5597707472361937,0.0,
444,alt_routing,P1,False,D3_safety_auth,False,False,False,0,0,0,108.70442269800043,0.5597707472361937,0.0,
444,alt_routing,P1,False,D4b_master_data,False,False,False,0,0,0,108.70442269800043,0.5597707472361937,0.0,
444,alt_routing,P1,False,D4c_spc,False,False,False,0,0,0,108.70442269800043,0.5597707472361937,0.0,
444,alt_routing,P1,False,D4bc_process_aware,False,False,False,0,0,0,108.70442269800043,0.5597707472361937,0.0,
444,alt_routing,P1,False,FULL_D3+D4bc,False,False,False,0,0,0,108.70442269800043,0.5597707472361937,0.0,
445,alt_routing,P2,False,D0_none,False,False,False,0,0,0,83.0908545324447,0.6062951295067223,0.0,
445,alt_routing,P2,False,D3_safety_auth,False,False,False,0,0,0,83.0908545324447,0.6062951295067223,0.0,
445,alt_routing,P2,False,D4b_master_data,False,False,False,0,0,0,83.0908545324447,0.6062951295067223,0.0,
445,alt_routing,P2,False,D4c_spc,False,False,False,0,0,0,83.0908545324447,0.6062951295067223,0.0,
445,alt_routing,P2,False,D4bc_process_aware,False,False,False,0,0,0,83.0908545324447,0.6062951295067223,0.0,
445,alt_routing,P2,False,FULL_D3+D4bc,False,False,False,0,0,0,83.0908545324447,0.6062951295067223,0.0,
446,alt_routing,P3,False,D0_none,False,False,False,0,0,0,111.26134139568217,0.5507569309436137,0.0,
446,alt_routing,P3,False,D3_safety_auth,False,False,False,0,0,0,111.26134139568217,0.5507569309436137,0.0,
446,alt_routing,P3,False,D4b_master_data,False,False,False,0,0,0,111.26134139568217,0.5507569309436137,0.0,
446,alt_routing,P3,False,D4c_spc,False,False,False,0,0,0,111.26134139568217,0.5507569309436137,0.0,
446,alt_routing,P3,False,D4bc_process_aware,False,False,False,0,0,0,111.26134139568217,0.5507569309436137,0.0,
446,alt_routing,P3,False,FULL_D3+D4bc,False,False,False,0,0,0,111.26134139568217,0.5507569309436137,0.0,
447,alt_routing,P1,False,D0_none,False,False,False,0,0,0,108.70442269800043,0.5597707472361937,0.0,
447,alt_routing,P1,False,D3_safety_auth,False,False,False,0,0,0,108.70442269800043,0.5597707472361937,0.0,
447,alt_routing,P1,False,D4b_master_data,False,False,False,0,0,0,108.70442269800043,0.5597707472361937,0.0,
447,alt_routing,P1,False,D4c_spc,False,False,False,0,0,0,108.70442269800043,0.5597707472361937,0.0,
447,alt_routing,P1,False,D4bc_process_aware,False,False,False,0,0,0,108.70442269800043,0.5597707472361937,0.0,
447,alt_routing,P1,False,FULL_D3+D4bc,False,False,False,0,0,0,108.70442269800043,0.5597707472361937,0.0,
448,alt_routing,P2,False,D0_none,False,False,False,0,0,0,83.0908545324447,0.6062951295067223,0.0,
448,alt_routing,P2,False,D3_safety_auth,False,False,False,0,0,0,83.0908545324447,0.6062951295067223,0.0,
448,alt_routing,P2,False,D4b_master_data,False,False,False,0,0,0,83.0908545324447,0.6062951295067223,0.0,
448,alt_routing,P2,False,D4c_spc,False,False,False,0,0,0,83.0908545324447,0.6062951295067223,0.0,
448,alt_routing,P2,False,D4bc_process_aware,False,False,False,0,0,0,83.0908545324447,0.6062951295067223,0.0,
448,alt_routing,P2,False,FULL_D3+D4bc,False,False,False,0,0,0,83.0908545324447,0.6062951295067223,0.0,
449,alt_routing,P3,False,D0_none,False,False,False,0,0,0,111.26134139568217,0.5507569309436137,0.0,
449,alt_routing,P3,False,D3_safety_auth,False,False,False,0,0,0,111.26134139568217,0.5507569309436137,0.0,
449,alt_routing,P3,False,D4b_master_data,False,False,False,0,0,0,111.26134139568217,0.5507569309436137,0.0,
449,alt_routing,P3,False,D4c_spc,False,False,False,0,0,0,111.26134139568217,0.5507569309436137,0.0,
449,alt_routing,P3,False,D4bc_process_aware,False,False,False,0,0,0,111.26134139568217,0.5507569309436137,0.0,
449,alt_routing,P3,False,FULL_D3+D4bc,False,False,False,0,0,0,111.26134139568217,0.5507569309436137,0.0,
450,alt_routing,P3,False,D0_none,False,False,False,0,0,0,111.26134139568217,0.5507569309436137,0.0,
450,alt_routing,P3,False,D3_safety_auth,False,False,False,0,0,0,111.26134139568217,0.5507569309436137,0.0,
450,alt_routing,P3,False,D4b_master_data,False,False,False,0,0,0,111.26134139568217,0.5507569309436137,0.0,
450,alt_routing,P3,False,D4c_spc,False,False,False,0,0,0,111.26134139568217,0.5507569309436137,0.0,
450,alt_routing,P3,False,D4bc_process_aware,False,False,False,0,0,0,111.26134139568217,0.5507569309436137,0.0,
450,alt_routing,P3,False,FULL_D3+D4bc,False,False,False,0,0,0,111.26134139568217,0.5507569309436137,0.0,
451,alt_routing,P2,False,D0_none,False,False,False,0,0,0,83.0908545324447,0.6062951295067223,0.0,
451,alt_routing,P2,False,D3_safety_auth,False,False,False,0,0,0,83.0908545324447,0.6062951295067223,0.0,
451,alt_routing,P2,False,D4b_master_data,False,False,False,0,0,0,83.0908545324447,0.6062951295067223,0.0,
451,alt_routing,P2,False,D4c_spc,False,False,False,0,0,0,83.0908545324447,0.6062951295067223,0.0,
451,alt_routing,P2,False,D4bc_process_aware,False,False,False,0,0,0,83.0908545324447,0.6062951295067223,0.0,
451,alt_routing,P2,False,FULL_D3+D4bc,False,False,False,0,0,0,83.0908545324447,0.6062951295067223,0.0,
452,alt_routing,P1,False,D0_none,False,False,False,0,2,0,108.70442269800043,0.5224526974204474,0.0,
452,alt_routing,P1,False,D3_safety_auth,False,False,False,0,2,0,108.70442269800043,0.5224526974204474,0.0,
452,alt_routing,P1,False,D4b_master_data,False,False,False,0,2,0,108.70442269800043,0.5224526974204474,0.0,
452,alt_routing,P1,False,D4c_spc,False,True,True,0,2,0,125.70442269800044,0.451797300692796,17.0,
452,alt_routing,P1,False,D4bc_process_aware,False,True,True,0,2,0,125.70442269800044,0.451797300692796,17.0,
452,alt_routing,P1,False,FULL_D3+D4bc,False,True,True,0,2,0,125.70442269800044,0.451797300692796,17.0,
453,alt_routing,P2,False,D0_none,False,False,False,0,0,0,83.0908545324447,0.6062951295067223,0.0,
453,alt_routing,P2,False,D3_safety_auth,False,False,False,0,0,0,83.0908545324447,0.6062951295067223,0.0,
453,alt_routing,P2,False,D4b_master_data,False,False,False,0,0,0,83.0908545324447,0.6062951295067223,0.0,
453,alt_routing,P2,False,D4c_spc,False,False,False,0,0,0,83.0908545324447,0.6062951295067223,0.0,
453,alt_routing,P2,False,D4bc_process_aware,False,False,False,0,0,0,83.0908545324447,0.6062951295067223,0.0,
453,alt_routing,P2,False,FULL_D3+D4bc,False,False,False,0,0,0,83.0908545324447,0.6062951295067223,0.0,
454,alt_routing,P1,False,D0_none,False,False,False,0,0,0,108.70442269800043,0.5597707472361937,0.0,
454,alt_routing,P1,False,D3_safety_auth,False,False,False,0,0,0,108.70442269800043,0.5597707472361937,0.0,
454,alt_routing,P1,False,D4b_master_data,False,False,False,0,0,0,108.70442269800043,0.5597707472361937,0.0,
454,alt_routing,P1,False,D4c_spc,False,False,False,0,0,0,108.70442269800043,0.5597707472361937,0.0,
454,alt_routing,P1,False,D4bc_process_aware,False,False,False,0,0,0,108.70442269800043,0.5597707472361937,0.0,
454,alt_routing,P1,False,FULL_D3+D4bc,False,False,False,0,0,0,108.70442269800043,0.5597707472361937,0.0,
455,alt_routing,P1,False,D0_none,False,False,False,0,0,0,108.70442269800043,0.5597707472361937,0.0,
455,alt_routing,P1,False,D3_safety_auth,False,False,False,0,0,0,108.70442269800043,0.5597707472361937,0.0,
455,alt_routing,P1,False,D4b_master_data,False,False,False,0,0,0,108.70442269800043,0.5597707472361937,0.0,
455,alt_routing,P1,False,D4c_spc,False,False,False,0,0,0,108.70442269800043,0.5597707472361937,0.0,
455,alt_routing,P1,False,D4bc_process_aware,False,False,False,0,0,0,108.70442269800043,0.5597707472361937,0.0,
455,alt_routing,P1,False,FULL_D3+D4bc,False,False,False,0,0,0,108.70442269800043,0.5597707472361937,0.0,
456,alt_routing,P3,False,D0_none,False,False,False,0,0,0,111.26134139568217,0.5507569309436137,0.0,
456,alt_routing,P3,False,D3_safety_auth,False,False,False,0,0,0,111.26134139568217,0.5507569309436137,0.0,
456,alt_routing,P3,False,D4b_master_data,False,False,False,0,0,0,111.26134139568217,0.5507569309436137,0.0,
456,alt_routing,P3,False,D4c_spc,False,False,False,0,0,0,111.26134139568217,0.5507569309436137,0.0,
456,alt_routing,P3,False,D4bc_process_aware,False,False,False,0,0,0,111.26134139568217,0.5507569309436137,0.0,
456,alt_routing,P3,False,FULL_D3+D4bc,False,False,False,0,0,0,111.26134139568217,0.5507569309436137,0.0,
457,alt_routing,P2,False,D0_none,False,False,False,0,0,0,83.0908545324447,0.6062951295067223,0.0,
457,alt_routing,P2,False,D3_safety_auth,False,False,False,0,0,0,83.0908545324447,0.6062951295067223,0.0,
457,alt_routing,P2,False,D4b_master_data,False,False,False,0,0,0,83.0908545324447,0.6062951295067223,0.0,
457,alt_routing,P2,False,D4c_spc,False,False,False,0,0,0,83.0908545324447,0.6062951295067223,0.0,
457,alt_routing,P2,False,D4bc_process_aware,False,False,False,0,0,0,83.0908545324447,0.6062951295067223,0.0,
457,alt_routing,P2,False,FULL_D3+D4bc,False,False,False,0,0,0,83.0908545324447,0.6062951295067223,0.0,
458,alt_routing,P2,False,D0_none,False,False,False,0,0,0,83.0908545324447,0.6062951295067223,0.0,
458,alt_routing,P2,False,D3_safety_auth,False,False,False,0,0,0,83.0908545324447,0.6062951295067223,0.0,
458,alt_routing,P2,False,D4b_master_data,False,False,False,0,0,0,83.0908545324447,0.6062951295067223,0.0,
458,alt_routing,P2,False,D4c_spc,False,False,False,0,0,0,83.0908545324447,0.6062951295067223,0.0,
458,alt_routing,P2,False,D4bc_process_aware,False,False,False,0,0,0,83.0908545324447,0.6062951295067223,0.0,
458,alt_routing,P2,False,FULL_D3+D4bc,False,False,False,0,0,0,83.0908545324447,0.6062951295067223,0.0,
459,alt_routing,P3,False,D0_none,False,False,False,0,0,0,111.26134139568217,0.5507569309436137,0.0,
459,alt_routing,P3,False,D3_safety_auth,False,False,False,0,0,0,111.26134139568217,0.5507569309436137,0.0,
459,alt_routing,P3,False,D4b_master_data,False,False,False,0,0,0,111.26134139568217,0.5507569309436137,0.0,
459,alt_routing,P3,False,D4c_spc,False,False,False,0,0,0,111.26134139568217,0.5507569309436137,0.0,
459,alt_routing,P3,False,D4bc_process_aware,False,False,False,0,0,0,111.26134139568217,0.5507569309436137,0.0,
459,alt_routing,P3,False,FULL_D3+D4bc,False,False,False,0,0,0,111.26134139568217,0.5507569309436137,0.0,
460,alt_routing,P1,False,D0_none,False,False,False,0,0,0,108.70442269800043,0.5597707472361937,0.0,
460,alt_routing,P1,False,D3_safety_auth,False,False,False,0,0,0,108.70442269800043,0.5597707472361937,0.0,
460,alt_routing,P1,False,D4b_master_data,False,False,False,0,0,0,108.70442269800043,0.5597707472361937,0.0,
460,alt_routing,P1,False,D4c_spc,False,False,False,0,0,0,108.70442269800043,0.5597707472361937,0.0,
460,alt_routing,P1,False,D4bc_process_aware,False,False,False,0,0,0,108.70442269800043,0.5597707472361937,0.0,
460,alt_routing,P1,False,FULL_D3+D4bc,False,False,False,0,0,0,108.70442269800043,0.5597707472361937,0.0,
461,alt_routing,P2,False,D0_none,False,False,False,0,0,0,83.0908545324447,0.6062951295067223,0.0,
461,alt_routing,P2,False,D3_safety_auth,False,False,False,0,0,0,83.0908545324447,0.6062951295067223,0.0,
461,alt_routing,P2,False,D4b_master_data,False,False,False,0,0,0,83.0908545324447,0.6062951295067223,0.0,
461,alt_routing,P2,False,D4c_spc,False,False,False,0,0,0,83.0908545324447,0.6062951295067223,0.0,
461,alt_routing,P2,False,D4bc_process_aware,False,False,False,0,0,0,83.0908545324447,0.6062951295067223,0.0,
461,alt_routing,P2,False,FULL_D3+D4bc,False,False,False,0,0,0,83.0908545324447,0.6062951295067223,0.0,
462,alt_routing,P1,False,D0_none,False,False,False,1,0,0,108.70442269800043,0.5411117223283206,0.0,
462,alt_routing,P1,False,D3_safety_auth,False,False,False,1,0,0,108.70442269800043,0.5411117223283206,0.0,
462,alt_routing,P1,False,D4b_master_data,False,False,False,1,0,0,108.70442269800043,0.5411117223283206,0.0,
462,alt_routing,P1,False,D4c_spc,False,True,True,1,0,0,125.70442269800043,0.46793291857468167,17.0,
462,alt_routing,P1,False,D4bc_process_aware,False,True,True,1,0,0,125.70442269800043,0.46793291857468167,17.0,
462,alt_routing,P1,False,FULL_D3+D4bc,False,True,True,1,0,0,125.70442269800043,0.46793291857468167,17.0,
463,alt_routing,P2,False,D0_none,False,False,False,0,0,0,83.0908545324447,0.6062951295067223,0.0,
463,alt_routing,P2,False,D3_safety_auth,False,False,False,0,0,0,83.0908545324447,0.6062951295067223,0.0,
463,alt_routing,P2,False,D4b_master_data,False,False,False,0,0,0,83.0908545324447,0.6062951295067223,0.0,
463,alt_routing,P2,False,D4c_spc,False,False,False,0,0,0,83.0908545324447,0.6062951295067223,0.0,
463,alt_routing,P2,False,D4bc_process_aware,False,False,False,0,0,0,83.0908545324447,0.6062951295067223,0.0,
463,alt_routing,P2,False,FULL_D3+D4bc,False,False,False,0,0,0,83.0908545324447,0.6062951295067223,0.0,
464,alt_routing,P3,True,D0_none,False,False,False,0,0,0,111.26134139568217,0.5507569309436137,0.0,
464,alt_routing,P3,True,D3_safety_auth,False,False,False,0,0,0,111.26134139568217,0.5507569309436137,0.0,
464,alt_routing,P3,True,D4b_master_data,True,False,False,0,0,0,126.26134139568217,0.4853263417162706,15.0,machine M2 not on authorised routing
464,alt_routing,P3,True,D4c_spc,False,False,False,0,0,0,111.26134139568217,0.5507569309436137,0.0,
464,alt_routing,P3,True,D4bc_process_aware,True,False,False,0,0,0,126.26134139568217,0.4853263417162706,15.0,machine M2 not on authorised routing
464,alt_routing,P3,True,FULL_D3+D4bc,True,False,False,0,0,0,126.26134139568217,0.4853263417162706,15.0,machine M2 not on authorised routing
465,alt_routing,P3,False,D0_none,False,False,False,0,1,0,111.26134139568217,0.5323983665788266,0.0,
465,alt_routing,P3,False,D3_safety_auth,False,False,False,0,1,0,111.26134139568217,0.5323983665788266,0.0,
465,alt_routing,P3,False,D4b_master_data,False,False,False,0,1,0,111.26134139568217,0.5323983665788266,0.0,
465,alt_routing,P3,False,D4c_spc,False,True,True,0,1,0,128.26134139568217,0.4618332833405443,17.0,
465,alt_routing,P3,False,D4bc_process_aware,False,True,True,0,1,0,128.26134139568217,0.4618332833405443,17.0,
465,alt_routing,P3,False,FULL_D3+D4bc,False,True,True,0,1,0,128.26134139568217,0.4618332833405443,17.0,
466,alt_routing,P3,False,D0_none,False,False,False,0,0,0,111.26134139568217,0.5507569309436137,0.0,
466,alt_routing,P3,False,D3_safety_auth,False,False,False,0,0,0,111.26134139568217,0.5507569309436137,0.0,
466,alt_routing,P3,False,D4b_master_data,False,False,False,0,0,0,111.26134139568217,0.5507569309436137,0.0,
466,alt_routing,P3,False,D4c_spc,False,False,False,0,0,0,111.26134139568217,0.5507569309436137,0.0,
466,alt_routing,P3,False,D4bc_process_aware,False,False,False,0,0,0,111.26134139568217,0.5507569309436137,0.0,
466,alt_routing,P3,False,FULL_D3+D4bc,False,False,False,0,0,0,111.26134139568217,0.5507569309436137,0.0,
467,alt_routing,P3,True,D0_none,False,False,False,0,0,0,111.26134139568217,0.5507569309436137,0.0,
467,alt_routing,P3,True,D3_safety_auth,False,False,False,0,0,0,111.26134139568217,0.5507569309436137,0.0,
467,alt_routing,P3,True,D4b_master_data,True,False,False,0,0,0,126.26134139568217,0.4853263417162706,15.0,machine M2 not on authorised routing
467,alt_routing,P3,True,D4c_spc,False,False,False,0,0,0,111.26134139568217,0.5507569309436137,0.0,
467,alt_routing,P3,True,D4bc_process_aware,True,False,False,0,0,0,126.26134139568217,0.4853263417162706,15.0,machine M2 not on authorised routing
467,alt_routing,P3,True,FULL_D3+D4bc,True,False,False,0,0,0,126.26134139568217,0.4853263417162706,15.0,machine M2 not on authorised routing
468,alt_routing,P2,False,D0_none,False,False,False,0,0,0,83.0908545324447,0.6062951295067223,0.0,
468,alt_routing,P2,False,D3_safety_auth,False,False,False,0,0,0,83.0908545324447,0.6062951295067223,0.0,
468,alt_routing,P2,False,D4b_master_data,False,False,False,0,0,0,83.0908545324447,0.6062951295067223,0.0,
468,alt_routing,P2,False,D4c_spc,False,False,False,0,0,0,83.0908545324447,0.6062951295067223,0.0,
468,alt_routing,P2,False,D4bc_process_aware,False,False,False,0,0,0,83.0908545324447,0.6062951295067223,0.0,
468,alt_routing,P2,False,FULL_D3+D4bc,False,False,False,0,0,0,83.0908545324447,0.6062951295067223,0.0,
469,alt_routing,P3,False,D0_none,False,False,False,1,0,0,111.26134139568217,0.5323983665788266,0.0,
469,alt_routing,P3,False,D3_safety_auth,False,False,False,1,0,0,111.26134139568217,0.5323983665788266,0.0,
469,alt_routing,P3,False,D4b_master_data,False,False,False,1,0,0,111.26134139568217,0.5323983665788266,0.0,
469,alt_routing,P3,False,D4c_spc,False,False,False,1,0,0,111.26134139568217,0.5323983665788266,0.0,
469,alt_routing,P3,False,D4bc_process_aware,False,False,False,1,0,0,111.26134139568217,0.5323983665788266,0.0,
469,alt_routing,P3,False,FULL_D3+D4bc,False,False,False,1,0,0,111.26134139568217,0.5323983665788266,0.0,
470,alt_routing,P1,False,D0_none,False,False,False,0,0,0,108.70442269800043,0.5597707472361937,0.0,
470,alt_routing,P1,False,D3_safety_auth,False,False,False,0,0,0,108.70442269800043,0.5597707472361937,0.0,
470,alt_routing,P1,False,D4b_master_data,False,False,False,0,0,0,108.70442269800043,0.5597707472361937,0.0,
470,alt_routing,P1,False,D4c_spc,False,False,False,0,0,0,108.70442269800043,0.5597707472361937,0.0,
470,alt_routing,P1,False,D4bc_process_aware,False,False,False,0,0,0,108.70442269800043,0.5597707472361937,0.0,
470,alt_routing,P1,False,FULL_D3+D4bc,False,False,False,0,0,0,108.70442269800043,0.5597707472361937,0.0,
471,alt_routing,P3,False,D0_none,False,False,False,0,0,0,111.26134139568217,0.5507569309436137,0.0,
471,alt_routing,P3,False,D3_safety_auth,False,False,False,0,0,0,111.26134139568217,0.5507569309436137,0.0,
471,alt_routing,P3,False,D4b_master_data,False,False,False,0,0,0,111.26134139568217,0.5507569309436137,0.0,
471,alt_routing,P3,False,D4c_spc,False,False,False,0,0,0,111.26134139568217,0.5507569309436137,0.0,
471,alt_routing,P3,False,D4bc_process_aware,False,False,False,0,0,0,111.26134139568217,0.5507569309436137,0.0,
471,alt_routing,P3,False,FULL_D3+D4bc,False,False,False,0,0,0,111.26134139568217,0.5507569309436137,0.0,
472,alt_routing,P1,False,D0_none,False,False,False,0,0,0,108.70442269800043,0.5597707472361937,0.0,
472,alt_routing,P1,False,D3_safety_auth,False,False,False,0,0,0,108.70442269800043,0.5597707472361937,0.0,
472,alt_routing,P1,False,D4b_master_data,False,False,False,0,0,0,108.70442269800043,0.5597707472361937,0.0,
472,alt_routing,P1,False,D4c_spc,False,False,False,0,0,0,108.70442269800043,0.5597707472361937,0.0,
472,alt_routing,P1,False,D4bc_process_aware,False,False,False,0,0,0,108.70442269800043,0.5597707472361937,0.0,
472,alt_routing,P1,False,FULL_D3+D4bc,False,False,False,0,0,0,108.70442269800043,0.5597707472361937,0.0,
473,alt_routing,P2,False,D0_none,False,False,False,0,0,0,83.0908545324447,0.6062951295067223,0.0,
473,alt_routing,P2,False,D3_safety_auth,False,False,False,0,0,0,83.0908545324447,0.6062951295067223,0.0,
473,alt_routing,P2,False,D4b_master_data,False,False,False,0,0,0,83.0908545324447,0.6062951295067223,0.0,
473,alt_routing,P2,False,D4c_spc,False,False,False,0,0,0,83.0908545324447,0.6062951295067223,0.0,
473,alt_routing,P2,False,D4bc_process_aware,False,False,False,0,0,0,83.0908545324447,0.6062951295067223,0.0,
473,alt_routing,P2,False,FULL_D3+D4bc,False,False,False,0,0,0,83.0908545324447,0.6062951295067223,0.0,
474,alt_routing,P1,True,D0_none,False,False,False,0,0,0,108.70442269800043,0.5597707472361937,0.0,
474,alt_routing,P1,True,D3_safety_auth,False,False,False,0,0,0,108.70442269800043,0.5597707472361937,0.0,
474,alt_routing,P1,True,D4b_master_data,True,False,False,0,0,0,123.70442269800043,0.4918947487438728,15.0,machine M2 not on authorised routing
474,alt_routing,P1,True,D4c_spc,False,False,False,0,0,0,108.70442269800043,0.5597707472361937,0.0,
474,alt_routing,P1,True,D4bc_process_aware,True,False,False,0,0,0,123.70442269800043,0.4918947487438728,15.0,machine M2 not on authorised routing
474,alt_routing,P1,True,FULL_D3+D4bc,True,False,False,0,0,0,123.70442269800043,0.4918947487438728,15.0,machine M2 not on authorised routing
475,alt_routing,P3,True,D0_none,False,False,False,0,0,0,111.26134139568217,0.5507569309436137,0.0,
475,alt_routing,P3,True,D3_safety_auth,False,False,False,0,0,0,111.26134139568217,0.5507569309436137,0.0,
475,alt_routing,P3,True,D4b_master_data,True,False,False,0,0,0,126.26134139568217,0.4853263417162706,15.0,machine M2 not on authorised routing
475,alt_routing,P3,True,D4c_spc,False,False,False,0,0,0,111.26134139568217,0.5507569309436137,0.0,
475,alt_routing,P3,True,D4bc_process_aware,True,False,False,0,0,0,126.26134139568217,0.4853263417162706,15.0,machine M2 not on authorised routing
475,alt_routing,P3,True,FULL_D3+D4bc,True,False,False,0,0,0,126.26134139568217,0.4853263417162706,15.0,machine M2 not on authorised routing
476,alt_routing,P1,False,D0_none,False,False,False,1,0,0,108.70442269800043,0.5411117223283206,0.0,
476,alt_routing,P1,False,D3_safety_auth,False,False,False,1,0,0,108.70442269800043,0.5411117223283206,0.0,
476,alt_routing,P1,False,D4b_master_data,False,False,False,1,0,0,108.70442269800043,0.5411117223283206,0.0,
476,alt_routing,P1,False,D4c_spc,False,True,True,1,0,0,125.70442269800043,0.46793291857468167,17.0,
476,alt_routing,P1,False,D4bc_process_aware,False,True,True,1,0,0,125.70442269800043,0.46793291857468167,17.0,
476,alt_routing,P1,False,FULL_D3+D4bc,False,True,True,1,0,0,125.70442269800043,0.46793291857468167,17.0,
477,alt_routing,P1,False,D0_none,False,False,False,0,0,0,108.70442269800043,0.5597707472361937,0.0,
477,alt_routing,P1,False,D3_safety_auth,False,False,False,0,0,0,108.70442269800043,0.5597707472361937,0.0,
477,alt_routing,P1,False,D4b_master_data,False,False,False,0,0,0,108.70442269800043,0.5597707472361937,0.0,
477,alt_routing,P1,False,D4c_spc,False,False,False,0,0,0,108.70442269800043,0.5597707472361937,0.0,
477,alt_routing,P1,False,D4bc_process_aware,False,False,False,0,0,0,108.70442269800043,0.5597707472361937,0.0,
477,alt_routing,P1,False,FULL_D3+D4bc,False,False,False,0,0,0,108.70442269800043,0.5597707472361937,0.0,
478,alt_routing,P2,False,D0_none,False,False,False,0,0,0,83.0908545324447,0.6062951295067223,0.0,
478,alt_routing,P2,False,D3_safety_auth,False,False,False,0,0,0,83.0908545324447,0.6062951295067223,0.0,
478,alt_routing,P2,False,D4b_master_data,False,False,False,0,0,0,83.0908545324447,0.6062951295067223,0.0,
478,alt_routing,P2,False,D4c_spc,False,False,False,0,0,0,83.0908545324447,0.6062951295067223,0.0,
478,alt_routing,P2,False,D4bc_process_aware,False,False,False,0,0,0,83.0908545324447,0.6062951295067223,0.0,
478,alt_routing,P2,False,FULL_D3+D4bc,False,False,False,0,0,0,83.0908545324447,0.6062951295067223,0.0,
479,alt_routing,P2,False,D0_none,False,False,False,0,0,0,83.0908545324447,0.6062951295067223,0.0,
479,alt_routing,P2,False,D3_safety_auth,False,False,False,0,0,0,83.0908545324447,0.6062951295067223,0.0,
479,alt_routing,P2,False,D4b_master_data,False,False,False,0,0,0,83.0908545324447,0.6062951295067223,0.0,
479,alt_routing,P2,False,D4c_spc,False,False,False,0,0,0,83.0908545324447,0.6062951295067223,0.0,
479,alt_routing,P2,False,D4bc_process_aware,False,False,False,0,0,0,83.0908545324447,0.6062951295067223,0.0,
479,alt_routing,P2,False,FULL_D3+D4bc,False,False,False,0,0,0,83.0908545324447,0.6062951295067223,0.0,
480,alt_routing,P2,False,D0_none,False,False,False,0,0,0,83.0908545324447,0.6062951295067223,0.0,
480,alt_routing,P2,False,D3_safety_auth,False,False,False,0,0,0,83.0908545324447,0.6062951295067223,0.0,
480,alt_routing,P2,False,D4b_master_data,False,False,False,0,0,0,83.0908545324447,0.6062951295067223,0.0,
480,alt_routing,P2,False,D4c_spc,False,True,False,0,0,0,98.0908545324447,0.5135808088297346,17.0,
480,alt_routing,P2,False,D4bc_process_aware,False,True,False,0,0,0,98.0908545324447,0.5135808088297346,17.0,
480,alt_routing,P2,False,FULL_D3+D4bc,False,True,False,0,0,0,98.0908545324447,0.5135808088297346,17.0,
481,alt_routing,P3,False,D0_none,False,False,False,0,0,0,111.26134139568217,0.5507569309436137,0.0,
481,alt_routing,P3,False,D3_safety_auth,False,False,False,0,0,0,111.26134139568217,0.5507569309436137,0.0,
481,alt_routing,P3,False,D4b_master_data,False,False,False,0,0,0,111.26134139568217,0.5507569309436137,0.0,
481,alt_routing,P3,False,D4c_spc,False,False,False,0,0,0,111.26134139568217,0.5507569309436137,0.0,
481,alt_routing,P3,False,D4bc_process_aware,False,False,False,0,0,0,111.26134139568217,0.5507569309436137,0.0,
481,alt_routing,P3,False,FULL_D3+D4bc,False,False,False,0,0,0,111.26134139568217,0.5507569309436137,0.0,
482,alt_routing,P3,False,D0_none,False,False,False,0,0,0,111.26134139568217,0.5507569309436137,0.0,
482,alt_routing,P3,False,D3_safety_auth,False,False,False,0,0,0,111.26134139568217,0.5507569309436137,0.0,
482,alt_routing,P3,False,D4b_master_data,False,False,False,0,0,0,111.26134139568217,0.5507569309436137,0.0,
482,alt_routing,P3,False,D4c_spc,False,False,False,0,0,0,111.26134139568217,0.5507569309436137,0.0,
482,alt_routing,P3,False,D4bc_process_aware,False,False,False,0,0,0,111.26134139568217,0.5507569309436137,0.0,
482,alt_routing,P3,False,FULL_D3+D4bc,False,False,False,0,0,0,111.26134139568217,0.5507569309436137,0.0,
483,alt_routing,P2,True,D0_none,False,False,False,0,0,0,83.0908545324447,0.6062951295067223,0.0,
483,alt_routing,P2,True,D3_safety_auth,False,False,False,0,0,0,83.0908545324447,0.6062951295067223,0.0,
483,alt_routing,P2,True,D4b_master_data,True,False,False,0,0,0,98.0908545324447,0.5135808088297346,15.0,machine M2 not on authorised routing
483,alt_routing,P2,True,D4c_spc,False,False,False,0,0,0,83.0908545324447,0.6062951295067223,0.0,
483,alt_routing,P2,True,D4bc_process_aware,True,False,False,0,0,0,98.0908545324447,0.5135808088297346,15.0,machine M2 not on authorised routing
483,alt_routing,P2,True,FULL_D3+D4bc,True,False,False,0,0,0,98.0908545324447,0.5135808088297346,15.0,machine M2 not on authorised routing
484,alt_routing,P3,False,D0_none,False,False,False,0,0,0,111.26134139568217,0.5507569309436137,0.0,
484,alt_routing,P3,False,D3_safety_auth,False,False,False,0,0,0,111.26134139568217,0.5507569309436137,0.0,
484,alt_routing,P3,False,D4b_master_data,False,False,False,0,0,0,111.26134139568217,0.5507569309436137,0.0,
484,alt_routing,P3,False,D4c_spc,False,False,False,0,0,0,111.26134139568217,0.5507569309436137,0.0,
484,alt_routing,P3,False,D4bc_process_aware,False,False,False,0,0,0,111.26134139568217,0.5507569309436137,0.0,
484,alt_routing,P3,False,FULL_D3+D4bc,False,False,False,0,0,0,111.26134139568217,0.5507569309436137,0.0,
485,alt_routing,P2,False,D0_none,False,False,False,0,0,0,83.0908545324447,0.6062951295067223,0.0,
485,alt_routing,P2,False,D3_safety_auth,False,False,False,0,0,0,83.0908545324447,0.6062951295067223,0.0,
485,alt_routing,P2,False,D4b_master_data,False,False,False,0,0,0,83.0908545324447,0.6062951295067223,0.0,
485,alt_routing,P2,False,D4c_spc,False,False,False,0,0,0,83.0908545324447,0.6062951295067223,0.0,
485,alt_routing,P2,False,D4bc_process_aware,False,False,False,0,0,0,83.0908545324447,0.6062951295067223,0.0,
485,alt_routing,P2,False,FULL_D3+D4bc,False,False,False,0,0,0,83.0908545324447,0.6062951295067223,0.0,
486,alt_routing,P3,False,D0_none,False,False,False,1,0,0,111.26134139568217,0.5323983665788266,0.0,
486,alt_routing,P3,False,D3_safety_auth,False,False,False,1,0,0,111.26134139568217,0.5323983665788266,0.0,
486,alt_routing,P3,False,D4b_master_data,False,False,False,1,0,0,111.26134139568217,0.5323983665788266,0.0,
486,alt_routing,P3,False,D4c_spc,False,True,False,1,0,0,126.26134139568217,0.4691487969923949,17.0,
486,alt_routing,P3,False,D4bc_process_aware,False,True,False,1,0,0,126.26134139568217,0.4691487969923949,17.0,
486,alt_routing,P3,False,FULL_D3+D4bc,False,True,False,1,0,0,126.26134139568217,0.4691487969923949,17.0,
487,alt_routing,P3,False,D0_none,False,False,False,0,0,0,111.26134139568217,0.5507569309436137,0.0,
487,alt_routing,P3,False,D3_safety_auth,False,False,False,0,0,0,111.26134139568217,0.5507569309436137,0.0,
487,alt_routing,P3,False,D4b_master_data,False,False,False,0,0,0,111.26134139568217,0.5507569309436137,0.0,
487,alt_routing,P3,False,D4c_spc,False,False,False,0,0,0,111.26134139568217,0.5507569309436137,0.0,
487,alt_routing,P3,False,D4bc_process_aware,False,False,False,0,0,0,111.26134139568217,0.5507569309436137,0.0,
487,alt_routing,P3,False,FULL_D3+D4bc,False,False,False,0,0,0,111.26134139568217,0.5507569309436137,0.0,
488,alt_routing,P3,False,D0_none,False,False,False,0,0,0,111.26134139568217,0.5507569309436137,0.0,
488,alt_routing,P3,False,D3_safety_auth,False,False,False,0,0,0,111.26134139568217,0.5507569309436137,0.0,
488,alt_routing,P3,False,D4b_master_data,False,False,False,0,0,0,111.26134139568217,0.5507569309436137,0.0,
488,alt_routing,P3,False,D4c_spc,False,False,False,0,0,0,111.26134139568217,0.5507569309436137,0.0,
488,alt_routing,P3,False,D4bc_process_aware,False,False,False,0,0,0,111.26134139568217,0.5507569309436137,0.0,
488,alt_routing,P3,False,FULL_D3+D4bc,False,False,False,0,0,0,111.26134139568217,0.5507569309436137,0.0,
489,alt_routing,P3,False,D0_none,False,False,False,0,0,0,111.26134139568217,0.5507569309436137,0.0,
489,alt_routing,P3,False,D3_safety_auth,False,False,False,0,0,0,111.26134139568217,0.5507569309436137,0.0,
489,alt_routing,P3,False,D4b_master_data,False,False,False,0,0,0,111.26134139568217,0.5507569309436137,0.0,
489,alt_routing,P3,False,D4c_spc,False,True,False,0,0,0,128.26134139568217,0.47775856897297686,17.0,
489,alt_routing,P3,False,D4bc_process_aware,False,True,False,0,0,0,128.26134139568217,0.47775856897297686,17.0,
489,alt_routing,P3,False,FULL_D3+D4bc,False,True,False,0,0,0,128.26134139568217,0.47775856897297686,17.0,
490,alt_routing,P2,False,D0_none,False,False,False,0,0,0,83.0908545324447,0.6062951295067223,0.0,
490,alt_routing,P2,False,D3_safety_auth,False,False,False,0,0,0,83.0908545324447,0.6062951295067223,0.0,
490,alt_routing,P2,False,D4b_master_data,False,False,False,0,0,0,83.0908545324447,0.6062951295067223,0.0,
490,alt_routing,P2,False,D4c_spc,False,False,False,0,0,0,83.0908545324447,0.6062951295067223,0.0,
490,alt_routing,P2,False,D4bc_process_aware,False,False,False,0,0,0,83.0908545324447,0.6062951295067223,0.0,
490,alt_routing,P2,False,FULL_D3+D4bc,False,False,False,0,0,0,83.0908545324447,0.6062951295067223,0.0,
491,alt_routing,P3,False,D0_none,False,False,False,0,0,0,111.26134139568217,0.5507569309436137,0.0,
491,alt_routing,P3,False,D3_safety_auth,False,False,False,0,0,0,111.26134139568217,0.5507569309436137,0.0,
491,alt_routing,P3,False,D4b_master_data,False,False,False,0,0,0,111.26134139568217,0.5507569309436137,0.0,
491,alt_routing,P3,False,D4c_spc,False,False,False,0,0,0,111.26134139568217,0.5507569309436137,0.0,
491,alt_routing,P3,False,D4bc_process_aware,False,False,False,0,0,0,111.26134139568217,0.5507569309436137,0.0,
491,alt_routing,P3,False,FULL_D3+D4bc,False,False,False,0,0,0,111.26134139568217,0.5507569309436137,0.0,
492,alt_routing,P2,False,D0_none,False,False,False,0,0,0,83.0908545324447,0.6062951295067223,0.0,
492,alt_routing,P2,False,D3_safety_auth,False,False,False,0,0,0,83.0908545324447,0.6062951295067223,0.0,
492,alt_routing,P2,False,D4b_master_data,False,False,False,0,0,0,83.0908545324447,0.6062951295067223,0.0,
492,alt_routing,P2,False,D4c_spc,False,False,False,0,0,0,83.0908545324447,0.6062951295067223,0.0,
492,alt_routing,P2,False,D4bc_process_aware,False,False,False,0,0,0,83.0908545324447,0.6062951295067223,0.0,
492,alt_routing,P2,False,FULL_D3+D4bc,False,False,False,0,0,0,83.0908545324447,0.6062951295067223,0.0,
493,alt_routing,P3,False,D0_none,False,False,False,0,0,0,111.26134139568217,0.5507569309436137,0.0,
493,alt_routing,P3,False,D3_safety_auth,False,False,False,0,0,0,111.26134139568217,0.5507569309436137,0.0,
493,alt_routing,P3,False,D4b_master_data,False,False,False,0,0,0,111.26134139568217,0.5507569309436137,0.0,
493,alt_routing,P3,False,D4c_spc,False,True,False,0,0,0,128.26134139568217,0.47775856897297686,17.0,
493,alt_routing,P3,False,D4bc_process_aware,False,True,False,0,0,0,128.26134139568217,0.47775856897297686,17.0,
493,alt_routing,P3,False,FULL_D3+D4bc,False,True,False,0,0,0,128.26134139568217,0.47775856897297686,17.0,
494,alt_routing,P3,False,D0_none,False,False,False,0,0,0,111.26134139568217,0.5507569309436137,0.0,
494,alt_routing,P3,False,D3_safety_auth,False,False,False,0,0,0,111.26134139568217,0.5507569309436137,0.0,
494,alt_routing,P3,False,D4b_master_data,False,False,False,0,0,0,111.26134139568217,0.5507569309436137,0.0,
494,alt_routing,P3,False,D4c_spc,False,False,False,0,0,0,111.26134139568217,0.5507569309436137,0.0,
494,alt_routing,P3,False,D4bc_process_aware,False,False,False,0,0,0,111.26134139568217,0.5507569309436137,0.0,
494,alt_routing,P3,False,FULL_D3+D4bc,False,False,False,0,0,0,111.26134139568217,0.5507569309436137,0.0,
495,alt_routing,P1,False,D0_none,False,False,False,0,0,0,108.70442269800043,0.5597707472361937,0.0,
495,alt_routing,P1,False,D3_safety_auth,False,False,False,0,0,0,108.70442269800043,0.5597707472361937,0.0,
495,alt_routing,P1,False,D4b_master_data,False,False,False,0,0,0,108.70442269800043,0.5597707472361937,0.0,
495,alt_routing,P1,False,D4c_spc,False,False,False,0,0,0,108.70442269800043,0.5597707472361937,0.0,
495,alt_routing,P1,False,D4bc_process_aware,False,False,False,0,0,0,108.70442269800043,0.5597707472361937,0.0,
495,alt_routing,P1,False,FULL_D3+D4bc,False,False,False,0,0,0,108.70442269800043,0.5597707472361937,0.0,
496,alt_routing,P2,False,D0_none,False,False,False,0,0,0,83.0908545324447,0.6062951295067223,0.0,
496,alt_routing,P2,False,D3_safety_auth,False,False,False,0,0,0,83.0908545324447,0.6062951295067223,0.0,
496,alt_routing,P2,False,D4b_master_data,False,False,False,0,0,0,83.0908545324447,0.6062951295067223,0.0,
496,alt_routing,P2,False,D4c_spc,False,False,False,0,0,0,83.0908545324447,0.6062951295067223,0.0,
496,alt_routing,P2,False,D4bc_process_aware,False,False,False,0,0,0,83.0908545324447,0.6062951295067223,0.0,
496,alt_routing,P2,False,FULL_D3+D4bc,False,False,False,0,0,0,83.0908545324447,0.6062951295067223,0.0,
497,alt_routing,P1,False,D0_none,False,False,False,0,0,0,108.70442269800043,0.5597707472361937,0.0,
497,alt_routing,P1,False,D3_safety_auth,False,False,False,0,0,0,108.70442269800043,0.5597707472361937,0.0,
497,alt_routing,P1,False,D4b_master_data,False,False,False,0,0,0,108.70442269800043,0.5597707472361937,0.0,
497,alt_routing,P1,False,D4c_spc,False,False,False,0,0,0,108.70442269800043,0.5597707472361937,0.0,
497,alt_routing,P1,False,D4bc_process_aware,False,False,False,0,0,0,108.70442269800043,0.5597707472361937,0.0,
497,alt_routing,P1,False,FULL_D3+D4bc,False,False,False,0,0,0,108.70442269800043,0.5597707472361937,0.0,
498,alt_routing,P3,False,D0_none,False,False,False,0,0,0,111.26134139568217,0.5507569309436137,0.0,
498,alt_routing,P3,False,D3_safety_auth,False,False,False,0,0,0,111.26134139568217,0.5507569309436137,0.0,
498,alt_routing,P3,False,D4b_master_data,False,False,False,0,0,0,111.26134139568217,0.5507569309436137,0.0,
498,alt_routing,P3,False,D4c_spc,False,True,False,0,0,0,126.26134139568217,0.48532634171627065,17.0,
498,alt_routing,P3,False,D4bc_process_aware,False,True,False,0,0,0,126.26134139568217,0.48532634171627065,17.0,
498,alt_routing,P3,False,FULL_D3+D4bc,False,True,False,0,0,0,126.26134139568217,0.48532634171627065,17.0,
499,alt_routing,P2,False,D0_none,False,False,False,0,0,0,83.0908545324447,0.6062951295067223,0.0,
499,alt_routing,P2,False,D3_safety_auth,False,False,False,0,0,0,83.0908545324447,0.6062951295067223,0.0,
499,alt_routing,P2,False,D4b_master_data,False,False,False,0,0,0,83.0908545324447,0.6062951295067223,0.0,
499,alt_routing,P2,False,D4c_spc,False,False,False,0,0,0,83.0908545324447,0.6062951295067223,0.0,
499,alt_routing,P2,False,D4bc_process_aware,False,False,False,0,0,0,83.0908545324447,0.6062951295067223,0.0,
499,alt_routing,P2,False,FULL_D3+D4bc,False,False,False,0,0,0,83.0908545324447,0.6062951295067223,0.0,
500,alt_routing,P3,False,D0_none,False,False,False,0,0,0,111.26134139568217,0.5507569309436137,0.0,
500,alt_routing,P3,False,D3_safety_auth,False,False,False,0,0,0,111.26134139568217,0.5507569309436137,0.0,
500,alt_routing,P3,False,D4b_master_data,False,False,False,0,0,0,111.26134139568217,0.5507569309436137,0.0,
500,alt_routing,P3,False,D4c_spc,False,False,False,0,0,0,111.26134139568217,0.5507569309436137,0.0,
500,alt_routing,P3,False,D4bc_process_aware,False,False,False,0,0,0,111.26134139568217,0.5507569309436137,0.0,
500,alt_routing,P3,False,FULL_D3+D4bc,False,False,False,0,0,0,111.26134139568217,0.5507569309436137,0.0,
501,alt_routing,P3,False,D0_none,False,False,False,0,0,0,111.26134139568217,0.5507569309436137,0.0,
501,alt_routing,P3,False,D3_safety_auth,False,False,False,0,0,0,111.26134139568217,0.5507569309436137,0.0,
501,alt_routing,P3,False,D4b_master_data,False,False,False,0,0,0,111.26134139568217,0.5507569309436137,0.0,
501,alt_routing,P3,False,D4c_spc,False,False,False,0,0,0,111.26134139568217,0.5507569309436137,0.0,
501,alt_routing,P3,False,D4bc_process_aware,False,False,False,0,0,0,111.26134139568217,0.5507569309436137,0.0,
501,alt_routing,P3,False,FULL_D3+D4bc,False,False,False,0,0,0,111.26134139568217,0.5507569309436137,0.0,
502,alt_routing,P3,False,D0_none,False,False,False,0,0,0,111.26134139568217,0.5507569309436137,0.0,
502,alt_routing,P3,False,D3_safety_auth,False,False,False,0,0,0,111.26134139568217,0.5507569309436137,0.0,
502,alt_routing,P3,False,D4b_master_data,False,False,False,0,0,0,111.26134139568217,0.5507569309436137,0.0,
502,alt_routing,P3,False,D4c_spc,False,False,False,0,0,0,111.26134139568217,0.5507569309436137,0.0,
502,alt_routing,P3,False,D4bc_process_aware,False,False,False,0,0,0,111.26134139568217,0.5507569309436137,0.0,
502,alt_routing,P3,False,FULL_D3+D4bc,False,False,False,0,0,0,111.26134139568217,0.5507569309436137,0.0,
503,alt_routing,P3,False,D0_none,False,False,False,0,0,0,111.26134139568217,0.5507569309436137,0.0,
503,alt_routing,P3,False,D3_safety_auth,False,False,False,0,0,0,111.26134139568217,0.5507569309436137,0.0,
503,alt_routing,P3,False,D4b_master_data,False,False,False,0,0,0,111.26134139568217,0.5507569309436137,0.0,
503,alt_routing,P3,False,D4c_spc,False,False,False,0,0,0,111.26134139568217,0.5507569309436137,0.0,
503,alt_routing,P3,False,D4bc_process_aware,False,False,False,0,0,0,111.26134139568217,0.5507569309436137,0.0,
503,alt_routing,P3,False,FULL_D3+D4bc,False,False,False,0,0,0,111.26134139568217,0.5507569309436137,0.0,
504,alt_routing,P3,False,D0_none,False,False,False,0,0,0,111.26134139568217,0.5507569309436137,0.0,
504,alt_routing,P3,False,D3_safety_auth,False,False,False,0,0,0,111.26134139568217,0.5507569309436137,0.0,
504,alt_routing,P3,False,D4b_master_data,False,False,False,0,0,0,111.26134139568217,0.5507569309436137,0.0,
504,alt_routing,P3,False,D4c_spc,False,False,False,0,0,0,111.26134139568217,0.5507569309436137,0.0,
504,alt_routing,P3,False,D4bc_process_aware,False,False,False,0,0,0,111.26134139568217,0.5507569309436137,0.0,
504,alt_routing,P3,False,FULL_D3+D4bc,False,False,False,0,0,0,111.26134139568217,0.5507569309436137,0.0,
505,alt_routing,P2,False,D0_none,False,False,False,0,0,0,83.0908545324447,0.6062951295067223,0.0,
505,alt_routing,P2,False,D3_safety_auth,False,False,False,0,0,0,83.0908545324447,0.6062951295067223,0.0,
505,alt_routing,P2,False,D4b_master_data,False,False,False,0,0,0,83.0908545324447,0.6062951295067223,0.0,
505,alt_routing,P2,False,D4c_spc,False,False,False,0,0,0,83.0908545324447,0.6062951295067223,0.0,
505,alt_routing,P2,False,D4bc_process_aware,False,False,False,0,0,0,83.0908545324447,0.6062951295067223,0.0,
505,alt_routing,P2,False,FULL_D3+D4bc,False,False,False,0,0,0,83.0908545324447,0.6062951295067223,0.0,
506,alt_routing,P1,True,D0_none,False,False,False,0,0,0,108.70442269800043,0.5597707472361937,0.0,
506,alt_routing,P1,True,D3_safety_auth,False,False,False,0,0,0,108.70442269800043,0.5597707472361937,0.0,
506,alt_routing,P1,True,D4b_master_data,True,False,False,0,0,0,123.70442269800043,0.4918947487438728,15.0,machine M2 not on authorised routing
506,alt_routing,P1,True,D4c_spc,False,False,False,0,0,0,108.70442269800043,0.5597707472361937,0.0,
506,alt_routing,P1,True,D4bc_process_aware,True,False,False,0,0,0,123.70442269800043,0.4918947487438728,15.0,machine M2 not on authorised routing
506,alt_routing,P1,True,FULL_D3+D4bc,True,False,False,0,0,0,123.70442269800043,0.4918947487438728,15.0,machine M2 not on authorised routing
507,alt_routing,P3,False,D0_none,False,False,False,0,0,0,111.26134139568217,0.5507569309436137,0.0,
507,alt_routing,P3,False,D3_safety_auth,False,False,False,0,0,0,111.26134139568217,0.5507569309436137,0.0,
507,alt_routing,P3,False,D4b_master_data,False,False,False,0,0,0,111.26134139568217,0.5507569309436137,0.0,
507,alt_routing,P3,False,D4c_spc,False,False,False,0,0,0,111.26134139568217,0.5507569309436137,0.0,
507,alt_routing,P3,False,D4bc_process_aware,False,False,False,0,0,0,111.26134139568217,0.5507569309436137,0.0,
507,alt_routing,P3,False,FULL_D3+D4bc,False,False,False,0,0,0,111.26134139568217,0.5507569309436137,0.0,
508,alt_routing,P2,False,D0_none,False,False,False,0,0,0,83.0908545324447,0.6062951295067223,0.0,
508,alt_routing,P2,False,D3_safety_auth,False,False,False,0,0,0,83.0908545324447,0.6062951295067223,0.0,
508,alt_routing,P2,False,D4b_master_data,False,False,False,0,0,0,83.0908545324447,0.6062951295067223,0.0,
508,alt_routing,P2,False,D4c_spc,False,False,False,0,0,0,83.0908545324447,0.6062951295067223,0.0,
508,alt_routing,P2,False,D4bc_process_aware,False,False,False,0,0,0,83.0908545324447,0.6062951295067223,0.0,
508,alt_routing,P2,False,FULL_D3+D4bc,False,False,False,0,0,0,83.0908545324447,0.6062951295067223,0.0,
509,alt_routing,P3,False,D0_none,False,False,False,0,0,0,111.26134139568217,0.5507569309436137,0.0,
509,alt_routing,P3,False,D3_safety_auth,False,False,False,0,0,0,111.26134139568217,0.5507569309436137,0.0,
509,alt_routing,P3,False,D4b_master_data,False,False,False,0,0,0,111.26134139568217,0.5507569309436137,0.0,
509,alt_routing,P3,False,D4c_spc,False,False,False,0,0,0,111.26134139568217,0.5507569309436137,0.0,
509,alt_routing,P3,False,D4bc_process_aware,False,False,False,0,0,0,111.26134139568217,0.5507569309436137,0.0,
509,alt_routing,P3,False,FULL_D3+D4bc,False,False,False,0,0,0,111.26134139568217,0.5507569309436137,0.0,
510,alt_routing,P3,False,D0_none,False,False,False,0,0,0,111.26134139568217,0.5507569309436137,0.0,
510,alt_routing,P3,False,D3_safety_auth,False,False,False,0,0,0,111.26134139568217,0.5507569309436137,0.0,
510,alt_routing,P3,False,D4b_master_data,False,False,False,0,0,0,111.26134139568217,0.5507569309436137,0.0,
510,alt_routing,P3,False,D4c_spc,False,False,False,0,0,0,111.26134139568217,0.5507569309436137,0.0,
510,alt_routing,P3,False,D4bc_process_aware,False,False,False,0,0,0,111.26134139568217,0.5507569309436137,0.0,
510,alt_routing,P3,False,FULL_D3+D4bc,False,False,False,0,0,0,111.26134139568217,0.5507569309436137,0.0,
511,alt_routing,P2,False,D0_none,False,False,False,0,0,0,83.0908545324447,0.6062951295067223,0.0,
511,alt_routing,P2,False,D3_safety_auth,False,False,False,0,0,0,83.0908545324447,0.6062951295067223,0.0,
511,alt_routing,P2,False,D4b_master_data,False,False,False,0,0,0,83.0908545324447,0.6062951295067223,0.0,
511,alt_routing,P2,False,D4c_spc,False,False,False,0,0,0,83.0908545324447,0.6062951295067223,0.0,
511,alt_routing,P2,False,D4bc_process_aware,False,False,False,0,0,0,83.0908545324447,0.6062951295067223,0.0,
511,alt_routing,P2,False,FULL_D3+D4bc,False,False,False,0,0,0,83.0908545324447,0.6062951295067223,0.0,
512,alt_routing,P3,False,D0_none,False,False,False,0,0,0,111.26134139568217,0.5507569309436137,0.0,
512,alt_routing,P3,False,D3_safety_auth,False,False,False,0,0,0,111.26134139568217,0.5507569309436137,0.0,
512,alt_routing,P3,False,D4b_master_data,False,False,False,0,0,0,111.26134139568217,0.5507569309436137,0.0,
512,alt_routing,P3,False,D4c_spc,False,False,False,0,0,0,111.26134139568217,0.5507569309436137,0.0,
512,alt_routing,P3,False,D4bc_process_aware,False,False,False,0,0,0,111.26134139568217,0.5507569309436137,0.0,
512,alt_routing,P3,False,FULL_D3+D4bc,False,False,False,0,0,0,111.26134139568217,0.5507569309436137,0.0,
513,alt_routing,P2,False,D0_none,False,False,False,1,0,0,83.0908545324447,0.5860852918564982,0.0,
513,alt_routing,P2,False,D3_safety_auth,False,False,False,1,0,0,83.0908545324447,0.5860852918564982,0.0,
513,alt_routing,P2,False,D4b_master_data,False,False,False,1,0,0,83.0908545324447,0.5860852918564982,0.0,
513,alt_routing,P2,False,D4c_spc,False,True,True,1,0,0,98.0908545324447,0.49646144853541,17.0,
513,alt_routing,P2,False,D4bc_process_aware,False,True,True,1,0,0,98.0908545324447,0.49646144853541,17.0,
513,alt_routing,P2,False,FULL_D3+D4bc,False,True,True,1,0,0,98.0908545324447,0.49646144853541,17.0,
514,alt_routing,P3,False,D0_none,False,False,False,0,0,0,111.26134139568217,0.5507569309436137,0.0,
514,alt_routing,P3,False,D3_safety_auth,False,False,False,0,0,0,111.26134139568217,0.5507569309436137,0.0,
514,alt_routing,P3,False,D4b_master_data,False,False,False,0,0,0,111.26134139568217,0.5507569309436137,0.0,
514,alt_routing,P3,False,D4c_spc,False,False,False,0,0,0,111.26134139568217,0.5507569309436137,0.0,
514,alt_routing,P3,False,D4bc_process_aware,False,False,False,0,0,0,111.26134139568217,0.5507569309436137,0.0,
514,alt_routing,P3,False,FULL_D3+D4bc,False,False,False,0,0,0,111.26134139568217,0.5507569309436137,0.0,
515,alt_routing,P3,False,D0_none,False,False,False,0,0,0,111.26134139568217,0.5507569309436137,0.0,
515,alt_routing,P3,False,D3_safety_auth,False,False,False,0,0,0,111.26134139568217,0.5507569309436137,0.0,
515,alt_routing,P3,False,D4b_master_data,False,False,False,0,0,0,111.26134139568217,0.5507569309436137,0.0,
515,alt_routing,P3,False,D4c_spc,False,False,False,0,0,0,111.26134139568217,0.5507569309436137,0.0,
515,alt_routing,P3,False,D4bc_process_aware,False,False,False,0,0,0,111.26134139568217,0.5507569309436137,0.0,
515,alt_routing,P3,False,FULL_D3+D4bc,False,False,False,0,0,0,111.26134139568217,0.5507569309436137,0.0,
516,alt_routing,P2,False,D0_none,False,False,False,0,0,0,83.0908545324447,0.6062951295067223,0.0,
516,alt_routing,P2,False,D3_safety_auth,False,False,False,0,0,0,83.0908545324447,0.6062951295067223,0.0,
516,alt_routing,P2,False,D4b_master_data,False,False,False,0,0,0,83.0908545324447,0.6062951295067223,0.0,
516,alt_routing,P2,False,D4c_spc,False,False,False,0,0,0,83.0908545324447,0.6062951295067223,0.0,
516,alt_routing,P2,False,D4bc_process_aware,False,False,False,0,0,0,83.0908545324447,0.6062951295067223,0.0,
516,alt_routing,P2,False,FULL_D3+D4bc,False,False,False,0,0,0,83.0908545324447,0.6062951295067223,0.0,
517,alt_routing,P2,False,D0_none,False,False,False,0,0,0,83.0908545324447,0.6062951295067223,0.0,
517,alt_routing,P2,False,D3_safety_auth,False,False,False,0,0,0,83.0908545324447,0.6062951295067223,0.0,
517,alt_routing,P2,False,D4b_master_data,False,False,False,0,0,0,83.0908545324447,0.6062951295067223,0.0,
517,alt_routing,P2,False,D4c_spc,False,False,False,0,0,0,83.0908545324447,0.6062951295067223,0.0,
517,alt_routing,P2,False,D4bc_process_aware,False,False,False,0,0,0,83.0908545324447,0.6062951295067223,0.0,
517,alt_routing,P2,False,FULL_D3+D4bc,False,False,False,0,0,0,83.0908545324447,0.6062951295067223,0.0,
518,alt_routing,P3,False,D0_none,False,False,False,0,0,0,111.26134139568217,0.5507569309436137,0.0,
518,alt_routing,P3,False,D3_safety_auth,False,False,False,0,0,0,111.26134139568217,0.5507569309436137,0.0,
518,alt_routing,P3,False,D4b_master_data,False,False,False,0,0,0,111.26134139568217,0.5507569309436137,0.0,
518,alt_routing,P3,False,D4c_spc,False,False,False,0,0,0,111.26134139568217,0.5507569309436137,0.0,
518,alt_routing,P3,False,D4bc_process_aware,False,False,False,0,0,0,111.26134139568217,0.5507569309436137,0.0,
518,alt_routing,P3,False,FULL_D3+D4bc,False,False,False,0,0,0,111.26134139568217,0.5507569309436137,0.0,
519,alt_routing,P1,False,D0_none,False,False,False,0,0,0,108.70442269800043,0.5597707472361937,0.0,
519,alt_routing,P1,False,D3_safety_auth,False,False,False,0,0,0,108.70442269800043,0.5597707472361937,0.0,
519,alt_routing,P1,False,D4b_master_data,False,False,False,0,0,0,108.70442269800043,0.5597707472361937,0.0,
519,alt_routing,P1,False,D4c_spc,False,False,False,0,0,0,108.70442269800043,0.5597707472361937,0.0,
519,alt_routing,P1,False,D4bc_process_aware,False,False,False,0,0,0,108.70442269800043,0.5597707472361937,0.0,
519,alt_routing,P1,False,FULL_D3+D4bc,False,False,False,0,0,0,108.70442269800043,0.5597707472361937,0.0,
520,alt_routing,P1,False,D0_none,False,False,False,0,0,0,108.70442269800043,0.5597707472361937,0.0,
520,alt_routing,P1,False,D3_safety_auth,False,False,False,0,0,0,108.70442269800043,0.5597707472361937,0.0,
520,alt_routing,P1,False,D4b_master_data,False,False,False,0,0,0,108.70442269800043,0.5597707472361937,0.0,
520,alt_routing,P1,False,D4c_spc,False,False,False,0,0,0,108.70442269800043,0.5597707472361937,0.0,
520,alt_routing,P1,False,D4bc_process_aware,False,False,False,0,0,0,108.70442269800043,0.5597707472361937,0.0,
520,alt_routing,P1,False,FULL_D3+D4bc,False,False,False,0,0,0,108.70442269800043,0.5597707472361937,0.0,
521,alt_routing,P2,False,D0_none,False,False,False,0,0,0,83.0908545324447,0.6062951295067223,0.0,
521,alt_routing,P2,False,D3_safety_auth,False,False,False,0,0,0,83.0908545324447,0.6062951295067223,0.0,
521,alt_routing,P2,False,D4b_master_data,False,False,False,0,0,0,83.0908545324447,0.6062951295067223,0.0,
521,alt_routing,P2,False,D4c_spc,False,False,False,0,0,0,83.0908545324447,0.6062951295067223,0.0,
521,alt_routing,P2,False,D4bc_process_aware,False,False,False,0,0,0,83.0908545324447,0.6062951295067223,0.0,
521,alt_routing,P2,False,FULL_D3+D4bc,False,False,False,0,0,0,83.0908545324447,0.6062951295067223,0.0,
522,alt_routing,P2,False,D0_none,False,False,False,0,0,0,83.0908545324447,0.6062951295067223,0.0,
522,alt_routing,P2,False,D3_safety_auth,False,False,False,0,0,0,83.0908545324447,0.6062951295067223,0.0,
522,alt_routing,P2,False,D4b_master_data,False,False,False,0,0,0,83.0908545324447,0.6062951295067223,0.0,
522,alt_routing,P2,False,D4c_spc,False,False,False,0,0,0,83.0908545324447,0.6062951295067223,0.0,
522,alt_routing,P2,False,D4bc_process_aware,False,False,False,0,0,0,83.0908545324447,0.6062951295067223,0.0,
522,alt_routing,P2,False,FULL_D3+D4bc,False,False,False,0,0,0,83.0908545324447,0.6062951295067223,0.0,
523,alt_routing,P1,False,D0_none,False,False,False,0,0,0,108.70442269800043,0.5597707472361937,0.0,
523,alt_routing,P1,False,D3_safety_auth,False,False,False,0,0,0,108.70442269800043,0.5597707472361937,0.0,
523,alt_routing,P1,False,D4b_master_data,False,False,False,0,0,0,108.70442269800043,0.5597707472361937,0.0,
523,alt_routing,P1,False,D4c_spc,False,False,False,0,0,0,108.70442269800043,0.5597707472361937,0.0,
523,alt_routing,P1,False,D4bc_process_aware,False,False,False,0,0,0,108.70442269800043,0.5597707472361937,0.0,
523,alt_routing,P1,False,FULL_D3+D4bc,False,False,False,0,0,0,108.70442269800043,0.5597707472361937,0.0,
524,alt_routing,P1,False,D0_none,False,False,False,0,0,0,108.70442269800043,0.5597707472361937,0.0,
524,alt_routing,P1,False,D3_safety_auth,False,False,False,0,0,0,108.70442269800043,0.5597707472361937,0.0,
524,alt_routing,P1,False,D4b_master_data,False,False,False,0,0,0,108.70442269800043,0.5597707472361937,0.0,
524,alt_routing,P1,False,D4c_spc,False,False,False,0,0,0,108.70442269800043,0.5597707472361937,0.0,
524,alt_routing,P1,False,D4bc_process_aware,False,False,False,0,0,0,108.70442269800043,0.5597707472361937,0.0,
524,alt_routing,P1,False,FULL_D3+D4bc,False,False,False,0,0,0,108.70442269800043,0.5597707472361937,0.0,
525,alt_routing,P3,False,D0_none,False,False,False,0,0,0,111.26134139568217,0.5507569309436137,0.0,
525,alt_routing,P3,False,D3_safety_auth,False,False,False,0,0,0,111.26134139568217,0.5507569309436137,0.0,
525,alt_routing,P3,False,D4b_master_data,False,False,False,0,0,0,111.26134139568217,0.5507569309436137,0.0,
525,alt_routing,P3,False,D4c_spc,False,False,False,0,0,0,111.26134139568217,0.5507569309436137,0.0,
525,alt_routing,P3,False,D4bc_process_aware,False,False,False,0,0,0,111.26134139568217,0.5507569309436137,0.0,
525,alt_routing,P3,False,FULL_D3+D4bc,False,False,False,0,0,0,111.26134139568217,0.5507569309436137,0.0,
526,alt_routing,P1,False,D0_none,False,False,False,0,0,0,108.70442269800043,0.5597707472361937,0.0,
526,alt_routing,P1,False,D3_safety_auth,False,False,False,0,0,0,108.70442269800043,0.5597707472361937,0.0,
526,alt_routing,P1,False,D4b_master_data,False,False,False,0,0,0,108.70442269800043,0.5597707472361937,0.0,
526,alt_routing,P1,False,D4c_spc,False,False,False,0,0,0,108.70442269800043,0.5597707472361937,0.0,
526,alt_routing,P1,False,D4bc_process_aware,False,False,False,0,0,0,108.70442269800043,0.5597707472361937,0.0,
526,alt_routing,P1,False,FULL_D3+D4bc,False,False,False,0,0,0,108.70442269800043,0.5597707472361937,0.0,
527,alt_routing,P3,False,D0_none,False,False,False,0,0,0,111.26134139568217,0.5507569309436137,0.0,
527,alt_routing,P3,False,D3_safety_auth,False,False,False,0,0,0,111.26134139568217,0.5507569309436137,0.0,
527,alt_routing,P3,False,D4b_master_data,False,False,False,0,0,0,111.26134139568217,0.5507569309436137,0.0,
527,alt_routing,P3,False,D4c_spc,False,False,False,0,0,0,111.26134139568217,0.5507569309436137,0.0,
527,alt_routing,P3,False,D4bc_process_aware,False,False,False,0,0,0,111.26134139568217,0.5507569309436137,0.0,
527,alt_routing,P3,False,FULL_D3+D4bc,False,False,False,0,0,0,111.26134139568217,0.5507569309436137,0.0,
528,alt_routing,P2,False,D0_none,False,False,False,0,0,0,83.0908545324447,0.6062951295067223,0.0,
528,alt_routing,P2,False,D3_safety_auth,False,False,False,0,0,0,83.0908545324447,0.6062951295067223,0.0,
528,alt_routing,P2,False,D4b_master_data,False,False,False,0,0,0,83.0908545324447,0.6062951295067223,0.0,
528,alt_routing,P2,False,D4c_spc,False,False,False,0,0,0,83.0908545324447,0.6062951295067223,0.0,
528,alt_routing,P2,False,D4bc_process_aware,False,False,False,0,0,0,83.0908545324447,0.6062951295067223,0.0,
528,alt_routing,P2,False,FULL_D3+D4bc,False,False,False,0,0,0,83.0908545324447,0.6062951295067223,0.0,
529,alt_routing,P3,False,D0_none,False,False,False,0,0,0,111.26134139568217,0.5507569309436137,0.0,
529,alt_routing,P3,False,D3_safety_auth,False,False,False,0,0,0,111.26134139568217,0.5507569309436137,0.0,
529,alt_routing,P3,False,D4b_master_data,False,False,False,0,0,0,111.26134139568217,0.5507569309436137,0.0,
529,alt_routing,P3,False,D4c_spc,False,False,False,0,0,0,111.26134139568217,0.5507569309436137,0.0,
529,alt_routing,P3,False,D4bc_process_aware,False,False,False,0,0,0,111.26134139568217,0.5507569309436137,0.0,
529,alt_routing,P3,False,FULL_D3+D4bc,False,False,False,0,0,0,111.26134139568217,0.5507569309436137,0.0,
530,alt_routing,P2,False,D0_none,False,False,False,0,0,0,83.0908545324447,0.6062951295067223,0.0,
530,alt_routing,P2,False,D3_safety_auth,False,False,False,0,0,0,83.0908545324447,0.6062951295067223,0.0,
530,alt_routing,P2,False,D4b_master_data,False,False,False,0,0,0,83.0908545324447,0.6062951295067223,0.0,
530,alt_routing,P2,False,D4c_spc,False,True,False,0,0,0,98.0908545324447,0.5135808088297346,17.0,
530,alt_routing,P2,False,D4bc_process_aware,False,True,False,0,0,0,98.0908545324447,0.5135808088297346,17.0,
530,alt_routing,P2,False,FULL_D3+D4bc,False,True,False,0,0,0,98.0908545324447,0.5135808088297346,17.0,
531,alt_routing,P3,False,D0_none,False,False,False,0,0,0,111.26134139568217,0.5507569309436137,0.0,
531,alt_routing,P3,False,D3_safety_auth,False,False,False,0,0,0,111.26134139568217,0.5507569309436137,0.0,
531,alt_routing,P3,False,D4b_master_data,False,False,False,0,0,0,111.26134139568217,0.5507569309436137,0.0,
531,alt_routing,P3,False,D4c_spc,False,False,False,0,0,0,111.26134139568217,0.5507569309436137,0.0,
531,alt_routing,P3,False,D4bc_process_aware,False,False,False,0,0,0,111.26134139568217,0.5507569309436137,0.0,
531,alt_routing,P3,False,FULL_D3+D4bc,False,False,False,0,0,0,111.26134139568217,0.5507569309436137,0.0,
532,alt_routing,P1,False,D0_none,False,False,False,0,0,0,108.70442269800043,0.5597707472361937,0.0,
532,alt_routing,P1,False,D3_safety_auth,False,False,False,0,0,0,108.70442269800043,0.5597707472361937,0.0,
532,alt_routing,P1,False,D4b_master_data,False,False,False,0,0,0,108.70442269800043,0.5597707472361937,0.0,
532,alt_routing,P1,False,D4c_spc,False,False,False,0,0,0,108.70442269800043,0.5597707472361937,0.0,
532,alt_routing,P1,False,D4bc_process_aware,False,False,False,0,0,0,108.70442269800043,0.5597707472361937,0.0,
532,alt_routing,P1,False,FULL_D3+D4bc,False,False,False,0,0,0,108.70442269800043,0.5597707472361937,0.0,
533,alt_routing,P3,False,D0_none,False,False,False,0,0,0,111.26134139568217,0.5507569309436137,0.0,
533,alt_routing,P3,False,D3_safety_auth,False,False,False,0,0,0,111.26134139568217,0.5507569309436137,0.0,
533,alt_routing,P3,False,D4b_master_data,False,False,False,0,0,0,111.26134139568217,0.5507569309436137,0.0,
533,alt_routing,P3,False,D4c_spc,False,False,False,0,0,0,111.26134139568217,0.5507569309436137,0.0,
533,alt_routing,P3,False,D4bc_process_aware,False,False,False,0,0,0,111.26134139568217,0.5507569309436137,0.0,
533,alt_routing,P3,False,FULL_D3+D4bc,False,False,False,0,0,0,111.26134139568217,0.5507569309436137,0.0,
534,alt_routing,P3,False,D0_none,False,False,False,0,0,0,111.26134139568217,0.5507569309436137,0.0,
534,alt_routing,P3,False,D3_safety_auth,False,False,False,0,0,0,111.26134139568217,0.5507569309436137,0.0,
534,alt_routing,P3,False,D4b_master_data,False,False,False,0,0,0,111.26134139568217,0.5507569309436137,0.0,
534,alt_routing,P3,False,D4c_spc,False,False,False,0,0,0,111.26134139568217,0.5507569309436137,0.0,
534,alt_routing,P3,False,D4bc_process_aware,False,False,False,0,0,0,111.26134139568217,0.5507569309436137,0.0,
534,alt_routing,P3,False,FULL_D3+D4bc,False,False,False,0,0,0,111.26134139568217,0.5507569309436137,0.0,
535,alt_routing,P1,True,D0_none,False,False,False,0,0,0,108.70442269800043,0.5597707472361937,0.0,
535,alt_routing,P1,True,D3_safety_auth,False,False,False,0,0,0,108.70442269800043,0.5597707472361937,0.0,
535,alt_routing,P1,True,D4b_master_data,True,False,False,0,0,0,123.70442269800043,0.4918947487438728,15.0,machine M2 not on authorised routing
535,alt_routing,P1,True,D4c_spc,False,True,False,0,0,0,125.70442269800043,0.4840685364565672,17.0,
535,alt_routing,P1,True,D4bc_process_aware,True,True,False,0,0,0,140.70442269800043,0.4324637047986943,32.0,machine M2 not on authorised routing
535,alt_routing,P1,True,FULL_D3+D4bc,True,True,False,0,0,0,140.70442269800043,0.4324637047986943,32.0,machine M2 not on authorised routing
536,alt_routing,P1,True,D0_none,False,False,False,0,0,0,108.70442269800043,0.5597707472361937,0.0,
536,alt_routing,P1,True,D3_safety_auth,False,False,False,0,0,0,108.70442269800043,0.5597707472361937,0.0,
536,alt_routing,P1,True,D4b_master_data,True,False,False,0,0,0,123.70442269800043,0.4918947487438728,15.0,machine M2 not on authorised routing
536,alt_routing,P1,True,D4c_spc,False,False,False,0,0,0,108.70442269800043,0.5597707472361937,0.0,
536,alt_routing,P1,True,D4bc_process_aware,True,False,False,0,0,0,123.70442269800043,0.4918947487438728,15.0,machine M2 not on authorised routing
536,alt_routing,P1,True,FULL_D3+D4bc,True,False,False,0,0,0,123.70442269800043,0.4918947487438728,15.0,machine M2 not on authorised routing
537,alt_routing,P3,False,D0_none,False,False,False,0,0,0,111.26134139568217,0.5507569309436137,0.0,
537,alt_routing,P3,False,D3_safety_auth,False,False,False,0,0,0,111.26134139568217,0.5507569309436137,0.0,
537,alt_routing,P3,False,D4b_master_data,False,False,False,0,0,0,111.26134139568217,0.5507569309436137,0.0,
537,alt_routing,P3,False,D4c_spc,False,False,False,0,0,0,111.26134139568217,0.5507569309436137,0.0,
537,alt_routing,P3,False,D4bc_process_aware,False,False,False,0,0,0,111.26134139568217,0.5507569309436137,0.0,
537,alt_routing,P3,False,FULL_D3+D4bc,False,False,False,0,0,0,111.26134139568217,0.5507569309436137,0.0,
538,alt_routing,P1,False,D0_none,False,False,False,0,0,0,108.70442269800043,0.5597707472361937,0.0,
538,alt_routing,P1,False,D3_safety_auth,False,False,False,0,0,0,108.70442269800043,0.5597707472361937,0.0,
538,alt_routing,P1,False,D4b_master_data,False,False,False,0,0,0,108.70442269800043,0.5597707472361937,0.0,
538,alt_routing,P1,False,D4c_spc,False,False,False,0,0,0,108.70442269800043,0.5597707472361937,0.0,
538,alt_routing,P1,False,D4bc_process_aware,False,False,False,0,0,0,108.70442269800043,0.5597707472361937,0.0,
538,alt_routing,P1,False,FULL_D3+D4bc,False,False,False,0,0,0,108.70442269800043,0.5597707472361937,0.0,
539,alt_routing,P1,False,D0_none,False,False,False,0,0,0,108.70442269800043,0.5597707472361937,0.0,
539,alt_routing,P1,False,D3_safety_auth,False,False,False,0,0,0,108.70442269800043,0.5597707472361937,0.0,
539,alt_routing,P1,False,D4b_master_data,False,False,False,0,0,0,108.70442269800043,0.5597707472361937,0.0,
539,alt_routing,P1,False,D4c_spc,False,False,False,0,0,0,108.70442269800043,0.5597707472361937,0.0,
539,alt_routing,P1,False,D4bc_process_aware,False,False,False,0,0,0,108.70442269800043,0.5597707472361937,0.0,
539,alt_routing,P1,False,FULL_D3+D4bc,False,False,False,0,0,0,108.70442269800043,0.5597707472361937,0.0,
540,alt_routing,P3,False,D0_none,False,False,False,0,0,0,111.26134139568217,0.5507569309436137,0.0,
540,alt_routing,P3,False,D3_safety_auth,False,False,False,0,0,0,111.26134139568217,0.5507569309436137,0.0,
540,alt_routing,P3,False,D4b_master_data,False,False,False,0,0,0,111.26134139568217,0.5507569309436137,0.0,
540,alt_routing,P3,False,D4c_spc,False,True,False,0,0,0,126.26134139568217,0.48532634171627065,17.0,
540,alt_routing,P3,False,D4bc_process_aware,False,True,False,0,0,0,126.26134139568217,0.48532634171627065,17.0,
540,alt_routing,P3,False,FULL_D3+D4bc,False,True,False,0,0,0,126.26134139568217,0.48532634171627065,17.0,
541,alt_routing,P2,False,D0_none,False,False,False,0,0,0,83.0908545324447,0.6062951295067223,0.0,
541,alt_routing,P2,False,D3_safety_auth,False,False,False,0,0,0,83.0908545324447,0.6062951295067223,0.0,
541,alt_routing,P2,False,D4b_master_data,False,False,False,0,0,0,83.0908545324447,0.6062951295067223,0.0,
541,alt_routing,P2,False,D4c_spc,False,False,False,0,0,0,83.0908545324447,0.6062951295067223,0.0,
541,alt_routing,P2,False,D4bc_process_aware,False,False,False,0,0,0,83.0908545324447,0.6062951295067223,0.0,
541,alt_routing,P2,False,FULL_D3+D4bc,False,False,False,0,0,0,83.0908545324447,0.6062951295067223,0.0,
542,alt_routing,P2,False,D0_none,False,False,False,0,0,0,83.0908545324447,0.6062951295067223,0.0,
542,alt_routing,P2,False,D3_safety_auth,False,False,False,0,0,0,83.0908545324447,0.6062951295067223,0.0,
542,alt_routing,P2,False,D4b_master_data,False,False,False,0,0,0,83.0908545324447,0.6062951295067223,0.0,
542,alt_routing,P2,False,D4c_spc,False,False,False,0,0,0,83.0908545324447,0.6062951295067223,0.0,
542,alt_routing,P2,False,D4bc_process_aware,False,False,False,0,0,0,83.0908545324447,0.6062951295067223,0.0,
542,alt_routing,P2,False,FULL_D3+D4bc,False,False,False,0,0,0,83.0908545324447,0.6062951295067223,0.0,
543,alt_routing,P2,False,D0_none,False,False,False,0,0,0,83.0908545324447,0.6062951295067223,0.0,
543,alt_routing,P2,False,D3_safety_auth,False,False,False,0,0,0,83.0908545324447,0.6062951295067223,0.0,
543,alt_routing,P2,False,D4b_master_data,False,False,False,0,0,0,83.0908545324447,0.6062951295067223,0.0,
543,alt_routing,P2,False,D4c_spc,False,False,False,0,0,0,83.0908545324447,0.6062951295067223,0.0,
543,alt_routing,P2,False,D4bc_process_aware,False,False,False,0,0,0,83.0908545324447,0.6062951295067223,0.0,
543,alt_routing,P2,False,FULL_D3+D4bc,False,False,False,0,0,0,83.0908545324447,0.6062951295067223,0.0,
544,alt_routing,P1,False,D0_none,False,False,False,0,0,0,108.70442269800043,0.5597707472361937,0.0,
544,alt_routing,P1,False,D3_safety_auth,False,False,False,0,0,0,108.70442269800043,0.5597707472361937,0.0,
544,alt_routing,P1,False,D4b_master_data,False,False,False,0,0,0,108.70442269800043,0.5597707472361937,0.0,
544,alt_routing,P1,False,D4c_spc,False,False,False,0,0,0,108.70442269800043,0.5597707472361937,0.0,
544,alt_routing,P1,False,D4bc_process_aware,False,False,False,0,0,0,108.70442269800043,0.5597707472361937,0.0,
544,alt_routing,P1,False,FULL_D3+D4bc,False,False,False,0,0,0,108.70442269800043,0.5597707472361937,0.0,
545,alt_routing,P2,False,D0_none,False,False,False,0,0,0,83.0908545324447,0.6062951295067223,0.0,
545,alt_routing,P2,False,D3_safety_auth,False,False,False,0,0,0,83.0908545324447,0.6062951295067223,0.0,
545,alt_routing,P2,False,D4b_master_data,False,False,False,0,0,0,83.0908545324447,0.6062951295067223,0.0,
545,alt_routing,P2,False,D4c_spc,False,False,False,0,0,0,83.0908545324447,0.6062951295067223,0.0,
545,alt_routing,P2,False,D4bc_process_aware,False,False,False,0,0,0,83.0908545324447,0.6062951295067223,0.0,
545,alt_routing,P2,False,FULL_D3+D4bc,False,False,False,0,0,0,83.0908545324447,0.6062951295067223,0.0,
546,alt_routing,P3,False,D0_none,False,False,False,0,0,0,111.26134139568217,0.5507569309436137,0.0,
546,alt_routing,P3,False,D3_safety_auth,False,False,False,0,0,0,111.26134139568217,0.5507569309436137,0.0,
546,alt_routing,P3,False,D4b_master_data,False,False,False,0,0,0,111.26134139568217,0.5507569309436137,0.0,
546,alt_routing,P3,False,D4c_spc,False,False,False,0,0,0,111.26134139568217,0.5507569309436137,0.0,
546,alt_routing,P3,False,D4bc_process_aware,False,False,False,0,0,0,111.26134139568217,0.5507569309436137,0.0,
546,alt_routing,P3,False,FULL_D3+D4bc,False,False,False,0,0,0,111.26134139568217,0.5507569309436137,0.0,
547,alt_routing,P3,False,D0_none,False,False,False,0,0,0,111.26134139568217,0.5507569309436137,0.0,
547,alt_routing,P3,False,D3_safety_auth,False,False,False,0,0,0,111.26134139568217,0.5507569309436137,0.0,
547,alt_routing,P3,False,D4b_master_data,False,False,False,0,0,0,111.26134139568217,0.5507569309436137,0.0,
547,alt_routing,P3,False,D4c_spc,False,False,False,0,0,0,111.26134139568217,0.5507569309436137,0.0,
547,alt_routing,P3,False,D4bc_process_aware,False,False,False,0,0,0,111.26134139568217,0.5507569309436137,0.0,
547,alt_routing,P3,False,FULL_D3+D4bc,False,False,False,0,0,0,111.26134139568217,0.5507569309436137,0.0,
548,alt_routing,P1,False,D0_none,False,False,False,0,0,0,108.70442269800043,0.5597707472361937,0.0,
548,alt_routing,P1,False,D3_safety_auth,False,False,False,0,0,0,108.70442269800043,0.5597707472361937,0.0,
548,alt_routing,P1,False,D4b_master_data,False,False,False,0,0,0,108.70442269800043,0.5597707472361937,0.0,
548,alt_routing,P1,False,D4c_spc,False,False,False,0,0,0,108.70442269800043,0.5597707472361937,0.0,
548,alt_routing,P1,False,D4bc_process_aware,False,False,False,0,0,0,108.70442269800043,0.5597707472361937,0.0,
548,alt_routing,P1,False,FULL_D3+D4bc,False,False,False,0,0,0,108.70442269800043,0.5597707472361937,0.0,
549,alt_routing,P3,False,D0_none,False,False,False,0,0,0,111.26134139568217,0.5507569309436137,0.0,
549,alt_routing,P3,False,D3_safety_auth,False,False,False,0,0,0,111.26134139568217,0.5507569309436137,0.0,
549,alt_routing,P3,False,D4b_master_data,False,False,False,0,0,0,111.26134139568217,0.5507569309436137,0.0,
549,alt_routing,P3,False,D4c_spc,False,False,False,0,0,0,111.26134139568217,0.5507569309436137,0.0,
549,alt_routing,P3,False,D4bc_process_aware,False,False,False,0,0,0,111.26134139568217,0.5507569309436137,0.0,
549,alt_routing,P3,False,FULL_D3+D4bc,False,False,False,0,0,0,111.26134139568217,0.5507569309436137,0.0,
550,alt_routing,P2,False,D0_none,False,False,False,0,0,0,83.0908545324447,0.6062951295067223,0.0,
550,alt_routing,P2,False,D3_safety_auth,False,False,False,0,0,0,83.0908545324447,0.6062951295067223,0.0,
550,alt_routing,P2,False,D4b_master_data,False,False,False,0,0,0,83.0908545324447,0.6062951295067223,0.0,
550,alt_routing,P2,False,D4c_spc,False,False,False,0,0,0,83.0908545324447,0.6062951295067223,0.0,
550,alt_routing,P2,False,D4bc_process_aware,False,False,False,0,0,0,83.0908545324447,0.6062951295067223,0.0,
550,alt_routing,P2,False,FULL_D3+D4bc,False,False,False,0,0,0,83.0908545324447,0.6062951295067223,0.0,
551,alt_routing,P3,False,D0_none,False,False,False,0,0,0,111.26134139568217,0.5507569309436137,0.0,
551,alt_routing,P3,False,D3_safety_auth,False,False,False,0,0,0,111.26134139568217,0.5507569309436137,0.0,
551,alt_routing,P3,False,D4b_master_data,False,False,False,0,0,0,111.26134139568217,0.5507569309436137,0.0,
551,alt_routing,P3,False,D4c_spc,False,False,False,0,0,0,111.26134139568217,0.5507569309436137,0.0,
551,alt_routing,P3,False,D4bc_process_aware,False,False,False,0,0,0,111.26134139568217,0.5507569309436137,0.0,
551,alt_routing,P3,False,FULL_D3+D4bc,False,False,False,0,0,0,111.26134139568217,0.5507569309436137,0.0,
552,alt_routing,P3,False,D0_none,False,False,False,0,0,0,111.26134139568217,0.5507569309436137,0.0,
552,alt_routing,P3,False,D3_safety_auth,False,False,False,0,0,0,111.26134139568217,0.5507569309436137,0.0,
552,alt_routing,P3,False,D4b_master_data,False,False,False,0,0,0,111.26134139568217,0.5507569309436137,0.0,
552,alt_routing,P3,False,D4c_spc,False,False,False,0,0,0,111.26134139568217,0.5507569309436137,0.0,
552,alt_routing,P3,False,D4bc_process_aware,False,False,False,0,0,0,111.26134139568217,0.5507569309436137,0.0,
552,alt_routing,P3,False,FULL_D3+D4bc,False,False,False,0,0,0,111.26134139568217,0.5507569309436137,0.0,
553,alt_routing,P3,True,D0_none,False,False,False,0,0,0,111.26134139568217,0.5507569309436137,0.0,
553,alt_routing,P3,True,D3_safety_auth,False,False,False,0,0,0,111.26134139568217,0.5507569309436137,0.0,
553,alt_routing,P3,True,D4b_master_data,True,False,False,0,0,0,126.26134139568217,0.4853263417162706,15.0,machine M2 not on authorised routing
553,alt_routing,P3,True,D4c_spc,False,False,False,0,0,0,111.26134139568217,0.5507569309436137,0.0,
553,alt_routing,P3,True,D4bc_process_aware,True,False,False,0,0,0,126.26134139568217,0.4853263417162706,15.0,machine M2 not on authorised routing
553,alt_routing,P3,True,FULL_D3+D4bc,True,False,False,0,0,0,126.26134139568217,0.4853263417162706,15.0,machine M2 not on authorised routing
554,alt_routing,P3,False,D0_none,False,False,False,0,0,0,111.26134139568217,0.5507569309436137,0.0,
554,alt_routing,P3,False,D3_safety_auth,False,False,False,0,0,0,111.26134139568217,0.5507569309436137,0.0,
554,alt_routing,P3,False,D4b_master_data,False,False,False,0,0,0,111.26134139568217,0.5507569309436137,0.0,
554,alt_routing,P3,False,D4c_spc,False,False,False,0,0,0,111.26134139568217,0.5507569309436137,0.0,
554,alt_routing,P3,False,D4bc_process_aware,False,False,False,0,0,0,111.26134139568217,0.5507569309436137,0.0,
554,alt_routing,P3,False,FULL_D3+D4bc,False,False,False,0,0,0,111.26134139568217,0.5507569309436137,0.0,
555,alt_routing,P3,True,D0_none,False,False,False,0,0,0,111.26134139568217,0.5507569309436137,0.0,
555,alt_routing,P3,True,D3_safety_auth,False,False,False,0,0,0,111.26134139568217,0.5507569309436137,0.0,
555,alt_routing,P3,True,D4b_master_data,True,False,False,0,0,0,126.26134139568217,0.4853263417162706,15.0,machine M2 not on authorised routing
555,alt_routing,P3,True,D4c_spc,False,False,False,0,0,0,111.26134139568217,0.5507569309436137,0.0,
555,alt_routing,P3,True,D4bc_process_aware,True,False,False,0,0,0,126.26134139568217,0.4853263417162706,15.0,machine M2 not on authorised routing
555,alt_routing,P3,True,FULL_D3+D4bc,True,False,False,0,0,0,126.26134139568217,0.4853263417162706,15.0,machine M2 not on authorised routing
556,alt_routing,P2,False,D0_none,False,False,False,0,0,0,83.0908545324447,0.6062951295067223,0.0,
556,alt_routing,P2,False,D3_safety_auth,False,False,False,0,0,0,83.0908545324447,0.6062951295067223,0.0,
556,alt_routing,P2,False,D4b_master_data,False,False,False,0,0,0,83.0908545324447,0.6062951295067223,0.0,
556,alt_routing,P2,False,D4c_spc,False,False,False,0,0,0,83.0908545324447,0.6062951295067223,0.0,
556,alt_routing,P2,False,D4bc_process_aware,False,False,False,0,0,0,83.0908545324447,0.6062951295067223,0.0,
556,alt_routing,P2,False,FULL_D3+D4bc,False,False,False,0,0,0,83.0908545324447,0.6062951295067223,0.0,
557,alt_routing,P2,False,D0_none,False,False,False,0,0,0,83.0908545324447,0.6062951295067223,0.0,
557,alt_routing,P2,False,D3_safety_auth,False,False,False,0,0,0,83.0908545324447,0.6062951295067223,0.0,
557,alt_routing,P2,False,D4b_master_data,False,False,False,0,0,0,83.0908545324447,0.6062951295067223,0.0,
557,alt_routing,P2,False,D4c_spc,False,False,False,0,0,0,83.0908545324447,0.6062951295067223,0.0,
557,alt_routing,P2,False,D4bc_process_aware,False,False,False,0,0,0,83.0908545324447,0.6062951295067223,0.0,
557,alt_routing,P2,False,FULL_D3+D4bc,False,False,False,0,0,0,83.0908545324447,0.6062951295067223,0.0,
558,alt_routing,P3,False,D0_none,False,False,False,0,0,0,111.26134139568217,0.5507569309436137,0.0,
558,alt_routing,P3,False,D3_safety_auth,False,False,False,0,0,0,111.26134139568217,0.5507569309436137,0.0,
558,alt_routing,P3,False,D4b_master_data,False,False,False,0,0,0,111.26134139568217,0.5507569309436137,0.0,
558,alt_routing,P3,False,D4c_spc,False,False,False,0,0,0,111.26134139568217,0.5507569309436137,0.0,
558,alt_routing,P3,False,D4bc_process_aware,False,False,False,0,0,0,111.26134139568217,0.5507569309436137,0.0,
558,alt_routing,P3,False,FULL_D3+D4bc,False,False,False,0,0,0,111.26134139568217,0.5507569309436137,0.0,
559,alt_routing,P3,True,D0_none,False,False,False,0,0,0,111.26134139568217,0.5507569309436137,0.0,
559,alt_routing,P3,True,D3_safety_auth,False,False,False,0,0,0,111.26134139568217,0.5507569309436137,0.0,
559,alt_routing,P3,True,D4b_master_data,True,False,False,0,0,0,126.26134139568217,0.4853263417162706,15.0,machine M2 not on authorised routing
559,alt_routing,P3,True,D4c_spc,False,False,False,0,0,0,111.26134139568217,0.5507569309436137,0.0,
559,alt_routing,P3,True,D4bc_process_aware,True,False,False,0,0,0,126.26134139568217,0.4853263417162706,15.0,machine M2 not on authorised routing
559,alt_routing,P3,True,FULL_D3+D4bc,True,False,False,0,0,0,126.26134139568217,0.4853263417162706,15.0,machine M2 not on authorised routing
560,alt_routing,P2,False,D0_none,False,False,False,0,0,0,83.0908545324447,0.6062951295067223,0.0,
560,alt_routing,P2,False,D3_safety_auth,False,False,False,0,0,0,83.0908545324447,0.6062951295067223,0.0,
560,alt_routing,P2,False,D4b_master_data,False,False,False,0,0,0,83.0908545324447,0.6062951295067223,0.0,
560,alt_routing,P2,False,D4c_spc,False,False,False,0,0,0,83.0908545324447,0.6062951295067223,0.0,
560,alt_routing,P2,False,D4bc_process_aware,False,False,False,0,0,0,83.0908545324447,0.6062951295067223,0.0,
560,alt_routing,P2,False,FULL_D3+D4bc,False,False,False,0,0,0,83.0908545324447,0.6062951295067223,0.0,
561,alt_routing,P2,False,D0_none,False,False,False,0,0,0,83.0908545324447,0.6062951295067223,0.0,
561,alt_routing,P2,False,D3_safety_auth,False,False,False,0,0,0,83.0908545324447,0.6062951295067223,0.0,
561,alt_routing,P2,False,D4b_master_data,False,False,False,0,0,0,83.0908545324447,0.6062951295067223,0.0,
561,alt_routing,P2,False,D4c_spc,False,False,False,0,0,0,83.0908545324447,0.6062951295067223,0.0,
561,alt_routing,P2,False,D4bc_process_aware,False,False,False,0,0,0,83.0908545324447,0.6062951295067223,0.0,
561,alt_routing,P2,False,FULL_D3+D4bc,False,False,False,0,0,0,83.0908545324447,0.6062951295067223,0.0,
562,alt_routing,P1,False,D0_none,False,False,False,0,0,0,108.70442269800043,0.5597707472361937,0.0,
562,alt_routing,P1,False,D3_safety_auth,False,False,False,0,0,0,108.70442269800043,0.5597707472361937,0.0,
562,alt_routing,P1,False,D4b_master_data,False,False,False,0,0,0,108.70442269800043,0.5597707472361937,0.0,
562,alt_routing,P1,False,D4c_spc,False,False,False,0,0,0,108.70442269800043,0.5597707472361937,0.0,
562,alt_routing,P1,False,D4bc_process_aware,False,False,False,0,0,0,108.70442269800043,0.5597707472361937,0.0,
562,alt_routing,P1,False,FULL_D3+D4bc,False,False,False,0,0,0,108.70442269800043,0.5597707472361937,0.0,
563,alt_routing,P1,False,D0_none,False,False,False,0,0,0,108.70442269800043,0.5597707472361937,0.0,
563,alt_routing,P1,False,D3_safety_auth,False,False,False,0,0,0,108.70442269800043,0.5597707472361937,0.0,
563,alt_routing,P1,False,D4b_master_data,False,False,False,0,0,0,108.70442269800043,0.5597707472361937,0.0,
563,alt_routing,P1,False,D4c_spc,False,False,False,0,0,0,108.70442269800043,0.5597707472361937,0.0,
563,alt_routing,P1,False,D4bc_process_aware,False,False,False,0,0,0,108.70442269800043,0.5597707472361937,0.0,
563,alt_routing,P1,False,FULL_D3+D4bc,False,False,False,0,0,0,108.70442269800043,0.5597707472361937,0.0,
564,alt_routing,P1,False,D0_none,False,False,False,0,0,0,108.70442269800043,0.5597707472361937,0.0,
564,alt_routing,P1,False,D3_safety_auth,False,False,False,0,0,0,108.70442269800043,0.5597707472361937,0.0,
564,alt_routing,P1,False,D4b_master_data,False,False,False,0,0,0,108.70442269800043,0.5597707472361937,0.0,
564,alt_routing,P1,False,D4c_spc,False,False,False,0,0,0,108.70442269800043,0.5597707472361937,0.0,
564,alt_routing,P1,False,D4bc_process_aware,False,False,False,0,0,0,108.70442269800043,0.5597707472361937,0.0,
564,alt_routing,P1,False,FULL_D3+D4bc,False,False,False,0,0,0,108.70442269800043,0.5597707472361937,0.0,
565,alt_routing,P1,False,D0_none,False,False,False,0,0,0,108.70442269800043,0.5597707472361937,0.0,
565,alt_routing,P1,False,D3_safety_auth,False,False,False,0,0,0,108.70442269800043,0.5597707472361937,0.0,
565,alt_routing,P1,False,D4b_master_data,False,False,False,0,0,0,108.70442269800043,0.5597707472361937,0.0,
565,alt_routing,P1,False,D4c_spc,False,True,False,0,0,0,125.70442269800043,0.4840685364565672,17.0,
565,alt_routing,P1,False,D4bc_process_aware,False,True,False,0,0,0,125.70442269800043,0.4840685364565672,17.0,
565,alt_routing,P1,False,FULL_D3+D4bc,False,True,False,0,0,0,125.70442269800043,0.4840685364565672,17.0,
566,alt_routing,P1,False,D0_none,False,False,False,0,0,0,108.70442269800043,0.5597707472361937,0.0,
566,alt_routing,P1,False,D3_safety_auth,False,False,False,0,0,0,108.70442269800043,0.5597707472361937,0.0,
566,alt_routing,P1,False,D4b_master_data,False,False,False,0,0,0,108.70442269800043,0.5597707472361937,0.0,
566,alt_routing,P1,False,D4c_spc,False,False,False,0,0,0,108.70442269800043,0.5597707472361937,0.0,
566,alt_routing,P1,False,D4bc_process_aware,False,False,False,0,0,0,108.70442269800043,0.5597707472361937,0.0,
566,alt_routing,P1,False,FULL_D3+D4bc,False,False,False,0,0,0,108.70442269800043,0.5597707472361937,0.0,
567,alt_routing,P1,False,D0_none,False,False,False,0,0,0,108.70442269800043,0.5597707472361937,0.0,
567,alt_routing,P1,False,D3_safety_auth,False,False,False,0,0,0,108.70442269800043,0.5597707472361937,0.0,
567,alt_routing,P1,False,D4b_master_data,False,False,False,0,0,0,108.70442269800043,0.5597707472361937,0.0,
567,alt_routing,P1,False,D4c_spc,False,False,False,0,0,0,108.70442269800043,0.5597707472361937,0.0,
567,alt_routing,P1,False,D4bc_process_aware,False,False,False,0,0,0,108.70442269800043,0.5597707472361937,0.0,
567,alt_routing,P1,False,FULL_D3+D4bc,False,False,False,0,0,0,108.70442269800043,0.5597707472361937,0.0,
568,alt_routing,P2,False,D0_none,False,False,False,0,0,0,83.0908545324447,0.6062951295067223,0.0,
568,alt_routing,P2,False,D3_safety_auth,False,False,False,0,0,0,83.0908545324447,0.6062951295067223,0.0,
568,alt_routing,P2,False,D4b_master_data,False,False,False,0,0,0,83.0908545324447,0.6062951295067223,0.0,
568,alt_routing,P2,False,D4c_spc,False,False,False,0,0,0,83.0908545324447,0.6062951295067223,0.0,
568,alt_routing,P2,False,D4bc_process_aware,False,False,False,0,0,0,83.0908545324447,0.6062951295067223,0.0,
568,alt_routing,P2,False,FULL_D3+D4bc,False,False,False,0,0,0,83.0908545324447,0.6062951295067223,0.0,
569,alt_routing,P1,False,D0_none,False,False,False,0,0,0,108.70442269800043,0.5597707472361937,0.0,
569,alt_routing,P1,False,D3_safety_auth,False,False,False,0,0,0,108.70442269800043,0.5597707472361937,0.0,
569,alt_routing,P1,False,D4b_master_data,False,False,False,0,0,0,108.70442269800043,0.5597707472361937,0.0,
569,alt_routing,P1,False,D4c_spc,False,False,False,0,0,0,108.70442269800043,0.5597707472361937,0.0,
569,alt_routing,P1,False,D4bc_process_aware,False,False,False,0,0,0,108.70442269800043,0.5597707472361937,0.0,
569,alt_routing,P1,False,FULL_D3+D4bc,False,False,False,0,0,0,108.70442269800043,0.5597707472361937,0.0,
570,alt_routing,P3,False,D0_none,False,False,False,0,0,0,111.26134139568217,0.5507569309436137,0.0,
570,alt_routing,P3,False,D3_safety_auth,False,False,False,0,0,0,111.26134139568217,0.5507569309436137,0.0,
570,alt_routing,P3,False,D4b_master_data,False,False,False,0,0,0,111.26134139568217,0.5507569309436137,0.0,
570,alt_routing,P3,False,D4c_spc,False,False,False,0,0,0,111.26134139568217,0.5507569309436137,0.0,
570,alt_routing,P3,False,D4bc_process_aware,False,False,False,0,0,0,111.26134139568217,0.5507569309436137,0.0,
570,alt_routing,P3,False,FULL_D3+D4bc,False,False,False,0,0,0,111.26134139568217,0.5507569309436137,0.0,
571,alt_routing,P3,False,D0_none,False,False,False,0,0,0,111.26134139568217,0.5507569309436137,0.0,
571,alt_routing,P3,False,D3_safety_auth,False,False,False,0,0,0,111.26134139568217,0.5507569309436137,0.0,
571,alt_routing,P3,False,D4b_master_data,False,False,False,0,0,0,111.26134139568217,0.5507569309436137,0.0,
571,alt_routing,P3,False,D4c_spc,False,False,False,0,0,0,111.26134139568217,0.5507569309436137,0.0,
571,alt_routing,P3,False,D4bc_process_aware,False,False,False,0,0,0,111.26134139568217,0.5507569309436137,0.0,
571,alt_routing,P3,False,FULL_D3+D4bc,False,False,False,0,0,0,111.26134139568217,0.5507569309436137,0.0,
572,alt_routing,P1,False,D0_none,False,False,False,0,0,0,108.70442269800043,0.5597707472361937,0.0,
572,alt_routing,P1,False,D3_safety_auth,False,False,False,0,0,0,108.70442269800043,0.5597707472361937,0.0,
572,alt_routing,P1,False,D4b_master_data,False,False,False,0,0,0,108.70442269800043,0.5597707472361937,0.0,
572,alt_routing,P1,False,D4c_spc,False,False,False,0,0,0,108.70442269800043,0.5597707472361937,0.0,
572,alt_routing,P1,False,D4bc_process_aware,False,False,False,0,0,0,108.70442269800043,0.5597707472361937,0.0,
572,alt_routing,P1,False,FULL_D3+D4bc,False,False,False,0,0,0,108.70442269800043,0.5597707472361937,0.0,
573,alt_routing,P1,False,D0_none,False,False,False,0,0,0,108.70442269800043,0.5597707472361937,0.0,
573,alt_routing,P1,False,D3_safety_auth,False,False,False,0,0,0,108.70442269800043,0.5597707472361937,0.0,
573,alt_routing,P1,False,D4b_master_data,False,False,False,0,0,0,108.70442269800043,0.5597707472361937,0.0,
573,alt_routing,P1,False,D4c_spc,False,False,False,0,0,0,108.70442269800043,0.5597707472361937,0.0,
573,alt_routing,P1,False,D4bc_process_aware,False,False,False,0,0,0,108.70442269800043,0.5597707472361937,0.0,
573,alt_routing,P1,False,FULL_D3+D4bc,False,False,False,0,0,0,108.70442269800043,0.5597707472361937,0.0,
574,alt_routing,P2,False,D0_none,False,False,False,0,0,0,83.0908545324447,0.6062951295067223,0.0,
574,alt_routing,P2,False,D3_safety_auth,False,False,False,0,0,0,83.0908545324447,0.6062951295067223,0.0,
574,alt_routing,P2,False,D4b_master_data,False,False,False,0,0,0,83.0908545324447,0.6062951295067223,0.0,
574,alt_routing,P2,False,D4c_spc,False,False,False,0,0,0,83.0908545324447,0.6062951295067223,0.0,
574,alt_routing,P2,False,D4bc_process_aware,False,False,False,0,0,0,83.0908545324447,0.6062951295067223,0.0,
574,alt_routing,P2,False,FULL_D3+D4bc,False,False,False,0,0,0,83.0908545324447,0.6062951295067223,0.0,
575,alt_routing,P3,False,D0_none,False,False,False,0,0,0,111.26134139568217,0.5507569309436137,0.0,
575,alt_routing,P3,False,D3_safety_auth,False,False,False,0,0,0,111.26134139568217,0.5507569309436137,0.0,
575,alt_routing,P3,False,D4b_master_data,False,False,False,0,0,0,111.26134139568217,0.5507569309436137,0.0,
575,alt_routing,P3,False,D4c_spc,False,False,False,0,0,0,111.26134139568217,0.5507569309436137,0.0,
575,alt_routing,P3,False,D4bc_process_aware,False,False,False,0,0,0,111.26134139568217,0.5507569309436137,0.0,
575,alt_routing,P3,False,FULL_D3+D4bc,False,False,False,0,0,0,111.26134139568217,0.5507569309436137,0.0,
576,alt_routing,P2,False,D0_none,False,False,False,0,0,0,83.0908545324447,0.6062951295067223,0.0,
576,alt_routing,P2,False,D3_safety_auth,False,False,False,0,0,0,83.0908545324447,0.6062951295067223,0.0,
576,alt_routing,P2,False,D4b_master_data,False,False,False,0,0,0,83.0908545324447,0.6062951295067223,0.0,
576,alt_routing,P2,False,D4c_spc,False,False,False,0,0,0,83.0908545324447,0.6062951295067223,0.0,
576,alt_routing,P2,False,D4bc_process_aware,False,False,False,0,0,0,83.0908545324447,0.6062951295067223,0.0,
576,alt_routing,P2,False,FULL_D3+D4bc,False,False,False,0,0,0,83.0908545324447,0.6062951295067223,0.0,
577,alt_routing,P2,False,D0_none,False,False,False,0,0,0,83.0908545324447,0.6062951295067223,0.0,
577,alt_routing,P2,False,D3_safety_auth,False,False,False,0,0,0,83.0908545324447,0.6062951295067223,0.0,
577,alt_routing,P2,False,D4b_master_data,False,False,False,0,0,0,83.0908545324447,0.6062951295067223,0.0,
577,alt_routing,P2,False,D4c_spc,False,False,False,0,0,0,83.0908545324447,0.6062951295067223,0.0,
577,alt_routing,P2,False,D4bc_process_aware,False,False,False,0,0,0,83.0908545324447,0.6062951295067223,0.0,
577,alt_routing,P2,False,FULL_D3+D4bc,False,False,False,0,0,0,83.0908545324447,0.6062951295067223,0.0,
578,alt_routing,P2,False,D0_none,False,False,False,0,0,0,83.0908545324447,0.6062951295067223,0.0,
578,alt_routing,P2,False,D3_safety_auth,False,False,False,0,0,0,83.0908545324447,0.6062951295067223,0.0,
578,alt_routing,P2,False,D4b_master_data,False,False,False,0,0,0,83.0908545324447,0.6062951295067223,0.0,
578,alt_routing,P2,False,D4c_spc,False,False,False,0,0,0,83.0908545324447,0.6062951295067223,0.0,
578,alt_routing,P2,False,D4bc_process_aware,False,False,False,0,0,0,83.0908545324447,0.6062951295067223,0.0,
578,alt_routing,P2,False,FULL_D3+D4bc,False,False,False,0,0,0,83.0908545324447,0.6062951295067223,0.0,
579,alt_routing,P1,False,D0_none,False,False,False,0,0,0,108.70442269800043,0.5597707472361937,0.0,
579,alt_routing,P1,False,D3_safety_auth,False,False,False,0,0,0,108.70442269800043,0.5597707472361937,0.0,
579,alt_routing,P1,False,D4b_master_data,False,False,False,0,0,0,108.70442269800043,0.5597707472361937,0.0,
579,alt_routing,P1,False,D4c_spc,False,False,False,0,0,0,108.70442269800043,0.5597707472361937,0.0,
579,alt_routing,P1,False,D4bc_process_aware,False,False,False,0,0,0,108.70442269800043,0.5597707472361937,0.0,
579,alt_routing,P1,False,FULL_D3+D4bc,False,False,False,0,0,0,108.70442269800043,0.5597707472361937,0.0,
580,alt_routing,P2,False,D0_none,False,False,False,0,0,0,83.0908545324447,0.6062951295067223,0.0,
580,alt_routing,P2,False,D3_safety_auth,False,False,False,0,0,0,83.0908545324447,0.6062951295067223,0.0,
580,alt_routing,P2,False,D4b_master_data,False,False,False,0,0,0,83.0908545324447,0.6062951295067223,0.0,
580,alt_routing,P2,False,D4c_spc,False,True,False,0,0,0,98.0908545324447,0.5135808088297346,17.0,
580,alt_routing,P2,False,D4bc_process_aware,False,True,False,0,0,0,98.0908545324447,0.5135808088297346,17.0,
580,alt_routing,P2,False,FULL_D3+D4bc,False,True,False,0,0,0,98.0908545324447,0.5135808088297346,17.0,
581,alt_routing,P2,False,D0_none,False,False,False,0,0,0,83.0908545324447,0.6062951295067223,0.0,
581,alt_routing,P2,False,D3_safety_auth,False,False,False,0,0,0,83.0908545324447,0.6062951295067223,0.0,
581,alt_routing,P2,False,D4b_master_data,False,False,False,0,0,0,83.0908545324447,0.6062951295067223,0.0,
581,alt_routing,P2,False,D4c_spc,False,False,False,0,0,0,83.0908545324447,0.6062951295067223,0.0,
581,alt_routing,P2,False,D4bc_process_aware,False,False,False,0,0,0,83.0908545324447,0.6062951295067223,0.0,
581,alt_routing,P2,False,FULL_D3+D4bc,False,False,False,0,0,0,83.0908545324447,0.6062951295067223,0.0,
582,alt_routing,P2,False,D0_none,False,False,False,0,0,0,83.0908545324447,0.6062951295067223,0.0,
582,alt_routing,P2,False,D3_safety_auth,False,False,False,0,0,0,83.0908545324447,0.6062951295067223,0.0,
582,alt_routing,P2,False,D4b_master_data,False,False,False,0,0,0,83.0908545324447,0.6062951295067223,0.0,
582,alt_routing,P2,False,D4c_spc,False,False,False,0,0,0,83.0908545324447,0.6062951295067223,0.0,
582,alt_routing,P2,False,D4bc_process_aware,False,False,False,0,0,0,83.0908545324447,0.6062951295067223,0.0,
582,alt_routing,P2,False,FULL_D3+D4bc,False,False,False,0,0,0,83.0908545324447,0.6062951295067223,0.0,
583,alt_routing,P2,False,D0_none,False,False,False,0,0,0,83.0908545324447,0.6062951295067223,0.0,
583,alt_routing,P2,False,D3_safety_auth,False,False,False,0,0,0,83.0908545324447,0.6062951295067223,0.0,
583,alt_routing,P2,False,D4b_master_data,False,False,False,0,0,0,83.0908545324447,0.6062951295067223,0.0,
583,alt_routing,P2,False,D4c_spc,False,False,False,0,0,0,83.0908545324447,0.6062951295067223,0.0,
583,alt_routing,P2,False,D4bc_process_aware,False,False,False,0,0,0,83.0908545324447,0.6062951295067223,0.0,
583,alt_routing,P2,False,FULL_D3+D4bc,False,False,False,0,0,0,83.0908545324447,0.6062951295067223,0.0,
584,alt_routing,P3,False,D0_none,False,False,False,0,1,0,111.26134139568217,0.5323983665788266,0.0,
584,alt_routing,P3,False,D3_safety_auth,False,False,False,0,1,0,111.26134139568217,0.5323983665788266,0.0,
584,alt_routing,P3,False,D4b_master_data,False,False,False,0,1,0,111.26134139568217,0.5323983665788266,0.0,
584,alt_routing,P3,False,D4c_spc,False,True,True,0,1,0,126.26134139568215,0.469148796992395,17.0,
584,alt_routing,P3,False,D4bc_process_aware,False,True,True,0,1,0,126.26134139568215,0.469148796992395,17.0,
584,alt_routing,P3,False,FULL_D3+D4bc,False,True,True,0,1,0,126.26134139568215,0.469148796992395,17.0,
585,alt_routing,P3,False,D0_none,False,False,False,0,0,0,111.26134139568217,0.5507569309436137,0.0,
585,alt_routing,P3,False,D3_safety_auth,False,False,False,0,0,0,111.26134139568217,0.5507569309436137,0.0,
585,alt_routing,P3,False,D4b_master_data,False,False,False,0,0,0,111.26134139568217,0.5507569309436137,0.0,
585,alt_routing,P3,False,D4c_spc,False,False,False,0,0,0,111.26134139568217,0.5507569309436137,0.0,
585,alt_routing,P3,False,D4bc_process_aware,False,False,False,0,0,0,111.26134139568217,0.5507569309436137,0.0,
585,alt_routing,P3,False,FULL_D3+D4bc,False,False,False,0,0,0,111.26134139568217,0.5507569309436137,0.0,
586,alt_routing,P3,False,D0_none,False,False,False,0,0,0,111.26134139568217,0.5507569309436137,0.0,
586,alt_routing,P3,False,D3_safety_auth,False,False,False,0,0,0,111.26134139568217,0.5507569309436137,0.0,
586,alt_routing,P3,False,D4b_master_data,False,False,False,0,0,0,111.26134139568217,0.5507569309436137,0.0,
586,alt_routing,P3,False,D4c_spc,False,False,False,0,0,0,111.26134139568217,0.5507569309436137,0.0,
586,alt_routing,P3,False,D4bc_process_aware,False,False,False,0,0,0,111.26134139568217,0.5507569309436137,0.0,
586,alt_routing,P3,False,FULL_D3+D4bc,False,False,False,0,0,0,111.26134139568217,0.5507569309436137,0.0,
587,alt_routing,P1,False,D0_none,False,False,False,0,0,0,108.70442269800043,0.5597707472361937,0.0,
587,alt_routing,P1,False,D3_safety_auth,False,False,False,0,0,0,108.70442269800043,0.5597707472361937,0.0,
587,alt_routing,P1,False,D4b_master_data,False,False,False,0,0,0,108.70442269800043,0.5597707472361937,0.0,
587,alt_routing,P1,False,D4c_spc,False,False,False,0,0,0,108.70442269800043,0.5597707472361937,0.0,
587,alt_routing,P1,False,D4bc_process_aware,False,False,False,0,0,0,108.70442269800043,0.5597707472361937,0.0,
587,alt_routing,P1,False,FULL_D3+D4bc,False,False,False,0,0,0,108.70442269800043,0.5597707472361937,0.0,
588,alt_routing,P3,False,D0_none,False,False,False,0,0,0,111.26134139568217,0.5507569309436137,0.0,
588,alt_routing,P3,False,D3_safety_auth,False,False,False,0,0,0,111.26134139568217,0.5507569309436137,0.0,
588,alt_routing,P3,False,D4b_master_data,False,False,False,0,0,0,111.26134139568217,0.5507569309436137,0.0,
588,alt_routing,P3,False,D4c_spc,False,False,False,0,0,0,111.26134139568217,0.5507569309436137,0.0,
588,alt_routing,P3,False,D4bc_process_aware,False,False,False,0,0,0,111.26134139568217,0.5507569309436137,0.0,
588,alt_routing,P3,False,FULL_D3+D4bc,False,False,False,0,0,0,111.26134139568217,0.5507569309436137,0.0,
589,alt_routing,P3,False,D0_none,False,False,False,0,0,0,111.26134139568217,0.5507569309436137,0.0,
589,alt_routing,P3,False,D3_safety_auth,False,False,False,0,0,0,111.26134139568217,0.5507569309436137,0.0,
589,alt_routing,P3,False,D4b_master_data,False,False,False,0,0,0,111.26134139568217,0.5507569309436137,0.0,
589,alt_routing,P3,False,D4c_spc,False,False,False,0,0,0,111.26134139568217,0.5507569309436137,0.0,
589,alt_routing,P3,False,D4bc_process_aware,False,False,False,0,0,0,111.26134139568217,0.5507569309436137,0.0,
589,alt_routing,P3,False,FULL_D3+D4bc,False,False,False,0,0,0,111.26134139568217,0.5507569309436137,0.0,
590,alt_routing,P1,False,D0_none,False,False,False,0,0,0,108.70442269800043,0.5597707472361937,0.0,
590,alt_routing,P1,False,D3_safety_auth,False,False,False,0,0,0,108.70442269800043,0.5597707472361937,0.0,
590,alt_routing,P1,False,D4b_master_data,False,False,False,0,0,0,108.70442269800043,0.5597707472361937,0.0,
590,alt_routing,P1,False,D4c_spc,False,False,False,0,0,0,108.70442269800043,0.5597707472361937,0.0,
590,alt_routing,P1,False,D4bc_process_aware,False,False,False,0,0,0,108.70442269800043,0.5597707472361937,0.0,
590,alt_routing,P1,False,FULL_D3+D4bc,False,False,False,0,0,0,108.70442269800043,0.5597707472361937,0.0,
591,alt_routing,P1,False,D0_none,False,False,False,0,0,0,108.70442269800043,0.5597707472361937,0.0,
591,alt_routing,P1,False,D3_safety_auth,False,False,False,0,0,0,108.70442269800043,0.5597707472361937,0.0,
591,alt_routing,P1,False,D4b_master_data,False,False,False,0,0,0,108.70442269800043,0.5597707472361937,0.0,
591,alt_routing,P1,False,D4c_spc,False,False,False,0,0,0,108.70442269800043,0.5597707472361937,0.0,
591,alt_routing,P1,False,D4bc_process_aware,False,False,False,0,0,0,108.70442269800043,0.5597707472361937,0.0,
591,alt_routing,P1,False,FULL_D3+D4bc,False,False,False,0,0,0,108.70442269800043,0.5597707472361937,0.0,
592,alt_routing,P3,False,D0_none,False,False,False,0,0,0,111.26134139568217,0.5507569309436137,0.0,
592,alt_routing,P3,False,D3_safety_auth,False,False,False,0,0,0,111.26134139568217,0.5507569309436137,0.0,
592,alt_routing,P3,False,D4b_master_data,False,False,False,0,0,0,111.26134139568217,0.5507569309436137,0.0,
592,alt_routing,P3,False,D4c_spc,False,False,False,0,0,0,111.26134139568217,0.5507569309436137,0.0,
592,alt_routing,P3,False,D4bc_process_aware,False,False,False,0,0,0,111.26134139568217,0.5507569309436137,0.0,
592,alt_routing,P3,False,FULL_D3+D4bc,False,False,False,0,0,0,111.26134139568217,0.5507569309436137,0.0,
593,alt_routing,P2,False,D0_none,False,False,False,0,0,0,83.0908545324447,0.6062951295067223,0.0,
593,alt_routing,P2,False,D3_safety_auth,False,False,False,0,0,0,83.0908545324447,0.6062951295067223,0.0,
593,alt_routing,P2,False,D4b_master_data,False,False,False,0,0,0,83.0908545324447,0.6062951295067223,0.0,
593,alt_routing,P2,False,D4c_spc,False,False,False,0,0,0,83.0908545324447,0.6062951295067223,0.0,
593,alt_routing,P2,False,D4bc_process_aware,False,False,False,0,0,0,83.0908545324447,0.6062951295067223,0.0,
593,alt_routing,P2,False,FULL_D3+D4bc,False,False,False,0,0,0,83.0908545324447,0.6062951295067223,0.0,
594,alt_routing,P2,False,D0_none,False,False,False,0,0,0,83.0908545324447,0.6062951295067223,0.0,
594,alt_routing,P2,False,D3_safety_auth,False,False,False,0,0,0,83.0908545324447,0.6062951295067223,0.0,
594,alt_routing,P2,False,D4b_master_data,False,False,False,0,0,0,83.0908545324447,0.6062951295067223,0.0,
594,alt_routing,P2,False,D4c_spc,False,False,False,0,0,0,83.0908545324447,0.6062951295067223,0.0,
594,alt_routing,P2,False,D4bc_process_aware,False,False,False,0,0,0,83.0908545324447,0.6062951295067223,0.0,
594,alt_routing,P2,False,FULL_D3+D4bc,False,False,False,0,0,0,83.0908545324447,0.6062951295067223,0.0,
595,alt_routing,P2,False,D0_none,False,False,False,0,0,0,83.0908545324447,0.6062951295067223,0.0,
595,alt_routing,P2,False,D3_safety_auth,False,False,False,0,0,0,83.0908545324447,0.6062951295067223,0.0,
595,alt_routing,P2,False,D4b_master_data,False,False,False,0,0,0,83.0908545324447,0.6062951295067223,0.0,
595,alt_routing,P2,False,D4c_spc,False,False,False,0,0,0,83.0908545324447,0.6062951295067223,0.0,
595,alt_routing,P2,False,D4bc_process_aware,False,False,False,0,0,0,83.0908545324447,0.6062951295067223,0.0,
595,alt_routing,P2,False,FULL_D3+D4bc,False,False,False,0,0,0,83.0908545324447,0.6062951295067223,0.0,
596,alt_routing,P2,False,D0_none,False,False,False,0,0,0,83.0908545324447,0.6062951295067223,0.0,
596,alt_routing,P2,False,D3_safety_auth,False,False,False,0,0,0,83.0908545324447,0.6062951295067223,0.0,
596,alt_routing,P2,False,D4b_master_data,False,False,False,0,0,0,83.0908545324447,0.6062951295067223,0.0,
596,alt_routing,P2,False,D4c_spc,False,False,False,0,0,0,83.0908545324447,0.6062951295067223,0.0,
596,alt_routing,P2,False,D4bc_process_aware,False,False,False,0,0,0,83.0908545324447,0.6062951295067223,0.0,
596,alt_routing,P2,False,FULL_D3+D4bc,False,False,False,0,0,0,83.0908545324447,0.6062951295067223,0.0,
597,alt_routing,P3,False,D0_none,False,False,False,0,0,0,111.26134139568217,0.5507569309436137,0.0,
597,alt_routing,P3,False,D3_safety_auth,False,False,False,0,0,0,111.26134139568217,0.5507569309436137,0.0,
597,alt_routing,P3,False,D4b_master_data,False,False,False,0,0,0,111.26134139568217,0.5507569309436137,0.0,
597,alt_routing,P3,False,D4c_spc,False,False,False,0,0,0,111.26134139568217,0.5507569309436137,0.0,
597,alt_routing,P3,False,D4bc_process_aware,False,False,False,0,0,0,111.26134139568217,0.5507569309436137,0.0,
597,alt_routing,P3,False,FULL_D3+D4bc,False,False,False,0,0,0,111.26134139568217,0.5507569309436137,0.0,
598,alt_routing,P3,False,D0_none,False,False,False,0,0,0,111.26134139568217,0.5507569309436137,0.0,
598,alt_routing,P3,False,D3_safety_auth,False,False,False,0,0,0,111.26134139568217,0.5507569309436137,0.0,
598,alt_routing,P3,False,D4b_master_data,False,False,False,0,0,0,111.26134139568217,0.5507569309436137,0.0,
598,alt_routing,P3,False,D4c_spc,False,False,False,0,0,0,111.26134139568217,0.5507569309436137,0.0,
598,alt_routing,P3,False,D4bc_process_aware,False,False,False,0,0,0,111.26134139568217,0.5507569309436137,0.0,
598,alt_routing,P3,False,FULL_D3+D4bc,False,False,False,0,0,0,111.26134139568217,0.5507569309436137,0.0,
599,alt_routing,P3,False,D0_none,False,False,False,0,0,0,111.26134139568217,0.5507569309436137,0.0,
599,alt_routing,P3,False,D3_safety_auth,False,False,False,0,0,0,111.26134139568217,0.5507569309436137,0.0,
599,alt_routing,P3,False,D4b_master_data,False,False,False,0,0,0,111.26134139568217,0.5507569309436137,0.0,
599,alt_routing,P3,False,D4c_spc,False,False,False,0,0,0,111.26134139568217,0.5507569309436137,0.0,
599,alt_routing,P3,False,D4bc_process_aware,False,False,False,0,0,0,111.26134139568217,0.5507569309436137,0.0,
599,alt_routing,P3,False,FULL_D3+D4bc,False,False,False,0,0,0,111.26134139568217,0.5507569309436137,0.0,
600,alt_routing,P3,False,D0_none,False,False,False,0,0,0,111.26134139568217,0.5507569309436137,0.0,
600,alt_routing,P3,False,D3_safety_auth,False,False,False,0,0,0,111.26134139568217,0.5507569309436137,0.0,
600,alt_routing,P3,False,D4b_master_data,False,False,False,0,0,0,111.26134139568217,0.5507569309436137,0.0,
600,alt_routing,P3,False,D4c_spc,False,True,False,0,0,0,128.26134139568217,0.47775856897297686,17.0,
600,alt_routing,P3,False,D4bc_process_aware,False,True,False,0,0,0,128.26134139568217,0.47775856897297686,17.0,
600,alt_routing,P3,False,FULL_D3+D4bc,False,True,False,0,0,0,128.26134139568217,0.47775856897297686,17.0,
601,concession,P3,False,D0_none,False,False,False,0,0,0,96.32849880427463,0.6361352629844607,0.0,
601,concession,P3,False,D3_safety_auth,False,False,False,0,0,0,96.32849880427463,0.6361352629844607,0.0,
601,concession,P3,False,D4b_master_data,False,False,False,0,0,0,96.32849880427463,0.6361352629844607,0.0,
601,concession,P3,False,D4c_spc,False,False,False,0,0,0,96.32849880427463,0.6361352629844607,0.0,
601,concession,P3,False,D4bc_process_aware,False,False,False,0,0,0,96.32849880427463,0.6361352629844607,0.0,
601,concession,P3,False,FULL_D3+D4bc,False,False,False,0,0,0,96.32849880427463,0.6361352629844607,0.0,
602,concession,P3,False,D0_none,False,False,False,1,0,0,96.06013709712876,0.6166486766777778,0.0,
602,concession,P3,False,D3_safety_auth,False,False,False,1,0,0,96.06013709712876,0.6166486766777778,0.0,
602,concession,P3,False,D4b_master_data,False,False,False,1,0,0,96.06013709712876,0.6166486766777778,0.0,
602,concession,P3,False,D4c_spc,False,False,False,1,0,0,96.06013709712876,0.6166486766777778,0.0,
602,concession,P3,False,D4bc_process_aware,False,False,False,1,0,0,96.06013709712876,0.6166486766777778,0.0,
602,concession,P3,False,FULL_D3+D4bc,False,False,False,1,0,0,96.06013709712876,0.6166486766777778,0.0,
603,concession,P2,False,D0_none,False,False,False,0,0,0,70.39560782067802,0.7156352785233692,0.0,
603,concession,P2,False,D3_safety_auth,False,False,False,0,0,0,70.39560782067802,0.7156352785233692,0.0,
603,concession,P2,False,D4b_master_data,False,False,False,0,0,0,70.39560782067802,0.7156352785233692,0.0,
603,concession,P2,False,D4c_spc,False,False,False,0,0,0,70.39560782067802,0.7156352785233692,0.0,
603,concession,P2,False,D4bc_process_aware,False,False,False,0,0,0,70.39560782067802,0.7156352785233692,0.0,
603,concession,P2,False,FULL_D3+D4bc,False,False,False,0,0,0,70.39560782067802,0.7156352785233692,0.0,
604,concession,P3,False,D0_none,False,False,False,2,0,0,96.32849880427463,0.5937262454521632,0.0,
604,concession,P3,False,D3_safety_auth,False,False,False,2,0,0,96.32849880427463,0.5937262454521632,0.0,
604,concession,P3,False,D4b_master_data,False,False,False,2,0,0,96.32849880427463,0.5937262454521632,0.0,
604,concession,P3,False,D4c_spc,False,False,False,2,0,0,96.32849880427463,0.5937262454521632,0.0,
604,concession,P3,False,D4bc_process_aware,False,False,False,2,0,0,96.32849880427463,0.5937262454521632,0.0,
604,concession,P3,False,FULL_D3+D4bc,False,False,False,2,0,0,96.32849880427463,0.5937262454521632,0.0,
605,concession,P2,False,D0_none,False,False,False,0,0,0,70.23162806592804,0.7173061738264446,0.0,
605,concession,P2,False,D3_safety_auth,False,False,False,0,0,0,70.23162806592804,0.7173061738264446,0.0,
605,concession,P2,False,D4b_master_data,False,False,False,0,0,0,70.23162806592804,0.7173061738264446,0.0,
605,concession,P2,False,D4c_spc,False,False,False,0,0,0,70.23162806592804,0.7173061738264446,0.0,
605,concession,P2,False,D4bc_process_aware,False,False,False,0,0,0,70.23162806592804,0.7173061738264446,0.0,
605,concession,P2,False,FULL_D3+D4bc,False,False,False,0,0,0,70.23162806592804,0.7173061738264446,0.0,
606,concession,P3,False,D0_none,False,False,False,0,0,0,97.08014529402635,0.6312099630069896,0.0,
606,concession,P3,False,D3_safety_auth,False,False,False,0,0,0,97.08014529402635,0.6312099630069896,0.0,
606,concession,P3,False,D4b_master_data,False,False,False,0,0,0,97.08014529402635,0.6312099630069896,0.0,
606,concession,P3,False,D4c_spc,False,True,False,0,0,0,112.08014529402635,0.5467333644063499,17.0,
606,concession,P3,False,D4bc_process_aware,False,True,False,0,0,0,112.08014529402635,0.5467333644063499,17.0,
606,concession,P3,False,FULL_D3+D4bc,False,True,False,0,0,0,112.08014529402635,0.5467333644063499,17.0,
607,concession,P2,False,D0_none,False,False,False,0,0,0,70.39560782067802,0.7156352785233692,0.0,
607,concession,P2,False,D3_safety_auth,False,False,False,0,0,0,70.39560782067802,0.7156352785233692,0.0,
607,concession,P2,False,D4b_master_data,False,False,False,0,0,0,70.39560782067802,0.7156352785233692,0.0,
607,concession,P2,False,D4c_spc,False,False,False,0,0,0,70.39560782067802,0.7156352785233692,0.0,
607,concession,P2,False,D4bc_process_aware,False,False,False,0,0,0,70.39560782067802,0.7156352785233692,0.0,
607,concession,P2,False,FULL_D3+D4bc,False,False,False,0,0,0,70.39560782067802,0.7156352785233692,0.0,
608,concession,P2,False,D0_none,False,False,False,0,0,0,70.12285797568661,0.7184188132639998,0.0,
608,concession,P2,False,D3_safety_auth,False,False,False,0,0,0,70.12285797568661,0.7184188132639998,0.0,
608,concession,P2,False,D4b_master_data,False,False,False,0,0,0,70.12285797568661,0.7184188132639998,0.0,
608,concession,P2,False,D4c_spc,False,False,False,0,0,0,70.12285797568661,0.7184188132639998,0.0,
608,concession,P2,False,D4bc_process_aware,False,False,False,0,0,0,70.12285797568661,0.7184188132639998,0.0,
608,concession,P2,False,FULL_D3+D4bc,False,False,False,0,0,0,70.12285797568661,0.7184188132639998,0.0,
609,concession,P2,False,D0_none,False,False,False,0,0,0,70.13961988317347,0.7182471261390224,0.0,
609,concession,P2,False,D3_safety_auth,False,False,False,0,0,0,70.13961988317347,0.7182471261390224,0.0,
609,concession,P2,False,D4b_master_data,False,False,False,0,0,0,70.13961988317347,0.7182471261390224,0.0,
609,concession,P2,False,D4c_spc,False,False,False,0,0,0,70.13961988317347,0.7182471261390224,0.0,
609,concession,P2,False,D4bc_process_aware,False,False,False,0,0,0,70.13961988317347,0.7182471261390224,0.0,
609,concession,P2,False,FULL_D3+D4bc,False,False,False,0,0,0,70.13961988317347,0.7182471261390224,0.0,
610,concession,P1,False,D0_none,False,False,False,1,0,0,90.74876434831418,0.6481767307051328,0.0,
610,concession,P1,False,D3_safety_auth,False,False,False,1,0,0,90.74876434831418,0.6481767307051328,0.0,
610,concession,P1,False,D4b_master_data,False,False,False,1,0,0,90.74876434831418,0.6481767307051328,0.0,
610,concession,P1,False,D4c_spc,False,False,False,1,0,0,90.74876434831418,0.6481767307051328,0.0,
610,concession,P1,False,D4bc_process_aware,False,False,False,1,0,0,90.74876434831418,0.6481767307051328,0.0,
610,concession,P1,False,FULL_D3+D4bc,False,False,False,1,0,0,90.74876434831418,0.6481767307051328,0.0,
611,concession,P1,False,D0_none,False,False,False,1,0,0,90.76885019834828,0.6480332984529881,0.0,
611,concession,P1,False,D3_safety_auth,False,False,False,1,0,0,90.76885019834828,0.6480332984529881,0.0,
611,concession,P1,False,D4b_master_data,False,False,False,1,0,0,90.76885019834828,0.6480332984529881,0.0,
611,concession,P1,False,D4c_spc,False,False,False,1,0,0,90.76885019834828,0.6480332984529881,0.0,
611,concession,P1,False,D4bc_process_aware,False,False,False,1,0,0,90.76885019834828,0.6480332984529881,0.0,
611,concession,P1,False,FULL_D3+D4bc,False,False,False,1,0,0,90.76885019834828,0.6480332984529881,0.0,
612,concession,P3,False,D0_none,False,False,False,1,0,0,97.16532854629494,0.6096347051840344,0.0,
612,concession,P3,False,D3_safety_auth,False,False,False,1,0,0,97.16532854629494,0.6096347051840344,0.0,
612,concession,P3,False,D4b_master_data,False,False,False,1,0,0,97.16532854629494,0.6096347051840344,0.0,
612,concession,P3,False,D4c_spc,False,False,False,1,0,0,97.16532854629494,0.6096347051840344,0.0,
612,concession,P3,False,D4bc_process_aware,False,False,False,1,0,0,97.16532854629494,0.6096347051840344,0.0,
612,concession,P3,False,FULL_D3+D4bc,False,False,False,1,0,0,97.16532854629494,0.6096347051840344,0.0,
613,concession,P2,False,D0_none,False,False,False,0,0,0,70.57266989550294,0.7138397978164485,0.0,
613,concession,P2,False,D3_safety_auth,False,False,False,0,0,0,70.57266989550294,0.7138397978164485,0.0,
613,concession,P2,False,D4b_master_data,False,False,False,0,0,0,70.57266989550294,0.7138397978164485,0.0,
613,concession,P2,False,D4c_spc,False,False,False,0,0,0,70.57266989550294,0.7138397978164485,0.0,
613,concession,P2,False,D4bc_process_aware,False,False,False,0,0,0,70.57266989550294,0.7138397978164485,0.0,
613,concession,P2,False,FULL_D3+D4bc,False,False,False,0,0,0,70.57266989550294,0.7138397978164485,0.0,
614,concession,P3,True,D0_none,False,False,False,0,0,0,96.42639992746258,0.6354893988145602,0.0,
614,concession,P3,True,D3_safety_auth,False,False,False,0,0,0,96.42639992746258,0.6354893988145602,0.0,
614,concession,P3,True,D4b_master_data,True,False,False,0,0,0,111.42639992746258,0.5499410818230407,15.0,feed outside quality window / no concession
614,concession,P3,True,D4c_spc,False,False,False,0,0,0,96.42639992746258,0.6354893988145602,0.0,
614,concession,P3,True,D4bc_process_aware,True,False,False,0,0,0,111.42639992746258,0.5499410818230407,15.0,feed outside quality window / no concession
614,concession,P3,True,FULL_D3+D4bc,True,False,False,0,0,0,111.42639992746258,0.5499410818230407,15.0,feed outside quality window / no concession
615,concession,P2,False,D0_none,False,False,False,0,0,0,70.14804203783665,0.7181608915384977,0.0,
615,concession,P2,False,D3_safety_auth,False,False,False,0,0,0,70.14804203783665,0.7181608915384977,0.0,
615,concession,P2,False,D4b_master_data,False,False,False,0,0,0,70.14804203783665,0.7181608915384977,0.0,
615,concession,P2,False,D4c_spc,False,False,False,0,0,0,70.14804203783665,0.7181608915384977,0.0,
615,concession,P2,False,D4bc_process_aware,False,False,False,0,0,0,70.14804203783665,0.7181608915384977,0.0,
615,concession,P2,False,FULL_D3+D4bc,False,False,False,0,0,0,70.14804203783665,0.7181608915384977,0.0,
616,concession,P2,False,D0_none,False,False,False,0,0,0,70.127038194353,0.7183759888725694,0.0,
616,concession,P2,False,D3_safety_auth,False,False,False,0,0,0,70.127038194353,0.7183759888725694,0.0,
616,concession,P2,False,D4b_master_data,False,False,False,0,0,0,70.127038194353,0.7183759888725694,0.0,
616,concession,P2,False,D4c_spc,False,False,False,0,0,0,70.127038194353,0.7183759888725694,0.0,
616,concession,P2,False,D4bc_process_aware,False,False,False,0,0,0,70.127038194353,0.7183759888725694,0.0,
616,concession,P2,False,FULL_D3+D4bc,False,False,False,0,0,0,70.127038194353,0.7183759888725694,0.0,
617,concession,P2,False,D0_none,False,False,False,0,0,0,70.31572361013501,0.7164482966696167,0.0,
617,concession,P2,False,D3_safety_auth,False,False,False,0,0,0,70.31572361013501,0.7164482966696167,0.0,
617,concession,P2,False,D4b_master_data,False,False,False,0,0,0,70.31572361013501,0.7164482966696167,0.0,
617,concession,P2,False,D4c_spc,False,False,False,0,0,0,70.31572361013501,0.7164482966696167,0.0,
617,concession,P2,False,D4bc_process_aware,False,False,False,0,0,0,70.31572361013501,0.7164482966696167,0.0,
617,concession,P2,False,FULL_D3+D4bc,False,False,False,0,0,0,70.31572361013501,0.7164482966696167,0.0,
618,concession,P3,False,D0_none,False,False,False,2,0,0,96.76770038687143,0.5910314877428313,0.0,
618,concession,P3,False,D3_safety_auth,False,False,False,2,0,0,96.76770038687143,0.5910314877428313,0.0,
618,concession,P3,False,D4b_master_data,False,False,False,2,0,0,96.76770038687143,0.5910314877428313,0.0,
618,concession,P3,False,D4c_spc,False,False,False,2,0,0,96.76770038687143,0.5910314877428313,0.0,
618,concession,P3,False,D4bc_process_aware,False,False,False,2,0,0,96.76770038687143,0.5910314877428313,0.0,
618,concession,P3,False,FULL_D3+D4bc,False,False,False,2,0,0,96.76770038687143,0.5910314877428313,0.0,
619,concession,P1,True,D0_none,False,False,False,0,0,0,90.72873701495905,0.6706756637812129,0.0,
619,concession,P1,True,D3_safety_auth,False,False,False,0,0,0,90.72873701495905,0.6706756637812129,0.0,
619,concession,P1,True,D4b_master_data,True,False,False,0,0,0,105.72873701495905,0.5755252322074882,15.0,feed outside quality window / no concession
619,concession,P1,True,D4c_spc,False,False,False,0,0,0,90.72873701495905,0.6706756637812129,0.0,
619,concession,P1,True,D4bc_process_aware,True,False,False,0,0,0,105.72873701495905,0.5755252322074882,15.0,feed outside quality window / no concession
619,concession,P1,True,FULL_D3+D4bc,True,False,False,0,0,0,105.72873701495905,0.5755252322074882,15.0,feed outside quality window / no concession
620,concession,P3,False,D0_none,False,False,False,0,0,0,96.62555878377647,0.6341795658525514,0.0,
620,concession,P3,False,D3_safety_auth,False,False,False,0,0,0,96.62555878377647,0.6341795658525514,0.0,
620,concession,P3,False,D4b_master_data,False,False,False,0,0,0,96.62555878377647,0.6341795658525514,0.0,
620,concession,P3,False,D4c_spc,False,False,False,0,0,0,96.62555878377647,0.6341795658525514,0.0,
620,concession,P3,False,D4bc_process_aware,False,False,False,0,0,0,96.62555878377647,0.6341795658525514,0.0,
620,concession,P3,False,FULL_D3+D4bc,False,False,False,0,0,0,96.62555878377647,0.6341795658525514,0.0,
621,concession,P2,False,D0_none,False,False,False,0,0,0,70.10413103751388,0.7186107247034401,0.0,
621,concession,P2,False,D3_safety_auth,False,False,False,0,0,0,70.10413103751388,0.7186107247034401,0.0,
621,concession,P2,False,D4b_master_data,False,False,False,0,0,0,70.10413103751388,0.7186107247034401,0.0,
621,concession,P2,False,D4c_spc,False,False,False,0,0,0,70.10413103751388,0.7186107247034401,0.0,
621,concession,P2,False,D4bc_process_aware,False,False,False,0,0,0,70.10413103751388,0.7186107247034401,0.0,
621,concession,P2,False,FULL_D3+D4bc,False,False,False,0,0,0,70.10413103751388,0.7186107247034401,0.0,
622,concession,P2,False,D0_none,False,False,False,0,0,0,70.35422693411128,0.7160562002444119,0.0,
622,concession,P2,False,D3_safety_auth,False,False,False,0,0,0,70.35422693411128,0.7160562002444119,0.0,
622,concession,P2,False,D4b_master_data,False,False,False,0,0,0,70.35422693411128,0.7160562002444119,0.0,
622,concession,P2,False,D4c_spc,False,False,False,0,0,0,70.35422693411128,0.7160562002444119,0.0,
622,concession,P2,False,D4bc_process_aware,False,False,False,0,0,0,70.35422693411128,0.7160562002444119,0.0,
622,concession,P2,False,FULL_D3+D4bc,False,False,False,0,0,0,70.35422693411128,0.7160562002444119,0.0,
623,concession,P3,False,D0_none,False,False,False,0,0,0,96.58536366682375,0.6344434870187687,0.0,
623,concession,P3,False,D3_safety_auth,False,False,False,0,0,0,96.58536366682375,0.6344434870187687,0.0,
623,concession,P3,False,D4b_master_data,False,False,False,0,0,0,96.58536366682375,0.6344434870187687,0.0,
623,concession,P3,False,D4c_spc,False,False,False,0,0,0,96.58536366682375,0.6344434870187687,0.0,
623,concession,P3,False,D4bc_process_aware,False,False,False,0,0,0,96.58536366682375,0.6344434870187687,0.0,
623,concession,P3,False,FULL_D3+D4bc,False,False,False,0,0,0,96.58536366682375,0.6344434870187687,0.0,
624,concession,P1,False,D0_none,False,False,False,1,0,0,90.99373119639108,0.6464317554345295,0.0,
624,concession,P1,False,D3_safety_auth,False,False,False,1,0,0,90.99373119639108,0.6464317554345295,0.0,
624,concession,P1,False,D4b_master_data,False,False,False,1,0,0,90.99373119639108,0.6464317554345295,0.0,
624,concession,P1,False,D4c_spc,False,False,False,1,0,0,90.99373119639108,0.6464317554345295,0.0,
624,concession,P1,False,D4bc_process_aware,False,False,False,1,0,0,90.99373119639108,0.6464317554345295,0.0,
624,concession,P1,False,FULL_D3+D4bc,False,False,False,1,0,0,90.99373119639108,0.6464317554345295,0.0,
625,concession,P3,False,D0_none,False,False,False,0,0,0,96.15502106318633,0.63728294416875,0.0,
625,concession,P3,False,D3_safety_auth,False,False,False,0,0,0,96.15502106318633,0.63728294416875,0.0,
625,concession,P3,False,D4b_master_data,False,False,False,0,0,0,96.15502106318633,0.63728294416875,0.0,
625,concession,P3,False,D4c_spc,False,False,False,0,0,0,96.15502106318633,0.63728294416875,0.0,
625,concession,P3,False,D4bc_process_aware,False,False,False,0,0,0,96.15502106318633,0.63728294416875,0.0,
625,concession,P3,False,FULL_D3+D4bc,False,False,False,0,0,0,96.15502106318633,0.63728294416875,0.0,
626,concession,P2,False,D0_none,False,False,False,0,0,0,70.40954395796773,0.7154936330740418,0.0,
626,concession,P2,False,D3_safety_auth,False,False,False,0,0,0,70.40954395796773,0.7154936330740418,0.0,
626,concession,P2,False,D4b_master_data,False,False,False,0,0,0,70.40954395796773,0.7154936330740418,0.0,
626,concession,P2,False,D4c_spc,False,False,False,0,0,0,70.40954395796773,0.7154936330740418,0.0,
626,concession,P2,False,D4bc_process_aware,False,False,False,0,0,0,70.40954395796773,0.7154936330740418,0.0,
626,concession,P2,False,FULL_D3+D4bc,False,False,False,0,0,0,70.40954395796773,0.7154936330740418,0.0,
627,concession,P2,False,D0_none,False,False,False,0,0,0,70.26450381833233,0.7169705565675544,0.0,
627,concession,P2,False,D3_safety_auth,False,False,False,0,0,0,70.26450381833233,0.7169705565675544,0.0,
627,concession,P2,False,D4b_master_data,False,False,False,0,0,0,70.26450381833233,0.7169705565675544,0.0,
627,concession,P2,False,D4c_spc,False,False,False,0,0,0,70.26450381833233,0.7169705565675544,0.0,
627,concession,P2,False,D4bc_process_aware,False,False,False,0,0,0,70.26450381833233,0.7169705565675544,0.0,
627,concession,P2,False,FULL_D3+D4bc,False,False,False,0,0,0,70.26450381833233,0.7169705565675544,0.0,
628,concession,P1,False,D0_none,False,False,False,2,0,0,90.88037991276786,0.6249194701278307,0.0,
628,concession,P1,False,D3_safety_auth,False,False,False,2,0,0,90.88037991276786,0.6249194701278307,0.0,
628,concession,P1,False,D4b_master_data,False,False,False,2,0,0,90.88037991276786,0.6249194701278307,0.0,
628,concession,P1,False,D4c_spc,False,False,False,2,0,0,90.88037991276786,0.6249194701278307,0.0,
628,concession,P1,False,D4bc_process_aware,False,False,False,2,0,0,90.88037991276786,0.6249194701278307,0.0,
628,concession,P1,False,FULL_D3+D4bc,False,False,False,2,0,0,90.88037991276786,0.6249194701278307,0.0,
629,concession,P1,False,D0_none,False,False,False,1,0,0,90.77891514732366,0.6479614489263366,0.0,
629,concession,P1,False,D3_safety_auth,False,False,False,1,0,0,90.77891514732366,0.6479614489263366,0.0,
629,concession,P1,False,D4b_master_data,False,False,False,1,0,0,90.77891514732366,0.6479614489263366,0.0,
629,concession,P1,False,D4c_spc,False,False,False,1,0,0,90.77891514732366,0.6479614489263366,0.0,
629,concession,P1,False,D4bc_process_aware,False,False,False,1,0,0,90.77891514732366,0.6479614489263366,0.0,
629,concession,P1,False,FULL_D3+D4bc,False,False,False,1,0,0,90.77891514732366,0.6479614489263366,0.0,
630,concession,P3,False,D0_none,False,False,False,0,0,0,96.56533477882057,0.63457507872893,0.0,
630,concession,P3,False,D3_safety_auth,False,False,False,0,0,0,96.56533477882057,0.63457507872893,0.0,
630,concession,P3,False,D4b_master_data,False,False,False,0,0,0,96.56533477882057,0.63457507872893,0.0,
630,concession,P3,False,D4c_spc,False,False,False,0,0,0,96.56533477882057,0.63457507872893,0.0,
630,concession,P3,False,D4bc_process_aware,False,False,False,0,0,0,96.56533477882057,0.63457507872893,0.0,
630,concession,P3,False,FULL_D3+D4bc,False,False,False,0,0,0,96.56533477882057,0.63457507872893,0.0,
631,concession,P2,False,D0_none,False,False,False,0,0,0,70.56773177419548,0.7138897502157546,0.0,
631,concession,P2,False,D3_safety_auth,False,False,False,0,0,0,70.56773177419548,0.7138897502157546,0.0,
631,concession,P2,False,D4b_master_data,False,False,False,0,0,0,70.56773177419548,0.7138897502157546,0.0,
631,concession,P2,False,D4c_spc,False,False,False,0,0,0,70.56773177419548,0.7138897502157546,0.0,
631,concession,P2,False,D4bc_process_aware,False,False,False,0,0,0,70.56773177419548,0.7138897502157546,0.0,
631,concession,P2,False,FULL_D3+D4bc,False,False,False,0,0,0,70.56773177419548,0.7138897502157546,0.0,
632,concession,P3,False,D0_none,False,False,False,1,0,0,96.80873433695659,0.6118802898120046,0.0,
632,concession,P3,False,D3_safety_auth,False,False,False,1,0,0,96.80873433695659,0.6118802898120046,0.0,
632,concession,P3,False,D4b_master_data,False,False,False,1,0,0,96.80873433695659,0.6118802898120046,0.0,
632,concession,P3,False,D4c_spc,False,False,False,1,0,0,96.80873433695659,0.6118802898120046,0.0,
632,concession,P3,False,D4bc_process_aware,False,False,False,1,0,0,96.80873433695659,0.6118802898120046,0.0,
632,concession,P3,False,FULL_D3+D4bc,False,False,False,1,0,0,96.80873433695659,0.6118802898120046,0.0,
633,concession,P2,False,D0_none,False,False,False,0,0,0,70.25789565454359,0.7170379918191423,0.0,
633,concession,P2,False,D3_safety_auth,False,False,False,0,0,0,70.25789565454359,0.7170379918191423,0.0,
633,concession,P2,False,D4b_master_data,False,False,False,0,0,0,70.25789565454359,0.7170379918191423,0.0,
633,concession,P2,False,D4c_spc,False,False,False,0,0,0,70.25789565454359,0.7170379918191423,0.0,
633,concession,P2,False,D4bc_process_aware,False,False,False,0,0,0,70.25789565454359,0.7170379918191423,0.0,
633,concession,P2,False,FULL_D3+D4bc,False,False,False,0,0,0,70.25789565454359,0.7170379918191423,0.0,
634,concession,P2,False,D0_none,False,False,False,0,0,0,70.47792964880522,0.7147993798995883,0.0,
634,concession,P2,False,D3_safety_auth,False,False,False,0,0,0,70.47792964880522,0.7147993798995883,0.0,
634,concession,P2,False,D4b_master_data,False,False,False,0,0,0,70.47792964880522,0.7147993798995883,0.0,
634,concession,P2,False,D4c_spc,False,False,False,0,0,0,70.47792964880522,0.7147993798995883,0.0,
634,concession,P2,False,D4bc_process_aware,False,False,False,0,0,0,70.47792964880522,0.7147993798995883,0.0,
634,concession,P2,False,FULL_D3+D4bc,False,False,False,0,0,0,70.47792964880522,0.7147993798995883,0.0,
635,concession,P1,False,D0_none,False,False,False,3,0,0,90.83961521405195,0.6028713375804059,0.0,
635,concession,P1,False,D3_safety_auth,False,False,False,3,0,0,90.83961521405195,0.6028713375804059,0.0,
635,concession,P1,False,D4b_master_data,False,False,False,3,0,0,90.83961521405195,0.6028713375804059,0.0,
635,concession,P1,False,D4c_spc,False,False,False,3,0,0,90.83961521405195,0.6028713375804059,0.0,
635,concession,P1,False,D4bc_process_aware,False,False,False,3,0,0,90.83961521405195,0.6028713375804059,0.0,
635,concession,P1,False,FULL_D3+D4bc,False,False,False,3,0,0,90.83961521405195,0.6028713375804059,0.0,
636,concession,P1,False,D0_none,False,False,False,0,0,0,90.90085244951234,0.6694057787338736,0.0,
636,concession,P1,False,D3_safety_auth,False,False,False,0,0,0,90.90085244951234,0.6694057787338736,0.0,
636,concession,P1,False,D4b_master_data,False,False,False,0,0,0,90.90085244951234,0.6694057787338736,0.0,
636,concession,P1,False,D4c_spc,False,False,False,0,0,0,90.90085244951234,0.6694057787338736,0.0,
636,concession,P1,False,D4bc_process_aware,False,False,False,0,0,0,90.90085244951234,0.6694057787338736,0.0,
636,concession,P1,False,FULL_D3+D4bc,False,False,False,0,0,0,90.90085244951234,0.6694057787338736,0.0,
637,concession,P2,False,D0_none,False,False,False,0,0,0,70.56773177419548,0.7138897502157546,0.0,
637,concession,P2,False,D3_safety_auth,False,False,False,0,0,0,70.56773177419548,0.7138897502157546,0.0,
637,concession,P2,False,D4b_master_data,False,False,False,0,0,0,70.56773177419548,0.7138897502157546,0.0,
637,concession,P2,False,D4c_spc,False,False,False,0,0,0,70.56773177419548,0.7138897502157546,0.0,
637,concession,P2,False,D4bc_process_aware,False,False,False,0,0,0,70.56773177419548,0.7138897502157546,0.0,
637,concession,P2,False,FULL_D3+D4bc,False,False,False,0,0,0,70.56773177419548,0.7138897502157546,0.0,
638,concession,P1,False,D0_none,False,False,False,2,0,0,91.02496720352585,0.6239268258467767,0.0,
638,concession,P1,False,D3_safety_auth,False,False,False,2,0,0,91.02496720352585,0.6239268258467767,0.0,
638,concession,P1,False,D4b_master_data,False,False,False,2,0,0,91.02496720352585,0.6239268258467767,0.0,
638,concession,P1,False,D4c_spc,False,False,False,2,0,0,91.02496720352585,0.6239268258467767,0.0,
638,concession,P1,False,D4bc_process_aware,False,False,False,2,0,0,91.02496720352585,0.6239268258467767,0.0,
638,concession,P1,False,FULL_D3+D4bc,False,False,False,2,0,0,91.02496720352585,0.6239268258467767,0.0,
639,concession,P2,False,D0_none,False,False,False,0,0,0,70.32247802387094,0.716379482424839,0.0,
639,concession,P2,False,D3_safety_auth,False,False,False,0,0,0,70.32247802387094,0.716379482424839,0.0,
639,concession,P2,False,D4b_master_data,False,False,False,0,0,0,70.32247802387094,0.716379482424839,0.0,
639,concession,P2,False,D4c_spc,False,False,False,0,0,0,70.32247802387094,0.716379482424839,0.0,
639,concession,P2,False,D4bc_process_aware,False,False,False,0,0,0,70.32247802387094,0.716379482424839,0.0,
639,concession,P2,False,FULL_D3+D4bc,False,False,False,0,0,0,70.32247802387094,0.716379482424839,0.0,
640,concession,P2,False,D0_none,False,False,False,0,0,0,70.39792552163196,0.7156117177642215,0.0,
640,concession,P2,False,D3_safety_auth,False,False,False,0,0,0,70.39792552163196,0.7156117177642215,0.0,
640,concession,P2,False,D4b_master_data,False,False,False,0,0,0,70.39792552163196,0.7156117177642215,0.0,
640,concession,P2,False,D4c_spc,False,False,False,0,0,0,70.39792552163196,0.7156117177642215,0.0,
640,concession,P2,False,D4bc_process_aware,False,False,False,0,0,0,70.39792552163196,0.7156117177642215,0.0,
640,concession,P2,False,FULL_D3+D4bc,False,False,False,0,0,0,70.39792552163196,0.7156117177642215,0.0,
641,concession,P1,False,D0_none,False,False,False,0,0,0,90.90085244951234,0.6694057787338736,0.0,
641,concession,P1,False,D3_safety_auth,False,False,False,0,0,0,90.90085244951234,0.6694057787338736,0.0,
641,concession,P1,False,D4b_master_data,False,False,False,0,0,0,90.90085244951234,0.6694057787338736,0.0,
641,concession,P1,False,D4c_spc,False,False,False,0,0,0,90.90085244951234,0.6694057787338736,0.0,
641,concession,P1,False,D4bc_process_aware,False,False,False,0,0,0,90.90085244951234,0.6694057787338736,0.0,
641,concession,P1,False,FULL_D3+D4bc,False,False,False,0,0,0,90.90085244951234,0.6694057787338736,0.0,
642,concession,P2,False,D0_none,False,False,False,1,0,0,70.33830527372946,0.6923443426698815,0.0,
642,concession,P2,False,D3_safety_auth,False,False,False,1,0,0,70.33830527372946,0.6923443426698815,0.0,
642,concession,P2,False,D4b_master_data,False,False,False,1,0,0,70.33830527372946,0.6923443426698815,0.0,
642,concession,P2,False,D4c_spc,False,True,True,1,0,0,87.33830527372946,0.5575826961220152,17.0,
642,concession,P2,False,D4bc_process_aware,False,True,True,1,0,0,87.33830527372946,0.5575826961220152,17.0,
642,concession,P2,False,FULL_D3+D4bc,False,True,True,1,0,0,87.33830527372946,0.5575826961220152,17.0,
643,concession,P1,False,D0_none,False,False,False,0,0,0,91.17259843724722,0.6674105703307407,0.0,
643,concession,P1,False,D3_safety_auth,False,False,False,0,0,0,91.17259843724722,0.6674105703307407,0.0,
643,concession,P1,False,D4b_master_data,False,False,False,0,0,0,91.17259843724722,0.6674105703307407,0.0,
643,concession,P1,False,D4c_spc,False,False,False,0,0,0,91.17259843724722,0.6674105703307407,0.0,
643,concession,P1,False,D4bc_process_aware,False,False,False,0,0,0,91.17259843724722,0.6674105703307407,0.0,
643,concession,P1,False,FULL_D3+D4bc,False,False,False,0,0,0,91.17259843724722,0.6674105703307407,0.0,
644,concession,P3,False,D0_none,False,False,False,0,0,0,97.08014529402635,0.6312099630069896,0.0,
644,concession,P3,False,D3_safety_auth,False,False,False,0,0,0,97.08014529402635,0.6312099630069896,0.0,
644,concession,P3,False,D4b_master_data,False,False,False,0,0,0,97.08014529402635,0.6312099630069896,0.0,
644,concession,P3,False,D4c_spc,False,False,False,0,0,0,97.08014529402635,0.6312099630069896,0.0,
644,concession,P3,False,D4bc_process_aware,False,False,False,0,0,0,97.08014529402635,0.6312099630069896,0.0,
644,concession,P3,False,FULL_D3+D4bc,False,False,False,0,0,0,97.08014529402635,0.6312099630069896,0.0,
645,concession,P2,False,D0_none,False,False,False,0,0,0,70.1501518911308,0.7181392919541504,0.0,
645,concession,P2,False,D3_safety_auth,False,False,False,0,0,0,70.1501518911308,0.7181392919541504,0.0,
645,concession,P2,False,D4b_master_data,False,False,False,0,0,0,70.1501518911308,0.7181392919541504,0.0,
645,concession,P2,False,D4c_spc,False,False,False,0,0,0,70.1501518911308,0.7181392919541504,0.0,
645,concession,P2,False,D4bc_process_aware,False,False,False,0,0,0,70.1501518911308,0.7181392919541504,0.0,
645,concession,P2,False,FULL_D3+D4bc,False,False,False,0,0,0,70.1501518911308,0.7181392919541504,0.0,
646,concession,P2,False,D0_none,False,False,False,0,0,0,70.5358460856208,0.7142124636659399,0.0,
646,concession,P2,False,D3_safety_auth,False,False,False,0,0,0,70.5358460856208,0.7142124636659399,0.0,
646,concession,P2,False,D4b_master_data,False,False,False,0,0,0,70.5358460856208,0.7142124636659399,0.0,
646,concession,P2,False,D4c_spc,False,False,False,0,0,0,70.5358460856208,0.7142124636659399,0.0,
646,concession,P2,False,D4bc_process_aware,False,False,False,0,0,0,70.5358460856208,0.7142124636659399,0.0,
646,concession,P2,False,FULL_D3+D4bc,False,False,False,0,0,0,70.5358460856208,0.7142124636659399,0.0,
647,concession,P3,False,D0_none,False,False,False,0,0,0,96.32849880427463,0.6361352629844607,0.0,
647,concession,P3,False,D3_safety_auth,False,False,False,0,0,0,96.32849880427463,0.6361352629844607,0.0,
647,concession,P3,False,D4b_master_data,False,False,False,0,0,0,96.32849880427463,0.6361352629844607,0.0,
647,concession,P3,False,D4c_spc,False,False,False,0,0,0,96.32849880427463,0.6361352629844607,0.0,
647,concession,P3,False,D4bc_process_aware,False,False,False,0,0,0,96.32849880427463,0.6361352629844607,0.0,
647,concession,P3,False,FULL_D3+D4bc,False,False,False,0,0,0,96.32849880427463,0.6361352629844607,0.0,
648,concession,P2,False,D0_none,False,False,False,0,0,0,70.52367939092714,0.714335679088999,0.0,
648,concession,P2,False,D3_safety_auth,False,False,False,0,0,0,70.52367939092714,0.714335679088999,0.0,
648,concession,P2,False,D4b_master_data,False,False,False,0,0,0,70.52367939092714,0.714335679088999,0.0,
648,concession,P2,False,D4c_spc,False,False,False,0,0,0,70.52367939092714,0.714335679088999,0.0,
648,concession,P2,False,D4bc_process_aware,False,False,False,0,0,0,70.52367939092714,0.714335679088999,0.0,
648,concession,P2,False,FULL_D3+D4bc,False,False,False,0,0,0,70.52367939092714,0.714335679088999,0.0,
649,concession,P2,False,D0_none,False,False,False,0,0,0,70.4470613846377,0.7151125883663694,0.0,
649,concession,P2,False,D3_safety_auth,False,False,False,0,0,0,70.4470613846377,0.7151125883663694,0.0,
649,concession,P2,False,D4b_master_data,False,False,False,0,0,0,70.4470613846377,0.7151125883663694,0.0,
649,concession,P2,False,D4c_spc,False,False,False,0,0,0,70.4470613846377,0.7151125883663694,0.0,
649,concession,P2,False,D4bc_process_aware,False,False,False,0,0,0,70.4470613846377,0.7151125883663694,0.0,
649,concession,P2,False,FULL_D3+D4bc,False,False,False,0,0,0,70.4470613846377,0.7151125883663694,0.0,
650,concession,P3,False,D0_none,False,False,False,0,0,0,96.82932246913815,0.6328450241845524,0.0,
650,concession,P3,False,D3_safety_auth,False,False,False,0,0,0,96.82932246913815,0.6328450241845524,0.0,
650,concession,P3,False,D4b_master_data,False,False,False,0,0,0,96.82932246913815,0.6328450241845524,0.0,
650,concession,P3,False,D4c_spc,False,False,False,0,0,0,96.82932246913815,0.6328450241845524,0.0,
650,concession,P3,False,D4bc_process_aware,False,False,False,0,0,0,96.82932246913815,0.6328450241845524,0.0,
650,concession,P3,False,FULL_D3+D4bc,False,False,False,0,0,0,96.82932246913815,0.6328450241845524,0.0,
651,concession,P1,False,D0_none,False,False,False,2,0,0,90.90085244951234,0.6247787268182821,0.0,
651,concession,P1,False,D3_safety_auth,False,False,False,2,0,0,90.90085244951234,0.6247787268182821,0.0,
651,concession,P1,False,D4b_master_data,False,False,False,2,0,0,90.90085244951234,0.6247787268182821,0.0,
651,concession,P1,False,D4c_spc,False,False,False,2,0,0,90.90085244951234,0.6247787268182821,0.0,
651,concession,P1,False,D4bc_process_aware,False,False,False,2,0,0,90.90085244951234,0.6247787268182821,0.0,
651,concession,P1,False,FULL_D3+D4bc,False,False,False,2,0,0,90.90085244951234,0.6247787268182821,0.0,
652,concession,P3,False,D0_none,False,False,False,0,0,0,96.40673130451965,0.6356190495267084,0.0,
652,concession,P3,False,D3_safety_auth,False,False,False,0,0,0,96.40673130451965,0.6356190495267084,0.0,
652,concession,P3,False,D4b_master_data,False,False,False,0,0,0,96.40673130451965,0.6356190495267084,0.0,
652,concession,P3,False,D4c_spc,False,False,False,0,0,0,96.40673130451965,0.6356190495267084,0.0,
652,concession,P3,False,D4bc_process_aware,False,False,False,0,0,0,96.40673130451965,0.6356190495267084,0.0,
652,concession,P3,False,FULL_D3+D4bc,False,False,False,0,0,0,96.40673130451965,0.6356190495267084,0.0,
653,concession,P2,False,D0_none,False,False,False,0,0,0,70.27777010262876,0.716835214549421,0.0,
653,concession,P2,False,D3_safety_auth,False,False,False,0,0,0,70.27777010262876,0.716835214549421,0.0,
653,concession,P2,False,D4b_master_data,False,False,False,0,0,0,70.27777010262876,0.716835214549421,0.0,
653,concession,P2,False,D4c_spc,False,True,False,0,0,0,85.27777010262876,0.5907469244205747,17.0,
653,concession,P2,False,D4bc_process_aware,False,True,False,0,0,0,85.27777010262876,0.5907469244205747,17.0,
653,concession,P2,False,FULL_D3+D4bc,False,True,False,0,0,0,85.27777010262876,0.5907469244205747,17.0,
654,concession,P1,False,D0_none,False,False,False,0,0,0,91.20463897629145,0.6671761064407759,0.0,
654,concession,P1,False,D3_safety_auth,False,False,False,0,0,0,91.20463897629145,0.6671761064407759,0.0,
654,concession,P1,False,D4b_master_data,False,False,False,0,0,0,91.20463897629145,0.6671761064407759,0.0,
654,concession,P1,False,D4c_spc,False,False,False,0,0,0,91.20463897629145,0.6671761064407759,0.0,
654,concession,P1,False,D4bc_process_aware,False,False,False,0,0,0,91.20463897629145,0.6671761064407759,0.0,
654,concession,P1,False,FULL_D3+D4bc,False,False,False,0,0,0,91.20463897629145,0.6671761064407759,0.0,
655,concession,P2,False,D0_none,False,False,False,0,0,0,70.19271512990049,0.7177038288993766,0.0,
655,concession,P2,False,D3_safety_auth,False,False,False,0,0,0,70.19271512990049,0.7177038288993766,0.0,
655,concession,P2,False,D4b_master_data,False,False,False,0,0,0,70.19271512990049,0.7177038288993766,0.0,
655,concession,P2,False,D4c_spc,False,False,False,0,0,0,70.19271512990049,0.7177038288993766,0.0,
655,concession,P2,False,D4bc_process_aware,False,False,False,0,0,0,70.19271512990049,0.7177038288993766,0.0,
655,concession,P2,False,FULL_D3+D4bc,False,False,False,0,0,0,70.19271512990049,0.7177038288993766,0.0,
656,concession,P2,False,D0_none,False,False,False,0,0,0,70.3565092132818,0.7160329722564259,0.0,
656,concession,P2,False,D3_safety_auth,False,False,False,0,0,0,70.3565092132818,0.7160329722564259,0.0,
656,concession,P2,False,D4b_master_data,False,False,False,0,0,0,70.3565092132818,0.7160329722564259,0.0,
656,concession,P2,False,D4c_spc,False,False,False,0,0,0,70.3565092132818,0.7160329722564259,0.0,
656,concession,P2,False,D4bc_process_aware,False,False,False,0,0,0,70.3565092132818,0.7160329722564259,0.0,
656,concession,P2,False,FULL_D3+D4bc,False,False,False,0,0,0,70.3565092132818,0.7160329722564259,0.0,
657,concession,P1,False,D0_none,False,False,False,0,0,0,90.83961521405195,0.6698570417560065,0.0,
657,concession,P1,False,D3_safety_auth,False,False,False,0,0,0,90.83961521405195,0.6698570417560065,0.0,
657,concession,P1,False,D4b_master_data,False,False,False,0,0,0,90.83961521405195,0.6698570417560065,0.0,
657,concession,P1,False,D4c_spc,False,False,False,0,0,0,90.83961521405195,0.6698570417560065,0.0,
657,concession,P1,False,D4bc_process_aware,False,False,False,0,0,0,90.83961521405195,0.6698570417560065,0.0,
657,concession,P1,False,FULL_D3+D4bc,False,False,False,0,0,0,90.83961521405195,0.6698570417560065,0.0,
658,concession,P1,False,D0_none,False,False,False,0,0,0,91.09839635118837,0.6679541941326937,0.0,
658,concession,P1,False,D3_safety_auth,False,False,False,0,0,0,91.09839635118837,0.6679541941326937,0.0,
658,concession,P1,False,D4b_master_data,False,False,False,0,0,0,91.09839635118837,0.6679541941326937,0.0,
658,concession,P1,False,D4c_spc,False,False,False,0,0,0,91.09839635118837,0.6679541941326937,0.0,
658,concession,P1,False,D4bc_process_aware,False,False,False,0,0,0,91.09839635118837,0.6679541941326937,0.0,
658,concession,P1,False,FULL_D3+D4bc,False,False,False,0,0,0,91.09839635118837,0.6679541941326937,0.0,
659,concession,P2,False,D0_none,False,False,False,0,0,0,70.12494723260981,0.7183974091626264,0.0,
659,concession,P2,False,D3_safety_auth,False,False,False,0,0,0,70.12494723260981,0.7183974091626264,0.0,
659,concession,P2,False,D4b_master_data,False,False,False,0,0,0,70.12494723260981,0.7183974091626264,0.0,
659,concession,P2,False,D4c_spc,False,True,False,0,0,0,85.1249472326098,0.5918074788570801,17.0,
659,concession,P2,False,D4bc_process_aware,False,True,False,0,0,0,85.1249472326098,0.5918074788570801,17.0,
659,concession,P2,False,FULL_D3+D4bc,False,True,False,0,0,0,85.1249472326098,0.5918074788570801,17.0,
660,concession,P2,False,D0_none,False,False,False,0,0,0,70.18200850076666,0.7178133183381673,0.0,
660,concession,P2,False,D3_safety_auth,False,False,False,0,0,0,70.18200850076666,0.7178133183381673,0.0,
660,concession,P2,False,D4b_master_data,False,False,False,0,0,0,70.18200850076666,0.7178133183381673,0.0,
660,concession,P2,False,D4c_spc,False,False,False,0,0,0,70.18200850076666,0.7178133183381673,0.0,
660,concession,P2,False,D4bc_process_aware,False,False,False,0,0,0,70.18200850076666,0.7178133183381673,0.0,
660,concession,P2,False,FULL_D3+D4bc,False,False,False,0,0,0,70.18200850076666,0.7178133183381673,0.0,
661,concession,P1,False,D0_none,False,False,False,1,0,0,90.85996758936679,0.6473834291539474,0.0,
661,concession,P1,False,D3_safety_auth,False,False,False,1,0,0,90.85996758936679,0.6473834291539474,0.0,
661,concession,P1,False,D4b_master_data,False,False,False,1,0,0,90.85996758936679,0.6473834291539474,0.0,
661,concession,P1,False,D4c_spc,False,False,False,1,0,0,90.85996758936679,0.6473834291539474,0.0,
661,concession,P1,False,D4bc_process_aware,False,False,False,1,0,0,90.85996758936679,0.6473834291539474,0.0,
661,concession,P1,False,FULL_D3+D4bc,False,False,False,1,0,0,90.85996758936679,0.6473834291539474,0.0,
662,concession,P1,False,D0_none,False,False,False,1,0,0,90.95229897967336,0.6467262295807011,0.0,
662,concession,P1,False,D3_safety_auth,False,False,False,1,0,0,90.95229897967336,0.6467262295807011,0.0,
662,concession,P1,False,D4b_master_data,False,False,False,1,0,0,90.95229897967336,0.6467262295807011,0.0,
662,concession,P1,False,D4c_spc,False,False,False,1,0,0,90.95229897967336,0.6467262295807011,0.0,
662,concession,P1,False,D4bc_process_aware,False,False,False,1,0,0,90.95229897967336,0.6467262295807011,0.0,
662,concession,P1,False,FULL_D3+D4bc,False,False,False,1,0,0,90.95229897967336,0.6467262295807011,0.0,
663,concession,P1,False,D0_none,False,False,False,0,0,0,91.13010189020903,0.6677218027787194,0.0,
663,concession,P1,False,D3_safety_auth,False,False,False,0,0,0,91.13010189020903,0.6677218027787194,0.0,
663,concession,P1,False,D4b_master_data,False,False,False,0,0,0,91.13010189020903,0.6677218027787194,0.0,
663,concession,P1,False,D4c_spc,False,False,False,0,0,0,91.13010189020903,0.6677218027787194,0.0,
663,concession,P1,False,D4bc_process_aware,False,False,False,0,0,0,91.13010189020903,0.6677218027787194,0.0,
663,concession,P1,False,FULL_D3+D4bc,False,False,False,0,0,0,91.13010189020903,0.6677218027787194,0.0,
664,concession,P2,False,D0_none,False,False,False,0,0,0,70.16921868134894,0.7179441549484319,0.0,
664,concession,P2,False,D3_safety_auth,False,False,False,0,0,0,70.16921868134894,0.7179441549484319,0.0,
664,concession,P2,False,D4b_master_data,False,False,False,0,0,0,70.16921868134894,0.7179441549484319,0.0,
664,concession,P2,False,D4c_spc,False,False,False,0,0,0,70.16921868134894,0.7179441549484319,0.0,
664,concession,P2,False,D4bc_process_aware,False,False,False,0,0,0,70.16921868134894,0.7179441549484319,0.0,
664,concession,P2,False,FULL_D3+D4bc,False,False,False,0,0,0,70.16921868134894,0.7179441549484319,0.0,
665,concession,P2,False,D0_none,False,False,False,0,0,0,70.10828073754435,0.7185681902279855,0.0,
665,concession,P2,False,D3_safety_auth,False,False,False,0,0,0,70.10828073754435,0.7185681902279855,0.0,
665,concession,P2,False,D4b_master_data,False,False,False,0,0,0,70.10828073754435,0.7185681902279855,0.0,
665,concession,P2,False,D4c_spc,False,False,False,0,0,0,70.10828073754435,0.7185681902279855,0.0,
665,concession,P2,False,D4bc_process_aware,False,False,False,0,0,0,70.10828073754435,0.7185681902279855,0.0,
665,concession,P2,False,FULL_D3+D4bc,False,False,False,0,0,0,70.10828073754435,0.7185681902279855,0.0,
666,concession,P2,False,D0_none,False,False,False,0,0,0,70.393292109167,0.7156588206081689,0.0,
666,concession,P2,False,D3_safety_auth,False,False,False,0,0,0,70.393292109167,0.7156588206081689,0.0,
666,concession,P2,False,D4b_master_data,False,False,False,0,0,0,70.393292109167,0.7156588206081689,0.0,
666,concession,P2,False,D4c_spc,False,False,False,0,0,0,70.393292109167,0.7156588206081689,0.0,
666,concession,P2,False,D4bc_process_aware,False,False,False,0,0,0,70.393292109167,0.7156588206081689,0.0,
666,concession,P2,False,FULL_D3+D4bc,False,False,False,0,0,0,70.393292109167,0.7156588206081689,0.0,
667,concession,P3,False,D0_none,False,False,False,1,0,0,96.27028436260295,0.6153026015724626,0.0,
667,concession,P3,False,D3_safety_auth,False,False,False,1,0,0,96.27028436260295,0.6153026015724626,0.0,
667,concession,P3,False,D4b_master_data,False,False,False,1,0,0,96.27028436260295,0.6153026015724626,0.0,
667,concession,P3,False,D4c_spc,False,False,False,1,0,0,96.27028436260295,0.6153026015724626,0.0,
667,concession,P3,False,D4bc_process_aware,False,False,False,1,0,0,96.27028436260295,0.6153026015724626,0.0,
667,concession,P3,False,FULL_D3+D4bc,False,False,False,1,0,0,96.27028436260295,0.6153026015724626,0.0,
668,concession,P2,False,D0_none,False,False,False,0,0,0,70.367949856625,0.7159165573562583,0.0,
668,concession,P2,False,D3_safety_auth,False,False,False,0,0,0,70.367949856625,0.7159165573562583,0.0,
668,concession,P2,False,D4b_master_data,False,False,False,0,0,0,70.367949856625,0.7159165573562583,0.0,
668,concession,P2,False,D4c_spc,False,False,False,0,0,0,70.367949856625,0.7159165573562583,0.0,
668,concession,P2,False,D4bc_process_aware,False,False,False,0,0,0,70.367949856625,0.7159165573562583,0.0,
668,concession,P2,False,FULL_D3+D4bc,False,False,False,0,0,0,70.367949856625,0.7159165573562583,0.0,
669,concession,P2,False,D0_none,False,False,False,0,0,0,70.4946963770701,0.7146293692805968,0.0,
669,concession,P2,False,D3_safety_auth,False,False,False,0,0,0,70.4946963770701,0.7146293692805968,0.0,
669,concession,P2,False,D4b_master_data,False,False,False,0,0,0,70.4946963770701,0.7146293692805968,0.0,
669,concession,P2,False,D4c_spc,False,False,False,0,0,0,70.4946963770701,0.7146293692805968,0.0,
669,concession,P2,False,D4bc_process_aware,False,False,False,0,0,0,70.4946963770701,0.7146293692805968,0.0,
669,concession,P2,False,FULL_D3+D4bc,False,False,False,0,0,0,70.4946963770701,0.7146293692805968,0.0,
670,concession,P1,False,D0_none,False,False,False,0,0,0,91.04586879399304,0.6683395603508531,0.0,
670,concession,P1,False,D3_safety_auth,False,False,False,0,0,0,91.04586879399304,0.6683395603508531,0.0,
670,concession,P1,False,D4b_master_data,False,False,False,0,0,0,91.04586879399304,0.6683395603508531,0.0,
670,concession,P1,False,D4c_spc,False,False,False,0,0,0,91.04586879399304,0.6683395603508531,0.0,
670,concession,P1,False,D4bc_process_aware,False,False,False,0,0,0,91.04586879399304,0.6683395603508531,0.0,
670,concession,P1,False,FULL_D3+D4bc,False,False,False,0,0,0,91.04586879399304,0.6683395603508531,0.0,
671,concession,P3,False,D0_none,False,False,False,0,0,0,97.03785255649638,0.6314850679952849,0.0,
671,concession,P3,False,D3_safety_auth,False,False,False,0,0,0,97.03785255649638,0.6314850679952849,0.0,
671,concession,P3,False,D4b_master_data,False,False,False,0,0,0,97.03785255649638,0.6314850679952849,0.0,
671,concession,P3,False,D4c_spc,False,False,False,0,0,0,97.03785255649638,0.6314850679952849,0.0,
671,concession,P3,False,D4bc_process_aware,False,False,False,0,0,0,97.03785255649638,0.6314850679952849,0.0,
671,concession,P3,False,FULL_D3+D4bc,False,False,False,0,0,0,97.03785255649638,0.6314850679952849,0.0,
672,concession,P3,False,D0_none,False,False,False,2,0,0,96.6659380707954,0.591653679326205,0.0,
672,concession,P3,False,D3_safety_auth,False,False,False,2,0,0,96.6659380707954,0.591653679326205,0.0,
672,concession,P3,False,D4b_master_data,False,False,False,2,0,0,96.6659380707954,0.591653679326205,0.0,
672,concession,P3,False,D4c_spc,False,False,False,2,0,0,96.6659380707954,0.591653679326205,0.0,
672,concession,P3,False,D4bc_process_aware,False,False,False,2,0,0,96.6659380707954,0.591653679326205,0.0,
672,concession,P3,False,FULL_D3+D4bc,False,False,False,2,0,0,96.6659380707954,0.591653679326205,0.0,
673,concession,P2,False,D0_none,False,False,False,0,0,0,70.54317186341386,0.7141382940238946,0.0,
673,concession,P2,False,D3_safety_auth,False,False,False,0,0,0,70.54317186341386,0.7141382940238946,0.0,
673,concession,P2,False,D4b_master_data,False,False,False,0,0,0,70.54317186341386,0.7141382940238946,0.0,
673,concession,P2,False,D4c_spc,False,False,False,0,0,0,70.54317186341386,0.7141382940238946,0.0,
673,concession,P2,False,D4bc_process_aware,False,False,False,0,0,0,70.54317186341386,0.7141382940238946,0.0,
673,concession,P2,False,FULL_D3+D4bc,False,False,False,0,0,0,70.54317186341386,0.7141382940238946,0.0,
674,concession,P2,False,D0_none,False,False,False,0,0,0,70.32022464621473,0.7164024384595671,0.0,
674,concession,P2,False,D3_safety_auth,False,False,False,0,0,0,70.32022464621473,0.7164024384595671,0.0,
674,concession,P2,False,D4b_master_data,False,False,False,0,0,0,70.32022464621473,0.7164024384595671,0.0,
674,concession,P2,False,D4c_spc,False,False,False,0,0,0,70.32022464621473,0.7164024384595671,0.0,
674,concession,P2,False,D4bc_process_aware,False,False,False,0,0,0,70.32022464621473,0.7164024384595671,0.0,
674,concession,P2,False,FULL_D3+D4bc,False,False,False,0,0,0,70.32022464621473,0.7164024384595671,0.0,
675,concession,P1,False,D0_none,False,False,False,0,0,0,91.14070211668317,0.6676441426096973,0.0,
675,concession,P1,False,D3_safety_auth,False,False,False,0,0,0,91.14070211668317,0.6676441426096973,0.0,
675,concession,P1,False,D4b_master_data,False,False,False,0,0,0,91.14070211668317,0.6676441426096973,0.0,
675,concession,P1,False,D4c_spc,False,False,False,0,0,0,91.14070211668317,0.6676441426096973,0.0,
675,concession,P1,False,D4bc_process_aware,False,False,False,0,0,0,91.14070211668317,0.6676441426096973,0.0,
675,concession,P1,False,FULL_D3+D4bc,False,False,False,0,0,0,91.14070211668317,0.6676441426096973,0.0,
676,concession,P1,False,D0_none,False,False,False,2,0,0,90.73874338304572,0.6258949236309839,0.0,
676,concession,P1,False,D3_safety_auth,False,False,False,2,0,0,90.73874338304572,0.6258949236309839,0.0,
676,concession,P1,False,D4b_master_data,False,False,False,2,0,0,90.73874338304572,0.6258949236309839,0.0,
676,concession,P1,False,D4c_spc,False,False,False,2,0,0,90.73874338304572,0.6258949236309839,0.0,
676,concession,P1,False,D4bc_process_aware,False,False,False,2,0,0,90.73874338304572,0.6258949236309839,0.0,
676,concession,P1,False,FULL_D3+D4bc,False,False,False,2,0,0,90.73874338304572,0.6258949236309839,0.0,
677,concession,P3,False,D0_none,False,False,False,0,0,0,97.08014529402635,0.6312099630069896,0.0,
677,concession,P3,False,D3_safety_auth,False,False,False,0,0,0,97.08014529402635,0.6312099630069896,0.0,
677,concession,P3,False,D4b_master_data,False,False,False,0,0,0,97.08014529402635,0.6312099630069896,0.0,
677,concession,P3,False,D4c_spc,False,False,False,0,0,0,97.08014529402635,0.6312099630069896,0.0,
677,concession,P3,False,D4bc_process_aware,False,False,False,0,0,0,97.08014529402635,0.6312099630069896,0.0,
677,concession,P3,False,FULL_D3+D4bc,False,False,False,0,0,0,97.08014529402635,0.6312099630069896,0.0,
678,concession,P2,False,D0_none,False,False,False,0,0,0,70.23380700306502,0.7172839200838748,0.0,
678,concession,P2,False,D3_safety_auth,False,False,False,0,0,0,70.23380700306502,0.7172839200838748,0.0,
678,concession,P2,False,D4b_master_data,False,False,False,0,0,0,70.23380700306502,0.7172839200838748,0.0,
678,concession,P2,False,D4c_spc,False,False,False,0,0,0,70.23380700306502,0.7172839200838748,0.0,
678,concession,P2,False,D4bc_process_aware,False,False,False,0,0,0,70.23380700306502,0.7172839200838748,0.0,
678,concession,P2,False,FULL_D3+D4bc,False,False,False,0,0,0,70.23380700306502,0.7172839200838748,0.0,
679,concession,P2,False,D0_none,False,False,False,0,0,0,70.3451172328197,0.7161489296099856,0.0,
679,concession,P2,False,D3_safety_auth,False,False,False,0,0,0,70.3451172328197,0.7161489296099856,0.0,
679,concession,P2,False,D4b_master_data,False,False,False,0,0,0,70.3451172328197,0.7161489296099856,0.0,
679,concession,P2,False,D4c_spc,False,False,False,0,0,0,70.3451172328197,0.7161489296099856,0.0,
679,concession,P2,False,D4bc_process_aware,False,False,False,0,0,0,70.3451172328197,0.7161489296099856,0.0,
679,concession,P2,False,FULL_D3+D4bc,False,False,False,0,0,0,70.3451172328197,0.7161489296099856,0.0,
680,concession,P2,False,D0_none,False,False,False,0,0,0,70.10413103751388,0.7186107247034401,0.0,
680,concession,P2,False,D3_safety_auth,False,False,False,0,0,0,70.10413103751388,0.7186107247034401,0.0,
680,concession,P2,False,D4b_master_data,False,False,False,0,0,0,70.10413103751388,0.7186107247034401,0.0,
680,concession,P2,False,D4c_spc,False,False,False,0,0,0,70.10413103751388,0.7186107247034401,0.0,
680,concession,P2,False,D4bc_process_aware,False,False,False,0,0,0,70.10413103751388,0.7186107247034401,0.0,
680,concession,P2,False,FULL_D3+D4bc,False,False,False,0,0,0,70.10413103751388,0.7186107247034401,0.0,
681,concession,P2,False,D0_none,False,False,False,0,0,0,70.3405739967527,0.7161951850421135,0.0,
681,concession,P2,False,D3_safety_auth,False,False,False,0,0,0,70.3405739967527,0.7161951850421135,0.0,
681,concession,P2,False,D4b_master_data,False,False,False,0,0,0,70.3405739967527,0.7161951850421135,0.0,
681,concession,P2,False,D4c_spc,False,False,False,0,0,0,70.3405739967527,0.7161951850421135,0.0,
681,concession,P2,False,D4bc_process_aware,False,False,False,0,0,0,70.3405739967527,0.7161951850421135,0.0,
681,concession,P2,False,FULL_D3+D4bc,False,False,False,0,0,0,70.3405739967527,0.7161951850421135,0.0,
682,concession,P1,False,D0_none,False,False,False,0,0,0,91.08785943313802,0.6680314621533583,0.0,
682,concession,P1,False,D3_safety_auth,False,False,False,0,0,0,91.08785943313802,0.6680314621533583,0.0,
682,concession,P1,False,D4b_master_data,False,False,False,0,0,0,91.08785943313802,0.6680314621533583,0.0,
682,concession,P1,False,D4c_spc,False,False,False,0,0,0,91.08785943313802,0.6680314621533583,0.0,
682,concession,P1,False,D4bc_process_aware,False,False,False,0,0,0,91.08785943313802,0.6680314621533583,0.0,
682,concession,P1,False,FULL_D3+D4bc,False,False,False,0,0,0,91.08785943313802,0.6680314621533583,0.0,
683,concession,P2,False,D0_none,False,False,False,0,0,0,70.16709318024643,0.7179659029078203,0.0,
683,concession,P2,False,D3_safety_auth,False,False,False,0,0,0,70.16709318024643,0.7179659029078203,0.0,
683,concession,P2,False,D4b_master_data,False,False,False,0,0,0,70.16709318024643,0.7179659029078203,0.0,
683,concession,P2,False,D4c_spc,False,False,False,0,0,0,70.16709318024643,0.7179659029078203,0.0,
683,concession,P2,False,D4bc_process_aware,False,False,False,0,0,0,70.16709318024643,0.7179659029078203,0.0,
683,concession,P2,False,FULL_D3+D4bc,False,False,False,0,0,0,70.16709318024643,0.7179659029078203,0.0,
684,concession,P1,False,D0_none,False,False,False,1,0,0,90.99373119639108,0.6464317554345295,0.0,
684,concession,P1,False,D3_safety_auth,False,False,False,1,0,0,90.99373119639108,0.6464317554345295,0.0,
684,concession,P1,False,D4b_master_data,False,False,False,1,0,0,90.99373119639108,0.6464317554345295,0.0,
684,concession,P1,False,D4c_spc,False,False,False,1,0,0,90.99373119639108,0.6464317554345295,0.0,
684,concession,P1,False,D4bc_process_aware,False,False,False,1,0,0,90.99373119639108,0.6464317554345295,0.0,
684,concession,P1,False,FULL_D3+D4bc,False,False,False,1,0,0,90.99373119639108,0.6464317554345295,0.0,
685,concession,P1,False,D0_none,False,False,False,0,0,0,90.81932252312221,0.6700067147720323,0.0,
685,concession,P1,False,D3_safety_auth,False,False,False,0,0,0,90.81932252312221,0.6700067147720323,0.0,
685,concession,P1,False,D4b_master_data,False,False,False,0,0,0,90.81932252312221,0.6700067147720323,0.0,
685,concession,P1,False,D4c_spc,False,False,False,0,0,0,90.81932252312221,0.6700067147720323,0.0,
685,concession,P1,False,D4bc_process_aware,False,False,False,0,0,0,90.81932252312221,0.6700067147720323,0.0,
685,concession,P1,False,FULL_D3+D4bc,False,False,False,0,0,0,90.81932252312221,0.6700067147720323,0.0,
686,concession,P1,False,D0_none,False,False,False,1,0,0,90.87016624101457,0.6473107712250626,0.0,
686,concession,P1,False,D3_safety_auth,False,False,False,1,0,0,90.87016624101457,0.6473107712250626,0.0,
686,concession,P1,False,D4b_master_data,False,False,False,1,0,0,90.87016624101457,0.6473107712250626,0.0,
686,concession,P1,False,D4c_spc,False,False,False,1,0,0,90.87016624101457,0.6473107712250626,0.0,
686,concession,P1,False,D4bc_process_aware,False,False,False,1,0,0,90.87016624101457,0.6473107712250626,0.0,
686,concession,P1,False,FULL_D3+D4bc,False,False,False,1,0,0,90.87016624101457,0.6473107712250626,0.0,
687,concession,P1,False,D0_none,False,False,False,0,0,0,91.16195035427401,0.6674885265734763,0.0,
687,concession,P1,False,D3_safety_auth,False,False,False,0,0,0,91.16195035427401,0.6674885265734763,0.0,
687,concession,P1,False,D4b_master_data,False,False,False,0,0,0,91.16195035427401,0.6674885265734763,0.0,
687,concession,P1,False,D4c_spc,False,False,False,0,0,0,91.16195035427401,0.6674885265734763,0.0,
687,concession,P1,False,D4bc_process_aware,False,False,False,0,0,0,91.16195035427401,0.6674885265734763,0.0,
687,concession,P1,False,FULL_D3+D4bc,False,False,False,0,0,0,91.16195035427401,0.6674885265734763,0.0,
688,concession,P1,False,D0_none,False,False,False,1,0,0,90.82946142445986,0.6476008606496104,0.0,
688,concession,P1,False,D3_safety_auth,False,False,False,1,0,0,90.82946142445986,0.6476008606496104,0.0,
688,concession,P1,False,D4b_master_data,False,False,False,1,0,0,90.82946142445986,0.6476008606496104,0.0,
688,concession,P1,False,D4c_spc,False,False,False,1,0,0,90.82946142445986,0.6476008606496104,0.0,
688,concession,P1,False,D4bc_process_aware,False,False,False,1,0,0,90.82946142445986,0.6476008606496104,0.0,
688,concession,P1,False,FULL_D3+D4bc,False,False,False,1,0,0,90.82946142445986,0.6476008606496104,0.0,
689,concession,P1,False,D0_none,False,False,False,0,0,0,91.19394271200203,0.6672543604535958,0.0,
689,concession,P1,False,D3_safety_auth,False,False,False,0,0,0,91.19394271200203,0.6672543604535958,0.0,
689,concession,P1,False,D4b_master_data,False,False,False,0,0,0,91.19394271200203,0.6672543604535958,0.0,
689,concession,P1,False,D4c_spc,False,False,False,0,0,0,91.19394271200203,0.6672543604535958,0.0,
689,concession,P1,False,D4bc_process_aware,False,False,False,0,0,0,91.19394271200203,0.6672543604535958,0.0,
689,concession,P1,False,FULL_D3+D4bc,False,False,False,0,0,0,91.19394271200203,0.6672543604535958,0.0,
690,concession,P3,False,D0_none,False,False,False,0,0,0,96.4658708219756,0.6352293759193018,0.0,
690,concession,P3,False,D3_safety_auth,False,False,False,0,0,0,96.4658708219756,0.6352293759193018,0.0,
690,concession,P3,False,D4b_master_data,False,False,False,0,0,0,96.4658708219756,0.6352293759193018,0.0,
690,concession,P3,False,D4c_spc,False,False,False,0,0,0,96.4658708219756,0.6352293759193018,0.0,
690,concession,P3,False,D4bc_process_aware,False,False,False,0,0,0,96.4658708219756,0.6352293759193018,0.0,
690,concession,P3,False,FULL_D3+D4bc,False,False,False,0,0,0,96.4658708219756,0.6352293759193018,0.0,
691,concession,P3,False,D0_none,False,False,False,0,0,0,96.40673130451965,0.6356190495267084,0.0,
691,concession,P3,False,D3_safety_auth,False,False,False,0,0,0,96.40673130451965,0.6356190495267084,0.0,
691,concession,P3,False,D4b_master_data,False,False,False,0,0,0,96.40673130451965,0.6356190495267084,0.0,
691,concession,P3,False,D4c_spc,False,False,False,0,0,0,96.40673130451965,0.6356190495267084,0.0,
691,concession,P3,False,D4bc_process_aware,False,False,False,0,0,0,96.40673130451965,0.6356190495267084,0.0,
691,concession,P3,False,FULL_D3+D4bc,False,False,False,0,0,0,96.40673130451965,0.6356190495267084,0.0,
692,concession,P2,False,D0_none,False,False,False,0,0,0,70.59749247855645,0.7135888066403302,0.0,
692,concession,P2,False,D3_safety_auth,False,False,False,0,0,0,70.59749247855645,0.7135888066403302,0.0,
692,concession,P2,False,D4b_master_data,False,False,False,0,0,0,70.59749247855645,0.7135888066403302,0.0,
692,concession,P2,False,D4c_spc,False,False,False,0,0,0,70.59749247855645,0.7135888066403302,0.0,
692,concession,P2,False,D4bc_process_aware,False,False,False,0,0,0,70.59749247855645,0.7135888066403302,0.0,
692,concession,P2,False,FULL_D3+D4bc,False,False,False,0,0,0,70.59749247855645,0.7135888066403302,0.0,
693,concession,P2,False,D0_none,False,False,False,0,0,0,70.27777010262876,0.716835214549421,0.0,
693,concession,P2,False,D3_safety_auth,False,False,False,0,0,0,70.27777010262876,0.716835214549421,0.0,
693,concession,P2,False,D4b_master_data,False,False,False,0,0,0,70.27777010262876,0.716835214549421,0.0,
693,concession,P2,False,D4c_spc,False,False,False,0,0,0,70.27777010262876,0.716835214549421,0.0,
693,concession,P2,False,D4bc_process_aware,False,False,False,0,0,0,70.27777010262876,0.716835214549421,0.0,
693,concession,P2,False,FULL_D3+D4bc,False,False,False,0,0,0,70.27777010262876,0.716835214549421,0.0,
694,concession,P1,False,D0_none,False,False,False,2,0,0,90.80919847731774,0.6254093176947106,0.0,
694,concession,P1,False,D3_safety_auth,False,False,False,2,0,0,90.80919847731774,0.6254093176947106,0.0,
694,concession,P1,False,D4b_master_data,False,False,False,2,0,0,90.80919847731774,0.6254093176947106,0.0,
694,concession,P1,False,D4c_spc,False,False,False,2,0,0,90.80919847731774,0.6254093176947106,0.0,
694,concession,P1,False,D4bc_process_aware,False,False,False,2,0,0,90.80919847731774,0.6254093176947106,0.0,
694,concession,P1,False,FULL_D3+D4bc,False,False,False,2,0,0,90.80919847731774,0.6254093176947106,0.0,
695,concession,P2,False,D0_none,False,False,False,0,0,0,70.38866664423641,0.7157058488434631,0.0,
695,concession,P2,False,D3_safety_auth,False,False,False,0,0,0,70.38866664423641,0.7157058488434631,0.0,
695,concession,P2,False,D4b_master_data,False,False,False,0,0,0,70.38866664423641,0.7157058488434631,0.0,
695,concession,P2,False,D4c_spc,False,False,False,0,0,0,70.38866664423641,0.7157058488434631,0.0,
695,concession,P2,False,D4bc_process_aware,False,False,False,0,0,0,70.38866664423641,0.7157058488434631,0.0,
695,concession,P2,False,FULL_D3+D4bc,False,False,False,0,0,0,70.38866664423641,0.7157058488434631,0.0,
696,concession,P3,False,D0_none,False,False,False,0,0,0,96.97478314196319,0.6318957664494038,0.0,
696,concession,P3,False,D3_safety_auth,False,False,False,0,0,0,96.97478314196319,0.6318957664494038,0.0,
696,concession,P3,False,D4b_master_data,False,False,False,0,0,0,96.97478314196319,0.6318957664494038,0.0,
696,concession,P3,False,D4c_spc,False,False,False,0,0,0,96.97478314196319,0.6318957664494038,0.0,
696,concession,P3,False,D4bc_process_aware,False,False,False,0,0,0,96.97478314196319,0.6318957664494038,0.0,
696,concession,P3,False,FULL_D3+D4bc,False,False,False,0,0,0,96.97478314196319,0.6318957664494038,0.0,
697,concession,P2,False,D0_none,False,False,False,0,0,0,70.23162806592804,0.7173061738264446,0.0,
697,concession,P2,False,D3_safety_auth,False,False,False,0,0,0,70.23162806592804,0.7173061738264446,0.0,
697,concession,P2,False,D4b_master_data,False,False,False,0,0,0,70.23162806592804,0.7173061738264446,0.0,
697,concession,P2,False,D4c_spc,False,False,False,0,0,0,70.23162806592804,0.7173061738264446,0.0,
697,concession,P2,False,D4bc_process_aware,False,False,False,0,0,0,70.23162806592804,0.7173061738264446,0.0,
697,concession,P2,False,FULL_D3+D4bc,False,False,False,0,0,0,70.23162806592804,0.7173061738264446,0.0,
698,concession,P1,False,D0_none,False,False,False,1,0,0,91.18326254442343,0.6450880978530876,0.0,
698,concession,P1,False,D3_safety_auth,False,False,False,1,0,0,91.18326254442343,0.6450880978530876,0.0,
698,concession,P1,False,D4b_master_data,False,False,False,1,0,0,91.18326254442343,0.6450880978530876,0.0,
698,concession,P1,False,D4c_spc,False,False,False,1,0,0,91.18326254442343,0.6450880978530876,0.0,
698,concession,P1,False,D4bc_process_aware,False,False,False,1,0,0,91.18326254442343,0.6450880978530876,0.0,
698,concession,P1,False,FULL_D3+D4bc,False,False,False,1,0,0,91.18326254442343,0.6450880978530876,0.0,
699,concession,P3,False,D0_none,False,False,False,0,0,0,96.68619717408762,0.633781829369315,0.0,
699,concession,P3,False,D3_safety_auth,False,False,False,0,0,0,96.68619717408762,0.633781829369315,0.0,
699,concession,P3,False,D4b_master_data,False,False,False,0,0,0,96.68619717408762,0.633781829369315,0.0,
699,concession,P3,False,D4c_spc,False,False,False,0,0,0,96.68619717408762,0.633781829369315,0.0,
699,concession,P3,False,D4bc_process_aware,False,False,False,0,0,0,96.68619717408762,0.633781829369315,0.0,
699,concession,P3,False,FULL_D3+D4bc,False,False,False,0,0,0,96.68619717408762,0.633781829369315,0.0,
700,concession,P2,False,D0_none,False,False,False,0,0,0,70.5875369561402,0.7136894497519449,0.0,
700,concession,P2,False,D3_safety_auth,False,False,False,0,0,0,70.5875369561402,0.7136894497519449,0.0,
700,concession,P2,False,D4b_master_data,False,False,False,0,0,0,70.5875369561402,0.7136894497519449,0.0,
700,concession,P2,False,D4c_spc,False,False,False,0,0,0,70.5875369561402,0.7136894497519449,0.0,
700,concession,P2,False,D4bc_process_aware,False,False,False,0,0,0,70.5875369561402,0.7136894497519449,0.0,
700,concession,P2,False,FULL_D3+D4bc,False,False,False,0,0,0,70.5875369561402,0.7136894497519449,0.0,
701,concession,P2,False,D0_none,False,False,False,0,0,0,70.32247802387094,0.716379482424839,0.0,
701,concession,P2,False,D3_safety_auth,False,False,False,0,0,0,70.32247802387094,0.716379482424839,0.0,
701,concession,P2,False,D4b_master_data,False,False,False,0,0,0,70.32247802387094,0.716379482424839,0.0,
701,concession,P2,False,D4c_spc,False,False,False,0,0,0,70.32247802387094,0.716379482424839,0.0,
701,concession,P2,False,D4bc_process_aware,False,False,False,0,0,0,70.32247802387094,0.716379482424839,0.0,
701,concession,P2,False,FULL_D3+D4bc,False,False,False,0,0,0,70.32247802387094,0.716379482424839,0.0,
702,concession,P1,False,D0_none,False,False,False,0,0,0,91.09839635118837,0.6679541941326937,0.0,
702,concession,P1,False,D3_safety_auth,False,False,False,0,0,0,91.09839635118837,0.6679541941326937,0.0,
702,concession,P1,False,D4b_master_data,False,False,False,0,0,0,91.09839635118837,0.6679541941326937,0.0,
702,concession,P1,False,D4c_spc,False,False,False,0,0,0,91.09839635118837,0.6679541941326937,0.0,
702,concession,P1,False,D4bc_process_aware,False,False,False,0,0,0,91.09839635118837,0.6679541941326937,0.0,
702,concession,P1,False,FULL_D3+D4bc,False,False,False,0,0,0,91.09839635118837,0.6679541941326937,0.0,
703,concession,P2,True,D0_none,False,False,False,0,0,0,70.42823784637547,0.715303718367354,0.0,
703,concession,P2,True,D3_safety_auth,False,False,False,0,0,0,70.42823784637547,0.715303718367354,0.0,
703,concession,P2,True,D4b_master_data,True,False,False,0,0,0,85.42823784637547,0.589706421197241,15.0,feed outside quality window / no concession
703,concession,P2,True,D4c_spc,False,True,False,0,0,0,85.42823784637541,0.5897064211972415,17.0,
703,concession,P2,True,D4bc_process_aware,True,True,False,0,0,0,100.42823784637541,0.501627644673355,32.0,feed outside quality window / no concession
703,concession,P2,True,FULL_D3+D4bc,True,True,False,0,0,0,100.42823784637541,0.501627644673355,32.0,feed outside quality window / no concession
704,concession,P3,False,D0_none,False,False,False,1,0,0,96.38710703021924,0.6145568452828335,0.0,
704,concession,P3,False,D3_safety_auth,False,False,False,1,0,0,96.38710703021924,0.6145568452828335,0.0,
704,concession,P3,False,D4b_master_data,False,False,False,1,0,0,96.38710703021924,0.6145568452828335,0.0,
704,concession,P3,False,D4c_spc,False,False,False,1,0,0,96.38710703021924,0.6145568452828335,0.0,
704,concession,P3,False,D4bc_process_aware,False,False,False,1,0,0,96.38710703021924,0.6145568452828335,0.0,
704,concession,P3,False,FULL_D3+D4bc,False,False,False,1,0,0,96.38710703021924,0.6145568452828335,0.0,
705,concession,P3,False,D0_none,False,False,False,0,0,1,96.13595992867155,0.6161623233010859,0.0,
705,concession,P3,False,D3_safety_auth,False,False,False,0,0,1,96.13595992867155,0.6161623233010859,0.0,
705,concession,P3,False,D4b_master_data,False,False,False,0,0,1,96.13595992867155,0.6161623233010859,0.0,
705,concession,P3,False,D4c_spc,False,True,False,0,0,0,113.13595992867155,0.5416311043667218,17.0,
705,concession,P3,False,D4bc_process_aware,False,True,False,0,0,0,113.13595992867155,0.5416311043667218,17.0,
705,concession,P3,False,FULL_D3+D4bc,False,True,False,0,0,0,113.13595992867155,0.5416311043667218,17.0,
706,concession,P3,False,D0_none,False,False,False,0,0,0,96.87064187231107,0.6325750891640461,0.0,
706,concession,P3,False,D3_safety_auth,False,False,False,0,0,0,96.87064187231107,0.6325750891640461,0.0,
706,concession,P3,False,D4b_master_data,False,False,False,0,0,0,96.87064187231107,0.6325750891640461,0.0,
706,concession,P3,False,D4c_spc,False,False,False,0,0,0,96.87064187231107,0.6325750891640461,0.0,
706,concession,P3,False,D4bc_process_aware,False,False,False,0,0,0,96.87064187231107,0.6325750891640461,0.0,
706,concession,P3,False,FULL_D3+D4bc,False,False,False,0,0,0,96.87064187231107,0.6325750891640461,0.0,
707,concession,P2,False,D0_none,False,False,False,0,0,0,70.20777895331916,0.717549837932754,0.0,
707,concession,P2,False,D3_safety_auth,False,False,False,0,0,0,70.20777895331916,0.717549837932754,0.0,
707,concession,P2,False,D4b_master_data,False,False,False,0,0,0,70.20777895331916,0.717549837932754,0.0,
707,concession,P2,False,D4c_spc,False,False,False,0,0,0,70.20777895331916,0.717549837932754,0.0,
707,concession,P2,False,D4bc_process_aware,False,False,False,0,0,0,70.20777895331916,0.717549837932754,0.0,
707,concession,P2,False,FULL_D3+D4bc,False,False,False,0,0,0,70.20777895331916,0.717549837932754,0.0,
708,concession,P1,False,D0_none,False,False,False,0,0,0,91.0145397186161,0.6685696165652596,0.0,
708,concession,P1,False,D3_safety_auth,False,False,False,0,0,0,91.0145397186161,0.6685696165652596,0.0,
708,concession,P1,False,D4b_master_data,False,False,False,0,0,0,91.0145397186161,0.6685696165652596,0.0,
708,concession,P1,False,D4c_spc,False,False,False,0,0,0,91.0145397186161,0.6685696165652596,0.0,
708,concession,P1,False,D4bc_process_aware,False,False,False,0,0,0,91.0145397186161,0.6685696165652596,0.0,
708,concession,P1,False,FULL_D3+D4bc,False,False,False,0,0,0,91.0145397186161,0.6685696165652596,0.0,
709,concession,P2,False,D0_none,False,False,False,0,0,0,70.127038194353,0.7183759888725694,0.0,
709,concession,P2,False,D3_safety_auth,False,False,False,0,0,0,70.127038194353,0.7183759888725694,0.0,
709,concession,P2,False,D4b_master_data,False,False,False,0,0,0,70.127038194353,0.7183759888725694,0.0,
709,concession,P2,False,D4c_spc,False,False,False,0,0,0,70.127038194353,0.7183759888725694,0.0,
709,concession,P2,False,D4bc_process_aware,False,False,False,0,0,0,70.127038194353,0.7183759888725694,0.0,
709,concession,P2,False,FULL_D3+D4bc,False,False,False,0,0,0,70.127038194353,0.7183759888725694,0.0,
710,concession,P3,False,D0_none,False,False,False,0,1,0,96.87064187231107,0.6114892528585779,0.0,
710,concession,P3,False,D3_safety_auth,False,False,False,0,1,0,96.87064187231107,0.6114892528585779,0.0,
710,concession,P3,False,D4b_master_data,False,False,False,0,1,0,96.87064187231107,0.6114892528585779,0.0,
710,concession,P3,False,D4c_spc,False,True,True,0,1,0,111.87064187231107,0.529498673030244,17.0,
710,concession,P3,False,D4bc_process_aware,False,True,True,0,1,0,111.87064187231107,0.529498673030244,17.0,
710,concession,P3,False,FULL_D3+D4bc,False,True,True,0,1,0,111.87064187231107,0.529498673030244,17.0,
711,concession,P1,False,D0_none,False,False,False,0,0,0,90.78899482190103,0.670230527839923,0.0,
711,concession,P1,False,D3_safety_auth,False,False,False,0,0,0,90.78899482190103,0.670230527839923,0.0,
711,concession,P1,False,D4b_master_data,False,False,False,0,0,0,90.78899482190103,0.670230527839923,0.0,
711,concession,P1,False,D4c_spc,False,False,False,0,0,0,90.78899482190103,0.670230527839923,0.0,
711,concession,P1,False,D4bc_process_aware,False,False,False,0,0,0,90.78899482190103,0.670230527839923,0.0,
711,concession,P1,False,FULL_D3+D4bc,False,False,False,0,0,0,90.78899482190103,0.670230527839923,0.0,
712,concession,P1,False,D0_none,False,False,False,1,0,0,91.04586879399304,0.6460615750058246,0.0,
712,concession,P1,False,D3_safety_auth,False,False,False,1,0,0,91.04586879399304,0.6460615750058246,0.0,
712,concession,P1,False,D4b_master_data,False,False,False,1,0,0,91.04586879399304,0.6460615750058246,0.0,
712,concession,P1,False,D4c_spc,False,False,False,1,0,0,91.04586879399304,0.6460615750058246,0.0,
712,concession,P1,False,D4bc_process_aware,False,False,False,1,0,0,91.04586879399304,0.6460615750058246,0.0,
712,concession,P1,False,FULL_D3+D4bc,False,False,False,1,0,0,91.04586879399304,0.6460615750058246,0.0,
713,concession,P1,False,D0_none,False,False,False,2,0,0,91.09839635118837,0.6234239145238475,0.0,
713,concession,P1,False,D3_safety_auth,False,False,False,2,0,0,91.09839635118837,0.6234239145238475,0.0,
713,concession,P1,False,D4b_master_data,False,False,False,2,0,0,91.09839635118837,0.6234239145238475,0.0,
713,concession,P1,False,D4c_spc,False,False,False,2,0,0,91.09839635118837,0.6234239145238475,0.0,
713,concession,P1,False,D4bc_process_aware,False,False,False,2,0,0,91.09839635118837,0.6234239145238475,0.0,
713,concession,P1,False,FULL_D3+D4bc,False,False,False,2,0,0,91.09839635118837,0.6234239145238475,0.0,
714,concession,P3,False,D0_none,False,False,False,0,0,0,96.50552092599827,0.6349683865935951,0.0,
714,concession,P3,False,D3_safety_auth,False,False,False,0,0,0,96.50552092599827,0.6349683865935951,0.0,
714,concession,P3,False,D4b_master_data,False,False,False,0,0,0,96.50552092599827,0.6349683865935951,0.0,
714,concession,P3,False,D4c_spc,False,False,False,0,0,0,96.50552092599827,0.6349683865935951,0.0,
714,concession,P3,False,D4bc_process_aware,False,False,False,0,0,0,96.50552092599827,0.6349683865935951,0.0,
714,concession,P3,False,FULL_D3+D4bc,False,False,False,0,0,0,96.50552092599827,0.6349683865935951,0.0,
715,concession,P1,False,D0_none,False,False,False,0,0,0,90.82946142445986,0.6699319248099418,0.0,
715,concession,P1,False,D3_safety_auth,False,False,False,0,0,0,90.82946142445986,0.6699319248099418,0.0,
715,concession,P1,False,D4b_master_data,False,False,False,0,0,0,90.82946142445986,0.6699319248099418,0.0,
715,concession,P1,False,D4c_spc,False,False,False,0,0,0,90.82946142445986,0.6699319248099418,0.0,
715,concession,P1,False,D4bc_process_aware,False,False,False,0,0,0,90.82946142445986,0.6699319248099418,0.0,
715,concession,P1,False,FULL_D3+D4bc,False,False,False,0,0,0,90.82946142445986,0.6699319248099418,0.0,
716,concession,P1,False,D0_none,False,False,False,0,0,0,91.02496720352585,0.6684930276929751,0.0,
716,concession,P1,False,D3_safety_auth,False,False,False,0,0,0,91.02496720352585,0.6684930276929751,0.0,
716,concession,P1,False,D4b_master_data,False,False,False,0,0,0,91.02496720352585,0.6684930276929751,0.0,
716,concession,P1,False,D4c_spc,False,False,False,0,0,0,91.02496720352585,0.6684930276929751,0.0,
716,concession,P1,False,D4bc_process_aware,False,False,False,0,0,0,91.02496720352585,0.6684930276929751,0.0,
716,concession,P1,False,FULL_D3+D4bc,False,False,False,0,0,0,91.02496720352585,0.6684930276929751,0.0,
717,concession,P2,False,D0_none,False,False,False,0,0,0,70.38635688570905,0.71572933503824,0.0,
717,concession,P2,False,D3_safety_auth,False,False,False,0,0,0,70.38635688570905,0.71572933503824,0.0,
717,concession,P2,False,D4b_master_data,False,False,False,0,0,0,70.38635688570905,0.71572933503824,0.0,
717,concession,P2,False,D4c_spc,False,False,False,0,0,0,70.38635688570905,0.71572933503824,0.0,
717,concession,P2,False,D4bc_process_aware,False,False,False,0,0,0,70.38635688570905,0.71572933503824,0.0,
717,concession,P2,False,FULL_D3+D4bc,False,False,False,0,0,0,70.38635688570905,0.71572933503824,0.0,
718,concession,P1,False,D0_none,False,False,False,1,0,0,91.04586879399304,0.6460615750058246,0.0,
718,concession,P1,False,D3_safety_auth,False,False,False,1,0,0,91.04586879399304,0.6460615750058246,0.0,
718,concession,P1,False,D4b_master_data,False,False,False,1,0,0,91.04586879399304,0.6460615750058246,0.0,
718,concession,P1,False,D4c_spc,False,False,False,1,0,0,91.04586879399304,0.6460615750058246,0.0,
718,concession,P1,False,D4bc_process_aware,False,False,False,1,0,0,91.04586879399304,0.6460615750058246,0.0,
718,concession,P1,False,FULL_D3+D4bc,False,False,False,1,0,0,91.04586879399304,0.6460615750058246,0.0,
719,concession,P1,False,D0_none,False,False,False,1,0,0,90.9626340159547,0.646652749529039,0.0,
719,concession,P1,False,D3_safety_auth,False,False,False,1,0,0,90.9626340159547,0.646652749529039,0.0,
719,concession,P1,False,D4b_master_data,False,False,False,1,0,0,90.9626340159547,0.646652749529039,0.0,
719,concession,P1,False,D4c_spc,False,False,False,1,0,0,90.9626340159547,0.646652749529039,0.0,
719,concession,P1,False,D4bc_process_aware,False,False,False,1,0,0,90.9626340159547,0.646652749529039,0.0,
719,concession,P1,False,FULL_D3+D4bc,False,False,False,1,0,0,90.9626340159547,0.646652749529039,0.0,
720,concession,P3,False,D0_none,False,False,False,1,0,0,96.62555878377647,0.6130402469907997,0.0,
720,concession,P3,False,D3_safety_auth,False,False,False,1,0,0,96.62555878377647,0.6130402469907997,0.0,
720,concession,P3,False,D4b_master_data,False,False,False,1,0,0,96.62555878377647,0.6130402469907997,0.0,
720,concession,P3,False,D4c_spc,False,False,False,1,0,0,96.62555878377647,0.6130402469907997,0.0,
720,concession,P3,False,D4bc_process_aware,False,False,False,1,0,0,96.62555878377647,0.6130402469907997,0.0,
720,concession,P3,False,FULL_D3+D4bc,False,False,False,1,0,0,96.62555878377647,0.6130402469907997,0.0,
721,concession,P2,False,D0_none,False,False,False,0,0,0,70.16921868134894,0.7179441549484319,0.0,
721,concession,P2,False,D3_safety_auth,False,False,False,0,0,0,70.16921868134894,0.7179441549484319,0.0,
721,concession,P2,False,D4b_master_data,False,False,False,0,0,0,70.16921868134894,0.7179441549484319,0.0,
721,concession,P2,False,D4c_spc,False,False,False,0,0,0,70.16921868134894,0.7179441549484319,0.0,
721,concession,P2,False,D4bc_process_aware,False,False,False,0,0,0,70.16921868134894,0.7179441549484319,0.0,
721,concession,P2,False,FULL_D3+D4bc,False,False,False,0,0,0,70.16921868134894,0.7179441549484319,0.0,
722,concession,P3,False,D0_none,False,False,False,0,0,0,97.01678029883702,0.6316222279383366,0.0,
722,concession,P3,False,D3_safety_auth,False,False,False,0,0,0,97.01678029883702,0.6316222279383366,0.0,
722,concession,P3,False,D4b_master_data,False,False,False,0,0,0,97.01678029883702,0.6316222279383366,0.0,
722,concession,P3,False,D4c_spc,False,False,False,0,0,0,97.01678029883702,0.6316222279383366,0.0,
722,concession,P3,False,D4bc_process_aware,False,False,False,0,0,0,97.01678029883702,0.6316222279383366,0.0,
722,concession,P3,False,FULL_D3+D4bc,False,False,False,0,0,0,97.01678029883702,0.6316222279383366,0.0,
723,concession,P2,False,D0_none,False,False,False,0,0,0,70.46126493453248,0.714968436294466,0.0,
723,concession,P2,False,D3_safety_auth,False,False,False,0,0,0,70.46126493453248,0.714968436294466,0.0,
723,concession,P2,False,D4b_master_data,False,False,False,0,0,0,70.46126493453248,0.714968436294466,0.0,
723,concession,P2,False,D4c_spc,False,False,False,0,0,0,70.46126493453248,0.714968436294466,0.0,
723,concession,P2,False,D4bc_process_aware,False,False,False,0,0,0,70.46126493453248,0.714968436294466,0.0,
723,concession,P2,False,FULL_D3+D4bc,False,False,False,0,0,0,70.46126493453248,0.714968436294466,0.0,
724,concession,P2,False,D0_none,False,False,False,0,1,0,70.26009653175355,0.6931150131176496,0.0,
724,concession,P2,False,D3_safety_auth,False,False,False,0,1,0,70.26009653175355,0.6931150131176496,0.0,
724,concession,P2,False,D4b_master_data,False,False,False,0,1,0,70.26009653175355,0.6931150131176496,0.0,
724,concession,P2,False,D4c_spc,False,True,True,0,1,0,85.26009653175356,0.5711737343754576,17.0,
724,concession,P2,False,D4bc_process_aware,False,True,True,0,1,0,85.26009653175356,0.5711737343754576,17.0,
724,concession,P2,False,FULL_D3+D4bc,False,True,True,0,1,0,85.26009653175356,0.5711737343754576,17.0,
725,concession,P3,False,D0_none,False,False,False,2,0,0,97.03785255649638,0.589386063462266,0.0,
725,concession,P3,False,D3_safety_auth,False,False,False,2,0,0,97.03785255649638,0.589386063462266,0.0,
725,concession,P3,False,D4b_master_data,False,False,False,2,0,0,97.03785255649638,0.589386063462266,0.0,
725,concession,P3,False,D4c_spc,False,True,False,2,0,0,114.03785255649635,0.501524332868079,17.0,
725,concession,P3,False,D4bc_process_aware,False,True,False,2,0,0,114.03785255649635,0.501524332868079,17.0,
725,concession,P3,False,FULL_D3+D4bc,False,True,False,2,0,0,114.03785255649635,0.501524332868079,17.0,
726,concession,P3,False,D0_none,False,False,False,2,0,0,96.97478314196319,0.5897693820194435,0.0,
726,concession,P3,False,D3_safety_auth,False,False,False,2,0,0,96.97478314196319,0.5897693820194435,0.0,
726,concession,P3,False,D4b_master_data,False,False,False,2,0,0,96.97478314196319,0.5897693820194435,0.0,
726,concession,P3,False,D4c_spc,False,False,False,2,0,0,96.97478314196319,0.5897693820194435,0.0,
726,concession,P3,False,D4bc_process_aware,False,False,False,2,0,0,96.97478314196319,0.5897693820194435,0.0,
726,concession,P3,False,FULL_D3+D4bc,False,False,False,2,0,0,96.97478314196319,0.5897693820194435,0.0,
727,concession,P2,False,D0_none,False,False,False,0,0,0,70.50673558911448,0.7145073444210138,0.0,
727,concession,P2,False,D3_safety_auth,False,False,False,0,0,0,70.50673558911448,0.7145073444210138,0.0,
727,concession,P2,False,D4b_master_data,False,False,False,0,0,0,70.50673558911448,0.7145073444210138,0.0,
727,concession,P2,False,D4c_spc,False,False,False,0,0,0,70.50673558911448,0.7145073444210138,0.0,
727,concession,P2,False,D4bc_process_aware,False,False,False,0,0,0,70.50673558911448,0.7145073444210138,0.0,
727,concession,P2,False,FULL_D3+D4bc,False,False,False,0,0,0,70.50673558911448,0.7145073444210138,0.0,
728,concession,P2,False,D0_none,False,False,False,1,0,0,70.32247802387094,0.692500166344011,0.0,
728,concession,P2,False,D3_safety_auth,False,False,False,1,0,0,70.32247802387094,0.692500166344011,0.0,
728,concession,P2,False,D4b_master_data,False,False,False,1,0,0,70.32247802387094,0.692500166344011,0.0,
728,concession,P2,False,D4c_spc,False,True,True,1,0,0,85.32247802387094,0.570756134340463,17.0,
728,concession,P2,False,D4bc_process_aware,False,True,True,1,0,0,85.32247802387094,0.570756134340463,17.0,
728,concession,P2,False,FULL_D3+D4bc,False,True,True,1,0,0,85.32247802387094,0.570756134340463,17.0,
729,concession,P3,False,D0_none,False,False,False,0,0,0,96.32849880427463,0.6361352629844607,0.0,
729,concession,P3,False,D3_safety_auth,False,False,False,0,0,0,96.32849880427463,0.6361352629844607,0.0,
729,concession,P3,False,D4b_master_data,False,False,False,0,0,0,96.32849880427463,0.6361352629844607,0.0,
729,concession,P3,False,D4c_spc,False,False,False,0,0,0,96.32849880427463,0.6361352629844607,0.0,
729,concession,P3,False,D4bc_process_aware,False,False,False,0,0,0,96.32849880427463,0.6361352629844607,0.0,
729,concession,P3,False,FULL_D3+D4bc,False,False,False,0,0,0,96.32849880427463,0.6361352629844607,0.0,
730,concession,P3,False,D0_none,False,False,False,1,0,0,96.0412861169109,0.61676971245807,0.0,
730,concession,P3,False,D3_safety_auth,False,False,False,1,0,0,96.0412861169109,0.61676971245807,0.0,
730,concession,P3,False,D4b_master_data,False,False,False,1,0,0,96.0412861169109,0.61676971245807,0.0,
730,concession,P3,False,D4c_spc,False,False,False,1,0,0,96.0412861169109,0.61676971245807,0.0,
730,concession,P3,False,D4bc_process_aware,False,False,False,1,0,0,96.0412861169109,0.61676971245807,0.0,
730,concession,P3,False,FULL_D3+D4bc,False,False,False,1,0,0,96.0412861169109,0.61676971245807,0.0,
731,concession,P3,False,D0_none,False,False,False,0,0,0,96.6659380707954,0.633914656420934,0.0,
731,concession,P3,False,D3_safety_auth,False,False,False,0,0,0,96.6659380707954,0.633914656420934,0.0,
731,concession,P3,False,D4b_master_data,False,False,False,0,0,0,96.6659380707954,0.633914656420934,0.0,
731,concession,P3,False,D4c_spc,False,False,False,0,0,0,96.6659380707954,0.633914656420934,0.0,
731,concession,P3,False,D4bc_process_aware,False,False,False,0,0,0,96.6659380707954,0.633914656420934,0.0,
731,concession,P3,False,FULL_D3+D4bc,False,False,False,0,0,0,96.6659380707954,0.633914656420934,0.0,
732,concession,P2,False,D0_none,False,False,False,0,0,0,70.45889253447397,0.7149925097804247,0.0,
732,concession,P2,False,D3_safety_auth,False,False,False,0,0,0,70.45889253447397,0.7149925097804247,0.0,
732,concession,P2,False,D4b_master_data,False,False,False,0,0,0,70.45889253447397,0.7149925097804247,0.0,
732,concession,P2,False,D4c_spc,False,True,False,0,0,0,87.45889253447395,0.5760143874416805,17.0,
732,concession,P2,False,D4bc_process_aware,False,True,False,0,0,0,87.45889253447395,0.5760143874416805,17.0,
732,concession,P2,False,FULL_D3+D4bc,False,True,False,0,0,0,87.45889253447395,0.5760143874416805,17.0,
733,concession,P2,True,D0_none,False,False,False,0,0,0,70.37024385229024,0.7158932192322254,0.0,
733,concession,P2,True,D3_safety_auth,False,False,False,0,0,0,70.37024385229024,0.7158932192322254,0.0,
733,concession,P2,True,D4b_master_data,True,False,False,0,0,0,85.37024385229024,0.5901070224976438,15.0,feed outside quality window / no concession
733,concession,P2,True,D4c_spc,False,False,False,0,0,0,70.37024385229024,0.7158932192322254,0.0,
733,concession,P2,True,D4bc_process_aware,True,False,False,0,0,0,85.37024385229024,0.5901070224976438,15.0,feed outside quality window / no concession
733,concession,P2,True,FULL_D3+D4bc,True,False,False,0,0,0,85.37024385229024,0.5901070224976438,15.0,feed outside quality window / no concession
734,concession,P2,False,D0_none,False,False,False,0,0,0,70.59251028676421,0.7136391694377577,0.0,
734,concession,P2,False,D3_safety_auth,False,False,False,0,0,0,70.59251028676421,0.7136391694377577,0.0,
734,concession,P2,False,D4b_master_data,False,False,False,0,0,0,70.59251028676421,0.7136391694377577,0.0,
734,concession,P2,False,D4c_spc,False,False,False,0,0,0,70.59251028676421,0.7136391694377577,0.0,
734,concession,P2,False,D4bc_process_aware,False,False,False,0,0,0,70.59251028676421,0.7136391694377577,0.0,
734,concession,P2,False,FULL_D3+D4bc,False,False,False,0,0,0,70.59251028676421,0.7136391694377577,0.0,
735,concession,P2,False,D0_none,False,False,False,0,0,0,70.32022464621473,0.7164024384595671,0.0,
735,concession,P2,False,D3_safety_auth,False,False,False,0,0,0,70.32022464621473,0.7164024384595671,0.0,
735,concession,P2,False,D4b_master_data,False,False,False,0,0,0,70.32022464621473,0.7164024384595671,0.0,
735,concession,P2,False,D4c_spc,False,False,False,0,0,0,70.32022464621473,0.7164024384595671,0.0,
735,concession,P2,False,D4bc_process_aware,False,False,False,0,0,0,70.32022464621473,0.7164024384595671,0.0,
735,concession,P2,False,FULL_D3+D4bc,False,False,False,0,0,0,70.32022464621473,0.7164024384595671,0.0,
736,concession,P1,False,D0_none,False,False,False,0,0,0,90.73874338304572,0.6706017038903399,0.0,
736,concession,P1,False,D3_safety_auth,False,False,False,0,0,0,90.73874338304572,0.6706017038903399,0.0,
736,concession,P1,False,D4b_master_data,False,False,False,0,0,0,90.73874338304572,0.6706017038903399,0.0,
736,concession,P1,False,D4c_spc,False,False,False,0,0,0,90.73874338304572,0.6706017038903399,0.0,
736,concession,P1,False,D4bc_process_aware,False,False,False,0,0,0,90.73874338304572,0.6706017038903399,0.0,
736,concession,P1,False,FULL_D3+D4bc,False,False,False,0,0,0,90.73874338304572,0.6706017038903399,0.0,
737,concession,P1,False,D0_none,False,False,False,0,0,0,91.02496720352585,0.6684930276929751,0.0,
737,concession,P1,False,D3_safety_auth,False,False,False,0,0,0,91.02496720352585,0.6684930276929751,0.0,
737,concession,P1,False,D4b_master_data,False,False,False,0,0,0,91.02496720352585,0.6684930276929751,0.0,
737,concession,P1,False,D4c_spc,False,False,False,0,0,0,91.02496720352585,0.6684930276929751,0.0,
737,concession,P1,False,D4bc_process_aware,False,False,False,0,0,0,91.02496720352585,0.6684930276929751,0.0,
737,concession,P1,False,FULL_D3+D4bc,False,False,False,0,0,0,91.02496720352585,0.6684930276929751,0.0,
738,concession,P2,False,D0_none,False,False,False,0,0,0,70.21209896904158,0.7175056884681033,0.0,
738,concession,P2,False,D3_safety_auth,False,False,False,0,0,0,70.21209896904158,0.7175056884681033,0.0,
738,concession,P2,False,D4b_master_data,False,False,False,0,0,0,70.21209896904158,0.7175056884681033,0.0,
738,concession,P2,False,D4c_spc,False,False,False,0,0,0,70.21209896904158,0.7175056884681033,0.0,
738,concession,P2,False,D4bc_process_aware,False,False,False,0,0,0,70.21209896904158,0.7175056884681033,0.0,
738,concession,P2,False,FULL_D3+D4bc,False,False,False,0,0,0,70.21209896904158,0.7175056884681033,0.0,
739,concession,P1,False,D0_none,False,False,False,1,0,0,91.09839635118837,0.6456890543282706,0.0,
739,concession,P1,False,D3_safety_auth,False,False,False,1,0,0,91.09839635118837,0.6456890543282706,0.0,
739,concession,P1,False,D4b_master_data,False,False,False,1,0,0,91.09839635118837,0.6456890543282706,0.0,
739,concession,P1,False,D4c_spc,False,False,False,1,0,0,91.09839635118837,0.6456890543282706,0.0,
739,concession,P1,False,D4bc_process_aware,False,False,False,1,0,0,91.09839635118837,0.6456890543282706,0.0,
739,concession,P1,False,FULL_D3+D4bc,False,False,False,1,0,0,91.09839635118837,0.6456890543282706,0.0,
740,concession,P3,False,D0_none,False,False,False,1,0,0,96.64572532700733,0.612912327182641,0.0,
740,concession,P3,False,D3_safety_auth,False,False,False,1,0,0,96.64572532700733,0.612912327182641,0.0,
740,concession,P3,False,D4b_master_data,False,False,False,1,0,0,96.64572532700733,0.612912327182641,0.0,
740,concession,P3,False,D4c_spc,False,False,False,1,0,0,96.64572532700733,0.612912327182641,0.0,
740,concession,P3,False,D4bc_process_aware,False,False,False,1,0,0,96.64572532700733,0.612912327182641,0.0,
740,concession,P3,False,FULL_D3+D4bc,False,False,False,1,0,0,96.64572532700733,0.612912327182641,0.0,
741,concession,P1,False,D0_none,False,False,False,0,0,0,91.07733825357639,0.6681086326010339,0.0,
741,concession,P1,False,D3_safety_auth,False,False,False,0,0,0,91.07733825357639,0.6681086326010339,0.0,
741,concession,P1,False,D4b_master_data,False,False,False,0,0,0,91.07733825357639,0.6681086326010339,0.0,
741,concession,P1,False,D4c_spc,False,False,False,0,0,0,91.07733825357639,0.6681086326010339,0.0,
741,concession,P1,False,D4bc_process_aware,False,False,False,0,0,0,91.07733825357639,0.6681086326010339,0.0,
741,concession,P1,False,FULL_D3+D4bc,False,False,False,0,0,0,91.07733825357639,0.6681086326010339,0.0,
742,concession,P3,False,D0_none,False,False,False,0,0,0,97.16532854629494,0.6306565915696908,0.0,
742,concession,P3,False,D3_safety_auth,False,False,False,0,0,0,97.16532854629494,0.6306565915696908,0.0,
742,concession,P3,False,D4b_master_data,False,False,False,0,0,0,97.16532854629494,0.6306565915696908,0.0,
742,concession,P3,False,D4c_spc,False,False,False,0,0,0,97.16532854629494,0.6306565915696908,0.0,
742,concession,P3,False,D4bc_process_aware,False,False,False,0,0,0,97.16532854629494,0.6306565915696908,0.0,
742,concession,P3,False,FULL_D3+D4bc,False,False,False,0,0,0,97.16532854629494,0.6306565915696908,0.0,
743,concession,P1,False,D0_none,False,False,False,0,0,0,91.14070211668317,0.6676441426096973,0.0,
743,concession,P1,False,D3_safety_auth,False,False,False,0,0,0,91.14070211668317,0.6676441426096973,0.0,
743,concession,P1,False,D4b_master_data,False,False,False,0,0,0,91.14070211668317,0.6676441426096973,0.0,
743,concession,P1,False,D4c_spc,False,False,False,0,0,0,91.14070211668317,0.6676441426096973,0.0,
743,concession,P1,False,D4bc_process_aware,False,False,False,0,0,0,91.14070211668317,0.6676441426096973,0.0,
743,concession,P1,False,FULL_D3+D4bc,False,False,False,0,0,0,91.14070211668317,0.6676441426096973,0.0,
744,concession,P1,False,D0_none,False,False,False,0,0,0,91.13010189020903,0.6677218027787194,0.0,
744,concession,P1,False,D3_safety_auth,False,False,False,0,0,0,91.13010189020903,0.6677218027787194,0.0,
744,concession,P1,False,D4b_master_data,False,False,False,0,0,0,91.13010189020903,0.6677218027787194,0.0,
744,concession,P1,False,D4c_spc,False,False,False,0,0,0,91.13010189020903,0.6677218027787194,0.0,
744,concession,P1,False,D4bc_process_aware,False,False,False,0,0,0,91.13010189020903,0.6677218027787194,0.0,
744,concession,P1,False,FULL_D3+D4bc,False,False,False,0,0,0,91.13010189020903,0.6677218027787194,0.0,
745,concession,P2,False,D0_none,False,False,False,0,0,0,70.22510212655261,0.7173728322785117,0.0,
745,concession,P2,False,D3_safety_auth,False,False,False,0,0,0,70.22510212655261,0.7173728322785117,0.0,
745,concession,P2,False,D4b_master_data,False,False,False,0,0,0,70.22510212655261,0.7173728322785117,0.0,
745,concession,P2,False,D4c_spc,False,False,False,0,0,0,70.22510212655261,0.7173728322785117,0.0,
745,concession,P2,False,D4bc_process_aware,False,False,False,0,0,0,70.22510212655261,0.7173728322785117,0.0,
745,concession,P2,False,FULL_D3+D4bc,False,False,False,0,0,0,70.22510212655261,0.7173728322785117,0.0,
746,concession,P1,False,D0_none,False,False,False,1,0,0,90.91111138120944,0.6470192311715447,0.0,
746,concession,P1,False,D3_safety_auth,False,False,False,1,0,0,90.91111138120944,0.6470192311715447,0.0,
746,concession,P1,False,D4b_master_data,False,False,False,1,0,0,90.91111138120944,0.6470192311715447,0.0,
746,concession,P1,False,D4c_spc,False,False,False,1,0,0,90.91111138120944,0.6470192311715447,0.0,
746,concession,P1,False,D4bc_process_aware,False,False,False,1,0,0,90.91111138120944,0.6470192311715447,0.0,
746,concession,P1,False,FULL_D3+D4bc,False,False,False,1,0,0,90.91111138120944,0.6470192311715447,0.0,
747,concession,P2,False,D0_none,False,False,False,0,0,0,70.20131234038043,0.7176159352308168,0.0,
747,concession,P2,False,D3_safety_auth,False,False,False,0,0,0,70.20131234038043,0.7176159352308168,0.0,
747,concession,P2,False,D4b_master_data,False,False,False,0,0,0,70.20131234038043,0.7176159352308168,0.0,
747,concession,P2,False,D4c_spc,False,False,False,0,0,0,70.20131234038043,0.7176159352308168,0.0,
747,concession,P2,False,D4bc_process_aware,False,False,False,0,0,0,70.20131234038043,0.7176159352308168,0.0,
747,concession,P2,False,FULL_D3+D4bc,False,False,False,0,0,0,70.20131234038043,0.7176159352308168,0.0,
748,concession,P2,False,D0_none,False,False,False,0,0,0,70.3610796136344,0.715986461353426,0.0,
748,concession,P2,False,D3_safety_auth,False,False,False,0,0,0,70.3610796136344,0.715986461353426,0.0,
748,concession,P2,False,D4b_master_data,False,False,False,0,0,0,70.3610796136344,0.715986461353426,0.0,
748,concession,P2,False,D4c_spc,False,False,False,0,0,0,70.3610796136344,0.715986461353426,0.0,
748,concession,P2,False,D4bc_process_aware,False,False,False,0,0,0,70.3610796136344,0.715986461353426,0.0,
748,concession,P2,False,FULL_D3+D4bc,False,False,False,0,0,0,70.3610796136344,0.715986461353426,0.0,
749,concession,P3,False,D0_none,False,False,False,0,0,0,96.82932246913815,0.6328450241845524,0.0,
749,concession,P3,False,D3_safety_auth,False,False,False,0,0,0,96.82932246913815,0.6328450241845524,0.0,
749,concession,P3,False,D4b_master_data,False,False,False,0,0,0,96.82932246913815,0.6328450241845524,0.0,
749,concession,P3,False,D4c_spc,False,False,False,0,0,0,96.82932246913815,0.6328450241845524,0.0,
749,concession,P3,False,D4bc_process_aware,False,False,False,0,0,0,96.82932246913815,0.6328450241845524,0.0,
749,concession,P3,False,FULL_D3+D4bc,False,False,False,0,0,0,96.82932246913815,0.6328450241845524,0.0,
750,concession,P1,False,D0_none,False,False,False,0,0,0,91.15131825941342,0.6675663839371262,0.0,
750,concession,P1,False,D3_safety_auth,False,False,False,0,0,0,91.15131825941342,0.6675663839371262,0.0,
750,concession,P1,False,D4b_master_data,False,False,False,0,0,0,91.15131825941342,0.6675663839371262,0.0,
750,concession,P1,False,D4c_spc,False,False,False,0,0,0,91.15131825941342,0.6675663839371262,0.0,
750,concession,P1,False,D4bc_process_aware,False,False,False,0,0,0,91.15131825941342,0.6675663839371262,0.0,
750,concession,P1,False,FULL_D3+D4bc,False,False,False,0,0,0,91.15131825941342,0.6675663839371262,0.0,
751,concession,P2,False,D0_none,False,False,False,0,0,0,70.43293152371778,0.7152560502555327,0.0,
751,concession,P2,False,D3_safety_auth,False,False,False,0,0,0,70.43293152371778,0.7152560502555327,0.0,
751,concession,P2,False,D4b_master_data,False,False,False,0,0,0,70.43293152371778,0.7152560502555327,0.0,
751,concession,P2,False,D4c_spc,False,False,False,0,0,0,70.43293152371778,0.7152560502555327,0.0,
751,concession,P2,False,D4bc_process_aware,False,False,False,0,0,0,70.43293152371778,0.7152560502555327,0.0,
751,concession,P2,False,FULL_D3+D4bc,False,False,False,0,0,0,70.43293152371778,0.7152560502555327,0.0,
752,concession,P2,False,D0_none,False,False,False,0,0,0,70.25349942071868,0.7170828617074663,0.0,
752,concession,P2,False,D3_safety_auth,False,False,False,0,0,0,70.25349942071868,0.7170828617074663,0.0,
752,concession,P2,False,D4b_master_data,False,False,False,0,0,0,70.25349942071868,0.7170828617074663,0.0,
752,concession,P2,False,D4c_spc,False,False,False,0,0,0,70.25349942071868,0.7170828617074663,0.0,
752,concession,P2,False,D4bc_process_aware,False,False,False,0,0,0,70.25349942071868,0.7170828617074663,0.0,
752,concession,P2,False,FULL_D3+D4bc,False,False,False,0,0,0,70.25349942071868,0.7170828617074663,0.0,
753,concession,P2,False,D0_none,False,False,False,0,0,0,70.37253980947376,0.715869862676049,0.0,
753,concession,P2,False,D3_safety_auth,False,False,False,0,0,0,70.37253980947376,0.715869862676049,0.0,
753,concession,P2,False,D4b_master_data,False,False,False,0,0,0,70.37253980947376,0.715869862676049,0.0,
753,concession,P2,False,D4c_spc,False,False,False,0,0,0,70.37253980947376,0.715869862676049,0.0,
753,concession,P2,False,D4bc_process_aware,False,False,False,0,0,0,70.37253980947376,0.715869862676049,0.0,
753,concession,P2,False,FULL_D3+D4bc,False,False,False,0,0,0,70.37253980947376,0.715869862676049,0.0,
754,concession,P2,False,D0_none,False,False,False,1,0,0,70.12285797568661,0.6944715194885331,0.0,
754,concession,P2,False,D3_safety_auth,False,False,False,1,0,0,70.12285797568661,0.6944715194885331,0.0,
754,concession,P2,False,D4b_master_data,False,False,False,1,0,0,70.12285797568661,0.6944715194885331,0.0,
754,concession,P2,False,D4c_spc,False,False,False,1,0,0,70.12285797568661,0.6944715194885331,0.0,
754,concession,P2,False,D4bc_process_aware,False,False,False,1,0,0,70.12285797568661,0.6944715194885331,0.0,
754,concession,P2,False,FULL_D3+D4bc,False,False,False,1,0,0,70.12285797568661,0.6944715194885331,0.0,
755,concession,P3,False,D0_none,False,False,False,1,0,0,96.38710703021924,0.6145568452828335,0.0,
755,concession,P3,False,D3_safety_auth,False,False,False,1,0,0,96.38710703021924,0.6145568452828335,0.0,
755,concession,P3,False,D4b_master_data,False,False,False,1,0,0,96.38710703021924,0.6145568452828335,0.0,
755,concession,P3,False,D4c_spc,False,False,False,1,0,0,96.38710703021924,0.6145568452828335,0.0,
755,concession,P3,False,D4bc_process_aware,False,False,False,1,0,0,96.38710703021924,0.6145568452828335,0.0,
755,concession,P3,False,FULL_D3+D4bc,False,False,False,1,0,0,96.38710703021924,0.6145568452828335,0.0,
756,concession,P1,False,D0_none,False,False,False,0,0,0,91.00412772774058,0.6686461091477516,0.0,
756,concession,P1,False,D3_safety_auth,False,False,False,0,0,0,91.00412772774058,0.6686461091477516,0.0,
756,concession,P1,False,D4b_master_data,False,False,False,0,0,0,91.00412772774058,0.6686461091477516,0.0,
756,concession,P1,False,D4c_spc,False,False,False,0,0,0,91.00412772774058,0.6686461091477516,0.0,
756,concession,P1,False,D4bc_process_aware,False,False,False,0,0,0,91.00412772774058,0.6686461091477516,0.0,
756,concession,P1,False,FULL_D3+D4bc,False,False,False,0,0,0,91.00412772774058,0.6686461091477516,0.0,
757,concession,P1,False,D0_none,False,False,False,1,0,0,90.76885019834828,0.6480332984529881,0.0,
757,concession,P1,False,D3_safety_auth,False,False,False,1,0,0,90.76885019834828,0.6480332984529881,0.0,
757,concession,P1,False,D4b_master_data,False,False,False,1,0,0,90.76885019834828,0.6480332984529881,0.0,
757,concession,P1,False,D4c_spc,False,False,False,1,0,0,90.76885019834828,0.6480332984529881,0.0,
757,concession,P1,False,D4bc_process_aware,False,False,False,1,0,0,90.76885019834828,0.6480332984529881,0.0,
757,concession,P1,False,FULL_D3+D4bc,False,False,False,1,0,0,90.76885019834828,0.6480332984529881,0.0,
758,concession,P2,False,D0_none,False,False,False,0,0,0,70.12494723260981,0.7183974091626264,0.0,
758,concession,P2,False,D3_safety_auth,False,False,False,0,0,0,70.12494723260981,0.7183974091626264,0.0,
758,concession,P2,False,D4b_master_data,False,False,False,0,0,0,70.12494723260981,0.7183974091626264,0.0,
758,concession,P2,False,D4c_spc,False,False,False,0,0,0,70.12494723260981,0.7183974091626264,0.0,
758,concession,P2,False,D4bc_process_aware,False,False,False,0,0,0,70.12494723260981,0.7183974091626264,0.0,
758,concession,P2,False,FULL_D3+D4bc,False,False,False,0,0,0,70.12494723260981,0.7183974091626264,0.0,
759,concession,P3,True,D0_none,False,False,False,1,0,0,96.91215323554525,0.6112273274793376,0.0,
759,concession,P3,True,D3_safety_auth,False,False,False,1,0,0,96.91215323554525,0.6112273274793376,0.0,
759,concession,P3,True,D4b_master_data,True,False,False,1,0,0,111.91215323554525,0.5293022670893994,15.0,feed outside quality window / no concession
759,concession,P3,True,D4c_spc,False,False,False,1,0,0,96.91215323554525,0.6112273274793376,0.0,
759,concession,P3,True,D4bc_process_aware,True,False,False,1,0,0,111.91215323554525,0.5293022670893994,15.0,feed outside quality window / no concession
759,concession,P3,True,FULL_D3+D4bc,True,False,False,1,0,0,111.91215323554525,0.5293022670893994,15.0,feed outside quality window / no concession
760,concession,P2,True,D0_none,False,False,False,0,0,0,70.11868456796704,0.7184615729740491,0.0,
760,concession,P2,True,D3_safety_auth,False,False,False,0,0,0,70.11868456796704,0.7184615729740491,0.0,
760,concession,P2,True,D4b_master_data,True,False,False,0,0,0,85.11868456796704,0.5918510214916023,15.0,feed outside quality window / no concession
760,concession,P2,True,D4c_spc,False,False,False,0,0,0,70.11868456796704,0.7184615729740491,0.0,
760,concession,P2,True,D4bc_process_aware,True,False,False,0,0,0,85.11868456796704,0.5918510214916023,15.0,feed outside quality window / no concession
760,concession,P2,True,FULL_D3+D4bc,True,False,False,0,0,0,85.11868456796704,0.5918510214916023,15.0,feed outside quality window / no concession
761,concession,P1,True,D0_none,False,False,False,1,0,0,91.10894904306797,0.6456142674087427,0.0,
761,concession,P1,True,D3_safety_auth,False,False,False,1,0,0,91.10894904306797,0.6456142674087427,0.0,
761,concession,P1,True,D4b_master_data,True,False,False,1,0,0,106.10894904306797,0.5543475637191183,15.0,feed outside quality window / no concession
761,concession,P1,True,D4c_spc,False,False,False,1,0,0,91.10894904306797,0.6456142674087427,0.0,
761,concession,P1,True,D4bc_process_aware,True,False,False,1,0,0,106.10894904306797,0.5543475637191183,15.0,feed outside quality window / no concession
761,concession,P1,True,FULL_D3+D4bc,True,False,False,1,0,0,106.10894904306797,0.5543475637191183,15.0,feed outside quality window / no concession
762,concession,P2,False,D0_none,False,False,False,0,0,0,70.145933912514,0.7181824747305195,0.0,
762,concession,P2,False,D3_safety_auth,False,False,False,0,0,0,70.145933912514,0.7181824747305195,0.0,
762,concession,P2,False,D4b_master_data,False,False,False,0,0,0,70.145933912514,0.7181824747305195,0.0,
762,concession,P2,False,D4c_spc,False,False,False,0,0,0,70.145933912514,0.7181824747305195,0.0,
762,concession,P2,False,D4bc_process_aware,False,False,False,0,0,0,70.145933912514,0.7181824747305195,0.0,
762,concession,P2,False,FULL_D3+D4bc,False,False,False,0,0,0,70.145933912514,0.7181824747305195,0.0,
763,concession,P1,False,D0_none,False,False,False,2,0,0,90.78899482190103,0.6255484926505948,0.0,
763,concession,P1,False,D3_safety_auth,False,False,False,2,0,0,90.78899482190103,0.6255484926505948,0.0,
763,concession,P1,False,D4b_master_data,False,False,False,2,0,0,90.78899482190103,0.6255484926505948,0.0,
763,concession,P1,False,D4c_spc,False,False,False,2,0,0,90.78899482190103,0.6255484926505948,0.0,
763,concession,P1,False,D4bc_process_aware,False,False,False,2,0,0,90.78899482190103,0.6255484926505948,0.0,
763,concession,P1,False,FULL_D3+D4bc,False,False,False,2,0,0,90.78899482190103,0.6255484926505948,0.0,
764,concession,P1,False,D0_none,False,False,False,0,0,0,90.74876434831418,0.6705276524535857,0.0,
764,concession,P1,False,D3_safety_auth,False,False,False,0,0,0,90.74876434831418,0.6705276524535857,0.0,
764,concession,P1,False,D4b_master_data,False,False,False,0,0,0,90.74876434831418,0.6705276524535857,0.0,
764,concession,P1,False,D4c_spc,False,False,False,0,0,0,90.74876434831418,0.6705276524535857,0.0,
764,concession,P1,False,D4bc_process_aware,False,False,False,0,0,0,90.74876434831418,0.6705276524535857,0.0,
764,concession,P1,False,FULL_D3+D4bc,False,False,False,0,0,0,90.74876434831418,0.6705276524535857,0.0,
765,concession,P1,False,D0_none,False,False,False,0,0,0,90.75879994272906,0.6704535093008751,0.0,
765,concession,P1,False,D3_safety_auth,False,False,False,0,0,0,90.75879994272906,0.6704535093008751,0.0,
765,concession,P1,False,D4b_master_data,False,False,False,0,0,0,90.75879994272906,0.6704535093008751,0.0,
765,concession,P1,False,D4c_spc,False,False,False,0,0,0,90.75879994272906,0.6704535093008751,0.0,
765,concession,P1,False,D4bc_process_aware,False,False,False,0,0,0,90.75879994272906,0.6704535093008751,0.0,
765,concession,P1,False,FULL_D3+D4bc,False,False,False,0,0,0,90.75879994272906,0.6704535093008751,0.0,
766,concession,P2,False,D0_none,False,False,False,0,0,0,70.16072715168755,0.7180310474926579,0.0,
766,concession,P2,False,D3_safety_auth,False,False,False,0,0,0,70.16072715168755,0.7180310474926579,0.0,
766,concession,P2,False,D4b_master_data,False,False,False,0,0,0,70.16072715168755,0.7180310474926579,0.0,
766,concession,P2,False,D4c_spc,False,False,False,0,0,0,70.16072715168755,0.7180310474926579,0.0,
766,concession,P2,False,D4bc_process_aware,False,False,False,0,0,0,70.16072715168755,0.7180310474926579,0.0,
766,concession,P2,False,FULL_D3+D4bc,False,False,False,0,0,0,70.16072715168755,0.7180310474926579,0.0,
767,concession,P3,False,D0_none,False,False,False,1,0,0,96.50552092599827,0.6138027737071419,0.0,
767,concession,P3,False,D3_safety_auth,False,False,False,1,0,0,96.50552092599827,0.6138027737071419,0.0,
767,concession,P3,False,D4b_master_data,False,False,False,1,0,0,96.50552092599827,0.6138027737071419,0.0,
767,concession,P3,False,D4c_spc,False,False,False,1,0,0,96.50552092599827,0.6138027737071419,0.0,
767,concession,P3,False,D4bc_process_aware,False,False,False,1,0,0,96.50552092599827,0.6138027737071419,0.0,
767,concession,P3,False,FULL_D3+D4bc,False,False,False,1,0,0,96.50552092599827,0.6138027737071419,0.0,
768,concession,P3,True,D0_none,False,False,False,0,0,0,96.95385789965589,0.6320321464997943,0.0,
768,concession,P3,True,D3_safety_auth,False,False,False,0,0,0,96.95385789965589,0.6320321464997943,0.0,
768,concession,P3,True,D4b_master_data,True,False,False,0,0,0,111.95385789965589,0.5473500964538347,15.0,feed outside quality window / no concession
768,concession,P3,True,D4c_spc,False,False,False,0,0,0,96.95385789965589,0.6320321464997943,0.0,
768,concession,P3,True,D4bc_process_aware,True,False,False,0,0,0,111.95385789965589,0.5473500964538347,15.0,feed outside quality window / no concession
768,concession,P3,True,FULL_D3+D4bc,True,False,False,0,0,0,111.95385789965589,0.5473500964538347,15.0,feed outside quality window / no concession
769,concession,P1,False,D0_none,False,False,False,1,0,0,90.71874521218245,0.6483912145526656,0.0,
769,concession,P1,False,D3_safety_auth,False,False,False,1,0,0,90.71874521218245,0.6483912145526656,0.0,
769,concession,P1,False,D4b_master_data,False,False,False,1,0,0,90.71874521218245,0.6483912145526656,0.0,
769,concession,P1,False,D4c_spc,False,False,False,1,0,0,90.71874521218245,0.6483912145526656,0.0,
769,concession,P1,False,D4bc_process_aware,False,False,False,1,0,0,90.71874521218245,0.6483912145526656,0.0,
769,concession,P1,False,FULL_D3+D4bc,False,False,False,1,0,0,90.71874521218245,0.6483912145526656,0.0,
770,concession,P2,False,D0_none,False,False,False,0,0,0,70.59749247855645,0.7135888066403302,0.0,
770,concession,P2,False,D3_safety_auth,False,False,False,0,0,0,70.59749247855645,0.7135888066403302,0.0,
770,concession,P2,False,D4b_master_data,False,False,False,0,0,0,70.59749247855645,0.7135888066403302,0.0,
770,concession,P2,False,D4c_spc,False,False,False,0,0,0,70.59749247855645,0.7135888066403302,0.0,
770,concession,P2,False,D4bc_process_aware,False,False,False,0,0,0,70.59749247855645,0.7135888066403302,0.0,
770,concession,P2,False,FULL_D3+D4bc,False,False,False,0,0,0,70.59749247855645,0.7135888066403302,0.0,
771,concession,P1,False,D0_none,False,False,False,1,0,0,91.16195035427401,0.6452389090210271,0.0,
771,concession,P1,False,D3_safety_auth,False,False,False,1,0,0,91.16195035427401,0.6452389090210271,0.0,
771,concession,P1,False,D4b_master_data,False,False,False,1,0,0,91.16195035427401,0.6452389090210271,0.0,
771,concession,P1,False,D4c_spc,False,False,False,1,0,0,91.16195035427401,0.6452389090210271,0.0,
771,concession,P1,False,D4bc_process_aware,False,False,False,1,0,0,91.16195035427401,0.6452389090210271,0.0,
771,concession,P1,False,FULL_D3+D4bc,False,False,False,1,0,0,91.16195035427401,0.6452389090210271,0.0,
772,concession,P3,False,D0_none,False,False,False,1,0,0,96.4658708219756,0.6140550633886585,0.0,
772,concession,P3,False,D3_safety_auth,False,False,False,1,0,0,96.4658708219756,0.6140550633886585,0.0,
772,concession,P3,False,D4b_master_data,False,False,False,1,0,0,96.4658708219756,0.6140550633886585,0.0,
772,concession,P3,False,D4c_spc,False,False,False,1,0,0,96.4658708219756,0.6140550633886585,0.0,
772,concession,P3,False,D4bc_process_aware,False,False,False,1,0,0,96.4658708219756,0.6140550633886585,0.0,
772,concession,P3,False,FULL_D3+D4bc,False,False,False,1,0,0,96.4658708219756,0.6140550633886585,0.0,
773,concession,P1,False,D0_none,False,False,False,1,0,0,91.05634296908187,0.6459872587985828,0.0,
773,concession,P1,False,D3_safety_auth,False,False,False,1,0,0,91.05634296908187,0.6459872587985828,0.0,
773,concession,P1,False,D4b_master_data,False,False,False,1,0,0,91.05634296908187,0.6459872587985828,0.0,
773,concession,P1,False,D4c_spc,False,False,False,1,0,0,91.05634296908187,0.6459872587985828,0.0,
773,concession,P1,False,D4bc_process_aware,False,False,False,1,0,0,91.05634296908187,0.6459872587985828,0.0,
773,concession,P1,False,FULL_D3+D4bc,False,False,False,1,0,0,91.05634296908187,0.6459872587985828,0.0,
774,concession,P1,False,D0_none,False,False,False,0,0,0,91.11951754422373,0.6677993646312513,0.0,
774,concession,P1,False,D3_safety_auth,False,False,False,0,0,0,91.11951754422373,0.6677993646312513,0.0,
774,concession,P1,False,D4b_master_data,False,False,False,0,0,0,91.11951754422373,0.6677993646312513,0.0,
774,concession,P1,False,D4c_spc,False,False,False,0,0,0,91.11951754422373,0.6677993646312513,0.0,
774,concession,P1,False,D4bc_process_aware,False,False,False,0,0,0,91.11951754422373,0.6677993646312513,0.0,
774,concession,P1,False,FULL_D3+D4bc,False,False,False,0,0,0,91.11951754422373,0.6677993646312513,0.0,
775,concession,P2,False,D0_none,False,False,False,0,0,0,70.40954395796773,0.7154936330740418,0.0,
775,concession,P2,False,D3_safety_auth,False,False,False,0,0,0,70.40954395796773,0.7154936330740418,0.0,
775,concession,P2,False,D4b_master_data,False,False,False,0,0,0,70.40954395796773,0.7154936330740418,0.0,
775,concession,P2,False,D4c_spc,False,False,False,0,0,0,70.40954395796773,0.7154936330740418,0.0,
775,concession,P2,False,D4bc_process_aware,False,False,False,0,0,0,70.40954395796773,0.7154936330740418,0.0,
775,concession,P2,False,FULL_D3+D4bc,False,False,False,0,0,0,70.40954395796773,0.7154936330740418,0.0,
776,concession,P2,False,D0_none,False,False,False,0,0,0,70.4142053487114,0.7154462676968164,0.0,
776,concession,P2,False,D3_safety_auth,False,False,False,0,0,0,70.4142053487114,0.7154462676968164,0.0,
776,concession,P2,False,D4b_master_data,False,False,False,0,0,0,70.4142053487114,0.7154462676968164,0.0,
776,concession,P2,False,D4c_spc,False,False,False,0,0,0,70.4142053487114,0.7154462676968164,0.0,
776,concession,P2,False,D4bc_process_aware,False,False,False,0,0,0,70.4142053487114,0.7154462676968164,0.0,
776,concession,P2,False,FULL_D3+D4bc,False,False,False,0,0,0,70.4142053487114,0.7154462676968164,0.0,
777,concession,P1,False,D0_none,False,False,False,1,0,1,90.92138546642454,0.6246376313862412,0.0,
777,concession,P1,False,D3_safety_auth,False,False,False,1,0,1,90.92138546642454,0.6246376313862412,0.0,
777,concession,P1,False,D4b_master_data,False,False,False,1,0,1,90.92138546642454,0.6246376313862412,0.0,
777,concession,P1,False,D4c_spc,False,False,False,1,0,1,90.92138546642454,0.6246376313862412,0.0,
777,concession,P1,False,D4bc_process_aware,False,False,False,1,0,1,90.92138546642454,0.6246376313862412,0.0,
777,concession,P1,False,FULL_D3+D4bc,False,False,False,1,0,1,90.92138546642454,0.6246376313862412,0.0,
778,concession,P1,False,D0_none,False,False,False,1,0,0,91.15131825941342,0.645314171139222,0.0,
778,concession,P1,False,D3_safety_auth,False,False,False,1,0,0,91.15131825941342,0.645314171139222,0.0,
778,concession,P1,False,D4b_master_data,False,False,False,1,0,0,91.15131825941342,0.645314171139222,0.0,
778,concession,P1,False,D4c_spc,False,False,False,1,0,0,91.15131825941342,0.645314171139222,0.0,
778,concession,P1,False,D4bc_process_aware,False,False,False,1,0,0,91.15131825941342,0.645314171139222,0.0,
778,concession,P1,False,FULL_D3+D4bc,False,False,False,1,0,0,91.15131825941342,0.645314171139222,0.0,
779,concession,P3,False,D0_none,False,False,False,2,0,0,96.17412465011631,0.5946792667276541,0.0,
779,concession,P3,False,D3_safety_auth,False,False,False,2,0,0,96.17412465011631,0.5946792667276541,0.0,
779,concession,P3,False,D4b_master_data,False,False,False,2,0,0,96.17412465011631,0.5946792667276541,0.0,
779,concession,P3,False,D4c_spc,False,True,True,1,0,0,111.17412465011631,0.5328160361851645,17.0,
779,concession,P3,False,D4bc_process_aware,False,True,True,1,0,0,111.17412465011631,0.5328160361851645,17.0,
779,concession,P3,False,FULL_D3+D4bc,False,True,True,1,0,0,111.17412465011631,0.5328160361851645,17.0,
780,concession,P3,False,D0_none,False,False,False,0,0,0,96.84995825903295,0.6327101840959267,0.0,
780,concession,P3,False,D3_safety_auth,False,False,False,0,0,0,96.84995825903295,0.6327101840959267,0.0,
780,concession,P3,False,D4b_master_data,False,False,False,0,0,0,96.84995825903295,0.6327101840959267,0.0,
780,concession,P3,False,D4c_spc,False,False,False,0,0,0,96.84995825903295,0.6327101840959267,0.0,
780,concession,P3,False,D4bc_process_aware,False,False,False,0,0,0,96.84995825903295,0.6327101840959267,0.0,
780,concession,P3,False,FULL_D3+D4bc,False,False,False,0,0,0,96.84995825903295,0.6327101840959267,0.0,
781,concession,P1,False,D0_none,False,False,False,1,0,1,91.17259843724722,0.6229165323086913,0.0,
781,concession,P1,False,D3_safety_auth,False,False,False,1,0,1,91.17259843724722,0.6229165323086913,0.0,
781,concession,P1,False,D4b_master_data,False,False,False,1,0,1,91.17259843724722,0.6229165323086913,0.0,
781,concession,P1,False,D4c_spc,False,True,False,0,0,0,108.17259843724723,0.5625228274130682,17.0,
781,concession,P1,False,D4bc_process_aware,False,True,False,0,0,0,108.17259843724723,0.5625228274130682,17.0,
781,concession,P1,False,FULL_D3+D4bc,False,True,False,0,0,0,108.17259843724723,0.5625228274130682,17.0,
782,concession,P3,False,D0_none,False,False,False,0,0,0,97.18674992429776,0.6305175856532619,0.0,
782,concession,P3,False,D3_safety_auth,False,False,False,0,0,0,97.18674992429776,0.6305175856532619,0.0,
782,concession,P3,False,D4b_master_data,False,False,False,0,0,0,97.18674992429776,0.6305175856532619,0.0,
782,concession,P3,False,D4c_spc,False,False,False,0,0,0,97.18674992429776,0.6305175856532619,0.0,
782,concession,P3,False,D4bc_process_aware,False,False,False,0,0,0,97.18674992429776,0.6305175856532619,0.0,
782,concession,P3,False,FULL_D3+D4bc,False,False,False,0,0,0,97.18674992429776,0.6305175856532619,0.0,
783,concession,P2,False,D0_none,False,False,False,0,0,0,70.44470130604816,0.7151365464764561,0.0,
783,concession,P2,False,D3_safety_auth,False,False,False,0,0,0,70.44470130604816,0.7151365464764561,0.0,
783,concession,P2,False,D4b_master_data,False,False,False,0,0,0,70.44470130604816,0.7151365464764561,0.0,
783,concession,P2,False,D4c_spc,False,False,False,0,0,0,70.44470130604816,0.7151365464764561,0.0,
783,concession,P2,False,D4bc_process_aware,False,False,False,0,0,0,70.44470130604816,0.7151365464764561,0.0,
783,concession,P2,False,FULL_D3+D4bc,False,False,False,0,0,0,70.44470130604816,0.7151365464764561,0.0,
784,concession,P3,False,D0_none,False,False,False,0,0,0,96.78819369758304,0.6331139427110288,0.0,
784,concession,P3,False,D3_safety_auth,False,False,False,0,0,0,96.78819369758304,0.6331139427110288,0.0,
784,concession,P3,False,D4b_master_data,False,False,False,0,0,0,96.78819369758304,0.6331139427110288,0.0,
784,concession,P3,False,D4c_spc,False,True,False,0,0,0,111.78819369758304,0.5481612404036942,17.0,
784,concession,P3,False,D4bc_process_aware,False,True,False,0,0,0,111.78819369758304,0.5481612404036942,17.0,
784,concession,P3,False,FULL_D3+D4bc,False,True,False,0,0,0,111.78819369758304,0.5481612404036942,17.0,
785,concession,P3,False,D0_none,False,False,False,0,0,0,96.74725424143199,0.6333818504744012,0.0,
785,concession,P3,False,D3_safety_auth,False,False,False,0,0,0,96.74725424143199,0.6333818504744012,0.0,
785,concession,P3,False,D4b_master_data,False,False,False,0,0,0,96.74725424143199,0.6333818504744012,0.0,
785,concession,P3,False,D4c_spc,False,False,False,0,0,0,96.74725424143199,0.6333818504744012,0.0,
785,concession,P3,False,D4bc_process_aware,False,False,False,0,0,0,96.74725424143199,0.6333818504744012,0.0,
785,concession,P3,False,FULL_D3+D4bc,False,False,False,0,0,0,96.74725424143199,0.6333818504744012,0.0,
786,concession,P3,False,D0_none,False,False,False,1,0,0,96.09796445211138,0.616405943249185,0.0,
786,concession,P3,False,D3_safety_auth,False,False,False,1,0,0,96.09796445211138,0.616405943249185,0.0,
786,concession,P3,False,D4b_master_data,False,False,False,1,0,0,96.09796445211138,0.616405943249185,0.0,
786,concession,P3,False,D4c_spc,False,False,False,1,0,0,96.09796445211138,0.616405943249185,0.0,
786,concession,P3,False,D4bc_process_aware,False,False,False,1,0,0,96.09796445211138,0.616405943249185,0.0,
786,concession,P3,False,FULL_D3+D4bc,False,False,False,1,0,0,96.09796445211138,0.616405943249185,0.0,
787,concession,P1,False,D0_none,False,False,False,0,0,0,90.89060863783257,0.6694812240063553,0.0,
787,concession,P1,False,D3_safety_auth,False,False,False,0,0,0,90.89060863783257,0.6694812240063553,0.0,
787,concession,P1,False,D4b_master_data,False,False,False,0,0,0,90.89060863783257,0.6694812240063553,0.0,
787,concession,P1,False,D4c_spc,False,False,False,0,0,0,90.89060863783257,0.6694812240063553,0.0,
787,concession,P1,False,D4bc_process_aware,False,False,False,0,0,0,90.89060863783257,0.6694812240063553,0.0,
787,concession,P1,False,FULL_D3+D4bc,False,False,False,0,0,0,90.89060863783257,0.6694812240063553,0.0,
788,concession,P2,False,D0_none,False,False,False,0,0,0,70.32022464621473,0.7164024384595671,0.0,
788,concession,P2,False,D3_safety_auth,False,False,False,0,0,0,70.32022464621473,0.7164024384595671,0.0,
788,concession,P2,False,D4b_master_data,False,False,False,0,0,0,70.32022464621473,0.7164024384595671,0.0,
788,concession,P2,False,D4c_spc,False,False,False,0,0,0,70.32022464621473,0.7164024384595671,0.0,
788,concession,P2,False,D4bc_process_aware,False,False,False,0,0,0,70.32022464621473,0.7164024384595671,0.0,
788,concession,P2,False,FULL_D3+D4bc,False,False,False,0,0,0,70.32022464621473,0.7164024384595671,0.0,
789,concession,P2,True,D0_none,False,False,False,0,0,0,70.11451795456217,0.7185042681491449,0.0,
789,concession,P2,True,D3_safety_auth,False,False,False,0,0,0,70.11451795456217,0.7185042681491449,0.0,
789,concession,P2,True,D4b_master_data,True,False,False,0,0,0,85.11451795456217,0.5918799943913977,15.0,feed outside quality window / no concession
789,concession,P2,True,D4c_spc,False,False,False,0,0,0,70.11451795456217,0.7185042681491449,0.0,
789,concession,P2,True,D4bc_process_aware,True,False,False,0,0,0,85.11451795456217,0.5918799943913977,15.0,feed outside quality window / no concession
789,concession,P2,True,FULL_D3+D4bc,True,False,False,0,0,0,85.11451795456217,0.5918799943913977,15.0,feed outside quality window / no concession
790,concession,P3,False,D0_none,False,False,False,1,0,0,97.0589741637055,0.6103027250475618,0.0,
790,concession,P3,False,D3_safety_auth,False,False,False,1,0,0,97.0589741637055,0.6103027250475618,0.0,
790,concession,P3,False,D4b_master_data,False,False,False,1,0,0,97.0589741637055,0.6103027250475618,0.0,
790,concession,P3,False,D4c_spc,False,False,False,1,0,0,97.0589741637055,0.6103027250475618,0.0,
790,concession,P3,False,D4bc_process_aware,False,False,False,1,0,0,97.0589741637055,0.6103027250475618,0.0,
790,concession,P3,False,FULL_D3+D4bc,False,False,False,1,0,0,97.0589741637055,0.6103027250475618,0.0,
791,concession,P1,False,D0_none,False,False,False,0,0,0,90.84978392471618,0.6697820654363087,0.0,
791,concession,P1,False,D3_safety_auth,False,False,False,0,0,0,90.84978392471618,0.6697820654363087,0.0,
791,concession,P1,False,D4b_master_data,False,False,False,0,0,0,90.84978392471618,0.6697820654363087,0.0,
791,concession,P1,False,D4c_spc,False,False,False,0,0,0,90.84978392471618,0.6697820654363087,0.0,
791,concession,P1,False,D4bc_process_aware,False,False,False,0,0,0,90.84978392471618,0.6697820654363087,0.0,
791,concession,P1,False,FULL_D3+D4bc,False,False,False,0,0,0,90.84978392471618,0.6697820654363087,0.0,
792,concession,P2,False,D0_none,False,False,False,0,0,0,70.18200850076666,0.7178133183381673,0.0,
792,concession,P2,False,D3_safety_auth,False,False,False,0,0,0,70.18200850076666,0.7178133183381673,0.0,
792,concession,P2,False,D4b_master_data,False,False,False,0,0,0,70.18200850076666,0.7178133183381673,0.0,
792,concession,P2,False,D4c_spc,False,False,False,0,0,0,70.18200850076666,0.7178133183381673,0.0,
792,concession,P2,False,D4bc_process_aware,False,False,False,0,0,0,70.18200850076666,0.7178133183381673,0.0,
792,concession,P2,False,FULL_D3+D4bc,False,False,False,0,0,0,70.18200850076666,0.7178133183381673,0.0,
793,concession,P2,False,D0_none,False,False,False,0,0,0,70.45652219468478,0.7150165639792713,0.0,
793,concession,P2,False,D3_safety_auth,False,False,False,0,0,0,70.45652219468478,0.7150165639792713,0.0,
793,concession,P2,False,D4b_master_data,False,False,False,0,0,0,70.45652219468478,0.7150165639792713,0.0,
793,concession,P2,False,D4c_spc,False,False,False,0,0,0,70.45652219468478,0.7150165639792713,0.0,
793,concession,P2,False,D4bc_process_aware,False,False,False,0,0,0,70.45652219468478,0.7150165639792713,0.0,
793,concession,P2,False,FULL_D3+D4bc,False,False,False,0,0,0,70.45652219468478,0.7150165639792713,0.0,
794,concession,P3,False,D0_none,False,False,False,0,0,0,96.68619717408762,0.633781829369315,0.0,
794,concession,P3,False,D3_safety_auth,False,False,False,0,0,0,96.68619717408762,0.633781829369315,0.0,
794,concession,P3,False,D4b_master_data,False,False,False,0,0,0,96.68619717408762,0.633781829369315,0.0,
794,concession,P3,False,D4c_spc,False,False,False,0,0,0,96.68619717408762,0.633781829369315,0.0,
794,concession,P3,False,D4bc_process_aware,False,False,False,0,0,0,96.68619717408762,0.633781829369315,0.0,
794,concession,P3,False,FULL_D3+D4bc,False,False,False,0,0,0,96.68619717408762,0.633781829369315,0.0,
795,concession,P2,False,D0_none,False,False,False,0,0,0,70.47554275135475,0.7148235890471999,0.0,
795,concession,P2,False,D3_safety_auth,False,False,False,0,0,0,70.47554275135475,0.7148235890471999,0.0,
795,concession,P2,False,D4b_master_data,False,False,False,0,0,0,70.47554275135475,0.7148235890471999,0.0,
795,concession,P2,False,D4c_spc,False,False,False,0,0,0,70.47554275135475,0.7148235890471999,0.0,
795,concession,P2,False,D4bc_process_aware,False,False,False,0,0,0,70.47554275135475,0.7148235890471999,0.0,
795,concession,P2,False,FULL_D3+D4bc,False,False,False,0,0,0,70.47554275135475,0.7148235890471999,0.0,
796,concession,P1,False,D0_none,False,False,False,0,0,0,90.99373119639108,0.6687225056219271,0.0,
796,concession,P1,False,D3_safety_auth,False,False,False,0,0,0,90.99373119639108,0.6687225056219271,0.0,
796,concession,P1,False,D4b_master_data,False,False,False,0,0,0,90.99373119639108,0.6687225056219271,0.0,
796,concession,P1,False,D4c_spc,False,False,False,0,0,0,90.99373119639108,0.6687225056219271,0.0,
796,concession,P1,False,D4bc_process_aware,False,False,False,0,0,0,90.99373119639108,0.6687225056219271,0.0,
796,concession,P1,False,FULL_D3+D4bc,False,False,False,0,0,0,90.99373119639108,0.6687225056219271,0.0,
797,concession,P2,False,D0_none,False,False,False,0,0,0,70.40954395796773,0.7154936330740418,0.0,
797,concession,P2,False,D3_safety_auth,False,False,False,0,0,0,70.40954395796773,0.7154936330740418,0.0,
797,concession,P2,False,D4b_master_data,False,False,False,0,0,0,70.40954395796773,0.7154936330740418,0.0,
797,concession,P2,False,D4c_spc,False,False,False,0,0,0,70.40954395796773,0.7154936330740418,0.0,
797,concession,P2,False,D4bc_process_aware,False,False,False,0,0,0,70.40954395796773,0.7154936330740418,0.0,
797,concession,P2,False,FULL_D3+D4bc,False,False,False,0,0,0,70.40954395796773,0.7154936330740418,0.0,
798,concession,P2,False,D0_none,False,False,False,0,0,0,70.37713761846778,0.7158230941798507,0.0,
798,concession,P2,False,D3_safety_auth,False,False,False,0,0,0,70.37713761846778,0.7158230941798507,0.0,
798,concession,P2,False,D4b_master_data,False,False,False,0,0,0,70.37713761846778,0.7158230941798507,0.0,
798,concession,P2,False,D4c_spc,False,False,False,0,0,0,70.37713761846778,0.7158230941798507,0.0,
798,concession,P2,False,D4bc_process_aware,False,False,False,0,0,0,70.37713761846778,0.7158230941798507,0.0,
798,concession,P2,False,FULL_D3+D4bc,False,False,False,0,0,0,70.37713761846778,0.7158230941798507,0.0,
799,concession,P2,False,D0_none,False,False,False,0,0,0,70.45652219468478,0.7150165639792713,0.0,
799,concession,P2,False,D3_safety_auth,False,False,False,0,0,0,70.45652219468478,0.7150165639792713,0.0,
799,concession,P2,False,D4b_master_data,False,False,False,0,0,0,70.45652219468478,0.7150165639792713,0.0,
799,concession,P2,False,D4c_spc,False,False,False,0,0,0,70.45652219468478,0.7150165639792713,0.0,
799,concession,P2,False,D4bc_process_aware,False,False,False,0,0,0,70.45652219468478,0.7150165639792713,0.0,
799,concession,P2,False,FULL_D3+D4bc,False,False,False,0,0,0,70.45652219468478,0.7150165639792713,0.0,
800,concession,P3,False,D0_none,False,False,False,2,0,0,96.02247675033598,0.5956184412302723,0.0,
800,concession,P3,False,D3_safety_auth,False,False,False,2,0,0,96.02247675033598,0.5956184412302723,0.0,
800,concession,P3,False,D4b_master_data,False,False,False,2,0,0,96.02247675033598,0.5956184412302723,0.0,
800,concession,P3,False,D4c_spc,False,False,False,2,0,0,96.02247675033598,0.5956184412302723,0.0,
800,concession,P3,False,D4bc_process_aware,False,False,False,2,0,0,96.02247675033598,0.5956184412302723,0.0,
800,concession,P3,False,FULL_D3+D4bc,False,False,False,2,0,0,96.02247675033598,0.5956184412302723,0.0,
801,concession,P3,False,D0_none,False,False,False,0,0,0,96.27028436260295,0.6365199326611682,0.0,
801,concession,P3,False,D3_safety_auth,False,False,False,0,0,0,96.27028436260295,0.6365199326611682,0.0,
801,concession,P3,False,D4b_master_data,False,False,False,0,0,0,96.27028436260295,0.6365199326611682,0.0,
801,concession,P3,False,D4c_spc,False,False,False,0,0,0,96.27028436260295,0.6365199326611682,0.0,
801,concession,P3,False,D4bc_process_aware,False,False,False,0,0,0,96.27028436260295,0.6365199326611682,0.0,
801,concession,P3,False,FULL_D3+D4bc,False,False,False,0,0,0,96.27028436260295,0.6365199326611682,0.0,
802,concession,P2,False,D0_none,False,False,False,0,0,0,70.55051705581234,0.7140639432836361,0.0,
802,concession,P2,False,D3_safety_auth,False,False,False,0,0,0,70.55051705581234,0.7140639432836361,0.0,
802,concession,P2,False,D4b_master_data,False,False,False,0,0,0,70.55051705581234,0.7140639432836361,0.0,
802,concession,P2,False,D4c_spc,False,False,False,0,0,0,70.55051705581234,0.7140639432836361,0.0,
802,concession,P2,False,D4bc_process_aware,False,False,False,0,0,0,70.55051705581234,0.7140639432836361,0.0,
802,concession,P2,False,FULL_D3+D4bc,False,False,False,0,0,0,70.55051705581234,0.7140639432836361,0.0,
803,concession,P1,False,D0_none,False,False,False,3,0,0,90.74876434831418,0.6034748872082272,0.0,
803,concession,P1,False,D3_safety_auth,False,False,False,3,0,0,90.74876434831418,0.6034748872082272,0.0,
803,concession,P1,False,D4b_master_data,False,False,False,3,0,0,90.74876434831418,0.6034748872082272,0.0,
803,concession,P1,False,D4c_spc,False,False,False,3,0,0,90.74876434831418,0.6034748872082272,0.0,
803,concession,P1,False,D4bc_process_aware,False,False,False,3,0,0,90.74876434831418,0.6034748872082272,0.0,
803,concession,P1,False,FULL_D3+D4bc,False,False,False,3,0,0,90.74876434831418,0.6034748872082272,0.0,
804,concession,P2,False,D0_none,False,False,False,0,0,0,70.3022660820081,0.7165854419373476,0.0,
804,concession,P2,False,D3_safety_auth,False,False,False,0,0,0,70.3022660820081,0.7165854419373476,0.0,
804,concession,P2,False,D4b_master_data,False,False,False,0,0,0,70.3022660820081,0.7165854419373476,0.0,
804,concession,P2,False,D4c_spc,False,False,False,0,0,0,70.3022660820081,0.7165854419373476,0.0,
804,concession,P2,False,D4bc_process_aware,False,False,False,0,0,0,70.3022660820081,0.7165854419373476,0.0,
804,concession,P2,False,FULL_D3+D4bc,False,False,False,0,0,0,70.3022660820081,0.7165854419373476,0.0,
805,concession,P1,False,D0_none,False,False,False,0,0,0,90.79908925442075,0.6701560161141833,0.0,
805,concession,P1,False,D3_safety_auth,False,False,False,0,0,0,90.79908925442075,0.6701560161141833,0.0,
805,concession,P1,False,D4b_master_data,False,False,False,0,0,0,90.79908925442075,0.6701560161141833,0.0,
805,concession,P1,False,D4c_spc,False,False,False,0,0,0,90.79908925442075,0.6701560161141833,0.0,
805,concession,P1,False,D4bc_process_aware,False,False,False,0,0,0,90.79908925442075,0.6701560161141833,0.0,
805,concession,P1,False,FULL_D3+D4bc,False,False,False,0,0,0,90.79908925442075,0.6701560161141833,0.0,
806,concession,P3,False,D0_none,False,False,False,0,0,0,96.25096637114598,0.6366476850057414,0.0,
806,concession,P3,False,D3_safety_auth,False,False,False,0,0,0,96.25096637114598,0.6366476850057414,0.0,
806,concession,P3,False,D4b_master_data,False,False,False,0,0,0,96.25096637114598,0.6366476850057414,0.0,
806,concession,P3,False,D4c_spc,False,False,False,0,0,0,96.25096637114598,0.6366476850057414,0.0,
806,concession,P3,False,D4bc_process_aware,False,False,False,0,0,0,96.25096637114598,0.6366476850057414,0.0,
806,concession,P3,False,FULL_D3+D4bc,False,False,False,0,0,0,96.25096637114598,0.6366476850057414,0.0,
807,concession,P2,False,D0_none,False,False,False,0,0,0,70.44234327170166,0.7151604854378919,0.0,
807,concession,P2,False,D3_safety_auth,False,False,False,0,0,0,70.44234327170166,0.7151604854378919,0.0,
807,concession,P2,False,D4b_master_data,False,False,False,0,0,0,70.44234327170166,0.7151604854378919,0.0,
807,concession,P2,False,D4c_spc,False,False,False,0,0,0,70.44234327170166,0.7151604854378919,0.0,
807,concession,P2,False,D4bc_process_aware,False,False,False,0,0,0,70.44234327170166,0.7151604854378919,0.0,
807,concession,P2,False,FULL_D3+D4bc,False,False,False,0,0,0,70.44234327170166,0.7151604854378919,0.0,
808,concession,P3,False,D0_none,False,False,False,0,0,0,96.82932246913815,0.6328450241845524,0.0,
808,concession,P3,False,D3_safety_auth,False,False,False,0,0,0,96.82932246913815,0.6328450241845524,0.0,
808,concession,P3,False,D4b_master_data,False,False,False,0,0,0,96.82932246913815,0.6328450241845524,0.0,
808,concession,P3,False,D4c_spc,False,False,False,0,0,0,96.82932246913815,0.6328450241845524,0.0,
808,concession,P3,False,D4bc_process_aware,False,False,False,0,0,0,96.82932246913815,0.6328450241845524,0.0,
808,concession,P3,False,FULL_D3+D4bc,False,False,False,0,0,0,96.82932246913815,0.6328450241845524,0.0,
809,concession,P3,False,D0_none,False,False,False,0,0,0,96.87064187231107,0.6325750891640461,0.0,
809,concession,P3,False,D3_safety_auth,False,False,False,0,0,0,96.87064187231107,0.6325750891640461,0.0,
809,concession,P3,False,D4b_master_data,False,False,False,0,0,0,96.87064187231107,0.6325750891640461,0.0,
809,concession,P3,False,D4c_spc,False,False,False,0,0,0,96.87064187231107,0.6325750891640461,0.0,
809,concession,P3,False,D4bc_process_aware,False,False,False,0,0,0,96.87064187231107,0.6325750891640461,0.0,
809,concession,P3,False,FULL_D3+D4bc,False,False,False,0,0,0,96.87064187231107,0.6325750891640461,0.0,
810,concession,P1,False,D0_none,False,False,False,0,0,0,90.93167473875732,0.669178876297581,0.0,
810,concession,P1,False,D3_safety_auth,False,False,False,0,0,0,90.93167473875732,0.669178876297581,0.0,
810,concession,P1,False,D4b_master_data,False,False,False,0,0,0,90.93167473875732,0.669178876297581,0.0,
810,concession,P1,False,D4c_spc,False,False,False,0,0,0,90.93167473875732,0.669178876297581,0.0,
810,concession,P1,False,D4bc_process_aware,False,False,False,0,0,0,90.93167473875732,0.669178876297581,0.0,
810,concession,P1,False,FULL_D3+D4bc,False,False,False,0,0,0,90.93167473875732,0.669178876297581,0.0,
811,concession,P2,False,D0_none,False,False,False,0,0,0,70.15649184011455,0.7180743946601894,0.0,
811,concession,P2,False,D3_safety_auth,False,False,False,0,0,0,70.15649184011455,0.7180743946601894,0.0,
811,concession,P2,False,D4b_master_data,False,False,False,0,0,0,70.15649184011455,0.7180743946601894,0.0,
811,concession,P2,False,D4c_spc,False,False,False,0,0,0,70.15649184011455,0.7180743946601894,0.0,
811,concession,P2,False,D4bc_process_aware,False,False,False,0,0,0,70.15649184011455,0.7180743946601894,0.0,
811,concession,P2,False,FULL_D3+D4bc,False,False,False,0,0,0,70.15649184011455,0.7180743946601894,0.0,
812,concession,P3,False,D0_none,False,False,False,0,0,0,96.72685509862576,0.6335154270990678,0.0,
812,concession,P3,False,D3_safety_auth,False,False,False,0,0,0,96.72685509862576,0.6335154270990678,0.0,
812,concession,P3,False,D4b_master_data,False,False,False,0,0,0,96.72685509862576,0.6335154270990678,0.0,
812,concession,P3,False,D4c_spc,False,False,False,0,0,0,96.72685509862576,0.6335154270990678,0.0,
812,concession,P3,False,D4bc_process_aware,False,False,False,0,0,0,96.72685509862576,0.6335154270990678,0.0,
812,concession,P3,False,FULL_D3+D4bc,False,False,False,0,0,0,96.72685509862576,0.6335154270990678,0.0,
813,concession,P1,False,D0_none,False,False,False,0,0,0,90.97298437475071,0.6688750109689419,0.0,
813,concession,P1,False,D3_safety_auth,False,False,False,0,0,0,90.97298437475071,0.6688750109689419,0.0,
813,concession,P1,False,D4b_master_data,False,False,False,0,0,0,90.97298437475071,0.6688750109689419,0.0,
813,concession,P1,False,D4c_spc,False,False,False,0,0,0,90.97298437475071,0.6688750109689419,0.0,
813,concession,P1,False,D4bc_process_aware,False,False,False,0,0,0,90.97298437475071,0.6688750109689419,0.0,
813,concession,P1,False,FULL_D3+D4bc,False,False,False,0,0,0,90.97298437475071,0.6688750109689419,0.0,
814,concession,P1,False,D0_none,False,False,False,2,0,0,90.82946142445986,0.625269796489279,0.0,
814,concession,P1,False,D3_safety_auth,False,False,False,2,0,0,90.82946142445986,0.625269796489279,0.0,
814,concession,P1,False,D4b_master_data,False,False,False,2,0,0,90.82946142445986,0.625269796489279,0.0,
814,concession,P1,False,D4c_spc,False,False,False,2,0,0,90.82946142445986,0.625269796489279,0.0,
814,concession,P1,False,D4bc_process_aware,False,False,False,2,0,0,90.82946142445986,0.625269796489279,0.0,
814,concession,P1,False,FULL_D3+D4bc,False,False,False,2,0,0,90.82946142445986,0.625269796489279,0.0,
815,concession,P3,False,D0_none,False,False,False,1,0,0,96.58536366682375,0.6132953707848098,0.0,
815,concession,P3,False,D3_safety_auth,False,False,False,1,0,0,96.58536366682375,0.6132953707848098,0.0,
815,concession,P3,False,D4b_master_data,False,False,False,1,0,0,96.58536366682375,0.6132953707848098,0.0,
815,concession,P3,False,D4c_spc,False,False,False,1,0,0,96.58536366682375,0.6132953707848098,0.0,
815,concession,P3,False,D4bc_process_aware,False,False,False,1,0,0,96.58536366682375,0.6132953707848098,0.0,
815,concession,P3,False,FULL_D3+D4bc,False,False,False,1,0,0,96.58536366682375,0.6132953707848098,0.0,
816,concession,P3,False,D0_none,False,False,False,0,0,0,97.01678029883702,0.6316222279383366,0.0,
816,concession,P3,False,D3_safety_auth,False,False,False,0,0,0,97.01678029883702,0.6316222279383366,0.0,
816,concession,P3,False,D4b_master_data,False,False,False,0,0,0,97.01678029883702,0.6316222279383366,0.0,
816,concession,P3,False,D4c_spc,False,False,False,0,0,0,97.01678029883702,0.6316222279383366,0.0,
816,concession,P3,False,D4bc_process_aware,False,False,False,0,0,0,97.01678029883702,0.6316222279383366,0.0,
816,concession,P3,False,FULL_D3+D4bc,False,False,False,0,0,0,97.01678029883702,0.6316222279383366,0.0,
817,concession,P1,False,D0_none,False,False,False,0,0,0,90.75879994272906,0.6704535093008751,0.0,
817,concession,P1,False,D3_safety_auth,False,False,False,0,0,0,90.75879994272906,0.6704535093008751,0.0,
817,concession,P1,False,D4b_master_data,False,False,False,0,0,0,90.75879994272906,0.6704535093008751,0.0,
817,concession,P1,False,D4c_spc,False,False,False,0,0,0,90.75879994272906,0.6704535093008751,0.0,
817,concession,P1,False,D4bc_process_aware,False,False,False,0,0,0,90.75879994272906,0.6704535093008751,0.0,
817,concession,P1,False,FULL_D3+D4bc,False,False,False,0,0,0,90.75879994272906,0.6704535093008751,0.0,
818,concession,P2,False,D0_none,False,False,False,0,1,0,70.3656578199655,0.6920752145009587,0.0,
818,concession,P2,False,D3_safety_auth,False,False,False,0,1,0,70.3656578199655,0.6920752145009587,0.0,
818,concession,P2,False,D4b_master_data,False,False,False,0,1,0,70.3656578199655,0.6920752145009587,0.0,
818,concession,P2,False,D4c_spc,False,True,True,0,1,0,87.36565781996552,0.5574081274544554,17.0,
818,concession,P2,False,D4bc_process_aware,False,True,True,0,1,0,87.36565781996552,0.5574081274544554,17.0,
818,concession,P2,False,FULL_D3+D4bc,False,True,True,0,1,0,87.36565781996552,0.5574081274544554,17.0,
819,concession,P2,False,D0_none,False,False,False,0,0,0,70.47554275135475,0.7148235890471999,0.0,
819,concession,P2,False,D3_safety_auth,False,False,False,0,0,0,70.47554275135475,0.7148235890471999,0.0,
819,concession,P2,False,D4b_master_data,False,False,False,0,0,0,70.47554275135475,0.7148235890471999,0.0,
819,concession,P2,False,D4c_spc,False,False,False,0,0,0,70.47554275135475,0.7148235890471999,0.0,
819,concession,P2,False,D4bc_process_aware,False,False,False,0,0,0,70.47554275135475,0.7148235890471999,0.0,
819,concession,P2,False,FULL_D3+D4bc,False,False,False,0,0,0,70.47554275135475,0.7148235890471999,0.0,
820,concession,P2,False,D0_none,False,False,False,0,0,0,70.35422693411128,0.7160562002444119,0.0,
820,concession,P2,False,D3_safety_auth,False,False,False,0,0,0,70.35422693411128,0.7160562002444119,0.0,
820,concession,P2,False,D4b_master_data,False,False,False,0,0,0,70.35422693411128,0.7160562002444119,0.0,
820,concession,P2,False,D4c_spc,False,False,False,0,0,0,70.35422693411128,0.7160562002444119,0.0,
820,concession,P2,False,D4bc_process_aware,False,False,False,0,0,0,70.35422693411128,0.7160562002444119,0.0,
820,concession,P2,False,FULL_D3+D4bc,False,False,False,0,0,0,70.35422693411128,0.7160562002444119,0.0,
821,concession,P3,False,D0_none,False,False,False,1,0,0,96.00370885976237,0.6170111251530765,0.0,
821,concession,P3,False,D3_safety_auth,False,False,False,1,0,0,96.00370885976237,0.6170111251530765,0.0,
821,concession,P3,False,D4b_master_data,False,False,False,1,0,0,96.00370885976237,0.6170111251530765,0.0,
821,concession,P3,False,D4c_spc,False,False,False,1,0,0,96.00370885976237,0.6170111251530765,0.0,
821,concession,P3,False,D4bc_process_aware,False,False,False,1,0,0,96.00370885976237,0.6170111251530765,0.0,
821,concession,P3,False,FULL_D3+D4bc,False,False,False,1,0,0,96.00370885976237,0.6170111251530765,0.0,
822,concession,P2,False,D0_none,False,False,False,0,0,0,70.3656578199655,0.7159398770699572,0.0,
822,concession,P2,False,D3_safety_auth,False,False,False,0,0,0,70.3656578199655,0.7159398770699572,0.0,
822,concession,P2,False,D4b_master_data,False,False,False,0,0,0,70.3656578199655,0.7159398770699572,0.0,
822,concession,P2,False,D4c_spc,False,False,False,0,0,0,70.3656578199655,0.7159398770699572,0.0,
822,concession,P2,False,D4bc_process_aware,False,False,False,0,0,0,70.3656578199655,0.7159398770699572,0.0,
822,concession,P2,False,FULL_D3+D4bc,False,False,False,0,0,0,70.3656578199655,0.7159398770699572,0.0,
823,concession,P1,False,D0_none,False,False,False,0,0,0,90.94197923190742,0.6691030526877889,0.0,
823,concession,P1,False,D3_safety_auth,False,False,False,0,0,0,90.94197923190742,0.6691030526877889,0.0,
823,concession,P1,False,D4b_master_data,False,False,False,0,0,0,90.94197923190742,0.6691030526877889,0.0,
823,concession,P1,False,D4c_spc,False,False,False,0,0,0,90.94197923190742,0.6691030526877889,0.0,
823,concession,P1,False,D4bc_process_aware,False,False,False,0,0,0,90.94197923190742,0.6691030526877889,0.0,
823,concession,P1,False,FULL_D3+D4bc,False,False,False,0,0,0,90.94197923190742,0.6691030526877889,0.0,
824,concession,P2,False,D0_none,False,False,False,0,0,0,70.19916037002857,0.7176379339015773,0.0,
824,concession,P2,False,D3_safety_auth,False,False,False,0,0,0,70.19916037002857,0.7176379339015773,0.0,
824,concession,P2,False,D4b_master_data,False,False,False,0,0,0,70.19916037002857,0.7176379339015773,0.0,
824,concession,P2,False,D4c_spc,False,False,False,0,0,0,70.19916037002857,0.7176379339015773,0.0,
824,concession,P2,False,D4bc_process_aware,False,False,False,0,0,0,70.19916037002857,0.7176379339015773,0.0,
824,concession,P2,False,FULL_D3+D4bc,False,False,False,0,0,0,70.19916037002857,0.7176379339015773,0.0,
825,concession,P1,False,D0_none,False,False,False,0,0,0,91.20463897629145,0.6671761064407759,0.0,
825,concession,P1,False,D3_safety_auth,False,False,False,0,0,0,91.20463897629145,0.6671761064407759,0.0,
825,concession,P1,False,D4b_master_data,False,False,False,0,0,0,91.20463897629145,0.6671761064407759,0.0,
825,concession,P1,False,D4c_spc,False,False,False,0,0,0,91.20463897629145,0.6671761064407759,0.0,
825,concession,P1,False,D4bc_process_aware,False,False,False,0,0,0,91.20463897629145,0.6671761064407759,0.0,
825,concession,P1,False,FULL_D3+D4bc,False,False,False,0,0,0,91.20463897629145,0.6671761064407759,0.0,
826,concession,P1,True,D0_none,False,False,False,1,0,0,90.73874338304572,0.6482483137606618,0.0,
826,concession,P1,True,D3_safety_auth,False,False,False,1,0,0,90.73874338304572,0.6482483137606618,0.0,
826,concession,P1,True,D4b_master_data,True,False,False,1,0,0,105.73874338304572,0.5562884096110061,15.0,feed outside quality window / no concession
826,concession,P1,True,D4c_spc,False,False,False,1,0,0,90.73874338304572,0.6482483137606618,0.0,
826,concession,P1,True,D4bc_process_aware,True,False,False,1,0,0,105.73874338304572,0.5562884096110061,15.0,feed outside quality window / no concession
826,concession,P1,True,FULL_D3+D4bc,True,False,False,1,0,0,105.73874338304572,0.5562884096110061,15.0,feed outside quality window / no concession
827,concession,P2,False,D0_none,False,False,False,0,0,0,70.3022660820081,0.7165854419373476,0.0,
827,concession,P2,False,D3_safety_auth,False,False,False,0,0,0,70.3022660820081,0.7165854419373476,0.0,
827,concession,P2,False,D4b_master_data,False,False,False,0,0,0,70.3022660820081,0.7165854419373476,0.0,
827,concession,P2,False,D4c_spc,False,False,False,0,0,0,70.3022660820081,0.7165854419373476,0.0,
827,concession,P2,False,D4bc_process_aware,False,False,False,0,0,0,70.3022660820081,0.7165854419373476,0.0,
827,concession,P2,False,FULL_D3+D4bc,False,False,False,0,0,0,70.3022660820081,0.7165854419373476,0.0,
828,concession,P3,False,D0_none,False,False,False,0,0,0,96.93298132070277,0.6321682680636577,0.0,
828,concession,P3,False,D3_safety_auth,False,False,False,0,0,0,96.93298132070277,0.6321682680636577,0.0,
828,concession,P3,False,D4b_master_data,False,False,False,0,0,0,96.93298132070277,0.6321682680636577,0.0,
828,concession,P3,False,D4c_spc,False,False,False,0,0,0,96.93298132070277,0.6321682680636577,0.0,
828,concession,P3,False,D4bc_process_aware,False,False,False,0,0,0,96.93298132070277,0.6321682680636577,0.0,
828,concession,P3,False,FULL_D3+D4bc,False,False,False,0,0,0,96.93298132070277,0.6321682680636577,0.0,
829,concession,P2,False,D0_none,False,False,False,0,0,0,70.56526599395887,0.7139146958488845,0.0,
829,concession,P2,False,D3_safety_auth,False,False,False,0,0,0,70.56526599395887,0.7139146958488845,0.0,
829,concession,P2,False,D4b_master_data,False,False,False,0,0,0,70.56526599395887,0.7139146958488845,0.0,
829,concession,P2,False,D4c_spc,False,False,False,0,0,0,70.56526599395887,0.7139146958488845,0.0,
829,concession,P2,False,D4bc_process_aware,False,False,False,0,0,0,70.56526599395887,0.7139146958488845,0.0,
829,concession,P2,False,FULL_D3+D4bc,False,False,False,0,0,0,70.56526599395887,0.7139146958488845,0.0,
830,concession,P2,False,D0_none,False,False,False,0,0,0,70.22727562993309,0.7173506299039779,0.0,
830,concession,P2,False,D3_safety_auth,False,False,False,0,0,0,70.22727562993309,0.7173506299039779,0.0,
830,concession,P2,False,D4b_master_data,False,False,False,0,0,0,70.22727562993309,0.7173506299039779,0.0,
830,concession,P2,False,D4c_spc,False,False,False,0,0,0,70.22727562993309,0.7173506299039779,0.0,
830,concession,P2,False,D4bc_process_aware,False,False,False,0,0,0,70.22727562993309,0.7173506299039779,0.0,
830,concession,P2,False,FULL_D3+D4bc,False,False,False,0,0,0,70.22727562993309,0.7173506299039779,0.0,
831,concession,P2,False,D0_none,False,False,False,0,0,0,70.24254093214815,0.7171947332918348,0.0,
831,concession,P2,False,D3_safety_auth,False,False,False,0,0,0,70.24254093214815,0.7171947332918348,0.0,
831,concession,P2,False,D4b_master_data,False,False,False,0,0,0,70.24254093214815,0.7171947332918348,0.0,
831,concession,P2,False,D4c_spc,False,False,False,0,0,0,70.24254093214815,0.7171947332918348,0.0,
831,concession,P2,False,D4bc_process_aware,False,False,False,0,0,0,70.24254093214815,0.7171947332918348,0.0,
831,concession,P2,False,FULL_D3+D4bc,False,False,False,0,0,0,70.24254093214815,0.7171947332918348,0.0,
832,concession,P2,False,D0_none,False,False,False,0,0,0,70.49229484893324,0.7146537152398457,0.0,
832,concession,P2,False,D3_safety_auth,False,False,False,0,0,0,70.49229484893324,0.7146537152398457,0.0,
832,concession,P2,False,D4b_master_data,False,False,False,0,0,0,70.49229484893324,0.7146537152398457,0.0,
832,concession,P2,False,D4c_spc,False,False,False,0,0,0,70.49229484893324,0.7146537152398457,0.0,
832,concession,P2,False,D4bc_process_aware,False,False,False,0,0,0,70.49229484893324,0.7146537152398457,0.0,
832,concession,P2,False,FULL_D3+D4bc,False,False,False,0,0,0,70.49229484893324,0.7146537152398457,0.0,
833,concession,P2,True,D0_none,False,False,False,0,0,0,70.19486176699426,0.7176818807165227,0.0,
833,concession,P2,True,D3_safety_auth,False,False,False,0,0,0,70.19486176699426,0.7176818807165227,0.0,
833,concession,P2,True,D4b_master_data,True,False,False,0,0,0,85.19486176699426,0.591321816418391,15.0,feed outside quality window / no concession
833,concession,P2,True,D4c_spc,False,False,False,0,0,0,70.19486176699426,0.7176818807165227,0.0,
833,concession,P2,True,D4bc_process_aware,True,False,False,0,0,0,85.19486176699426,0.591321816418391,15.0,feed outside quality window / no concession
833,concession,P2,True,FULL_D3+D4bc,True,False,False,0,0,0,85.19486176699426,0.591321816418391,15.0,feed outside quality window / no concession
834,concession,P3,False,D0_none,False,False,False,0,0,0,96.06013709712876,0.6379124241494254,0.0,
834,concession,P3,False,D3_safety_auth,False,False,False,0,0,0,96.06013709712876,0.6379124241494254,0.0,
834,concession,P3,False,D4b_master_data,False,False,False,0,0,0,96.06013709712876,0.6379124241494254,0.0,
834,concession,P3,False,D4c_spc,False,False,False,0,0,0,96.06013709712876,0.6379124241494254,0.0,
834,concession,P3,False,D4bc_process_aware,False,False,False,0,0,0,96.06013709712876,0.6379124241494254,0.0,
834,concession,P3,False,FULL_D3+D4bc,False,False,False,0,0,0,96.06013709712876,0.6379124241494254,0.0,
835,concession,P2,False,D0_none,False,False,False,0,0,0,70.18414629305249,0.7177914539164187,0.0,
835,concession,P2,False,D3_safety_auth,False,False,False,0,0,0,70.18414629305249,0.7177914539164187,0.0,
835,concession,P2,False,D4b_master_data,False,False,False,0,0,0,70.18414629305249,0.7177914539164187,0.0,
835,concession,P2,False,D4c_spc,False,False,False,0,0,0,70.18414629305249,0.7177914539164187,0.0,
835,concession,P2,False,D4bc_process_aware,False,False,False,0,0,0,70.18414629305249,0.7177914539164187,0.0,
835,concession,P2,False,FULL_D3+D4bc,False,False,False,0,0,0,70.18414629305249,0.7177914539164187,0.0,
836,concession,P3,False,D0_none,False,False,False,2,0,0,96.44611304955257,0.5930022073125994,0.0,
836,concession,P3,False,D3_safety_auth,False,False,False,2,0,0,96.44611304955257,0.5930022073125994,0.0,
836,concession,P3,False,D4b_master_data,False,False,False,2,0,0,96.44611304955257,0.5930022073125994,0.0,
836,concession,P3,False,D4c_spc,False,True,True,2,0,0,113.44611304955258,0.5041403040413004,17.0,
836,concession,P3,False,D4bc_process_aware,False,True,True,2,0,0,113.44611304955258,0.5041403040413004,17.0,
836,concession,P3,False,FULL_D3+D4bc,False,True,True,2,0,0,113.44611304955258,0.5041403040413004,17.0,
837,concession,P3,False,D0_none,False,False,False,1,0,0,97.03785255649638,0.6104355657287754,0.0,
837,concession,P3,False,D3_safety_auth,False,False,False,1,0,0,97.03785255649638,0.6104355657287754,0.0,
837,concession,P3,False,D4b_master_data,False,False,False,1,0,0,97.03785255649638,0.6104355657287754,0.0,
837,concession,P3,False,D4c_spc,False,False,False,1,0,0,97.03785255649638,0.6104355657287754,0.0,
837,concession,P3,False,D4bc_process_aware,False,False,False,1,0,0,97.03785255649638,0.6104355657287754,0.0,
837,concession,P3,False,FULL_D3+D4bc,False,False,False,1,0,0,97.03785255649638,0.6104355657287754,0.0,
838,concession,P1,True,D0_none,False,False,False,0,0,0,91.15131825941342,0.6675663839371262,0.0,
838,concession,P1,True,D3_safety_auth,False,False,False,0,0,0,91.15131825941342,0.6675663839371262,0.0,
838,concession,P1,True,D4b_master_data,True,False,False,0,0,0,106.15131825941342,0.5732341050427103,15.0,feed outside quality window / no concession
838,concession,P1,True,D4c_spc,False,True,False,0,0,0,108.15131825941342,0.562633511092154,17.0,
838,concession,P1,True,D4bc_process_aware,True,True,False,0,0,0,123.15131825941342,0.49410397534975264,32.0,feed outside quality window / no concession
838,concession,P1,True,FULL_D3+D4bc,True,True,False,0,0,0,123.15131825941342,0.49410397534975264,32.0,feed outside quality window / no concession
839,concession,P3,False,D0_none,False,False,False,0,0,0,96.80873433695659,0.6329796101503496,0.0,
839,concession,P3,False,D3_safety_auth,False,False,False,0,0,0,96.80873433695659,0.6329796101503496,0.0,
839,concession,P3,False,D4b_master_data,False,False,False,0,0,0,96.80873433695659,0.6329796101503496,0.0,
839,concession,P3,False,D4c_spc,False,True,False,0,0,0,113.80873433695658,0.5384292802899315,17.0,
839,concession,P3,False,D4bc_process_aware,False,True,False,0,0,0,113.80873433695658,0.5384292802899315,17.0,
839,concession,P3,False,FULL_D3+D4bc,False,True,False,0,0,0,113.80873433695658,0.5384292802899315,17.0,
840,concession,P1,False,D0_none,False,False,False,1,0,0,91.00412772774058,0.6463579055094932,0.0,
840,concession,P1,False,D3_safety_auth,False,False,False,1,0,0,91.00412772774058,0.6463579055094932,0.0,
840,concession,P1,False,D4b_master_data,False,False,False,1,0,0,91.00412772774058,0.6463579055094932,0.0,
840,concession,P1,False,D4c_spc,False,False,False,1,0,0,91.00412772774058,0.6463579055094932,0.0,
840,concession,P1,False,D4bc_process_aware,False,False,False,1,0,0,91.00412772774058,0.6463579055094932,0.0,
840,concession,P1,False,FULL_D3+D4bc,False,False,False,1,0,0,91.00412772774058,0.6463579055094932,0.0,
841,concession,P2,False,D0_none,False,False,False,0,0,0,70.1756056896043,0.7178788115117849,0.0,
841,concession,P2,False,D3_safety_auth,False,False,False,0,0,0,70.1756056896043,0.7178788115117849,0.0,
841,concession,P2,False,D4b_master_data,False,False,False,0,0,0,70.1756056896043,0.7178788115117849,0.0,
841,concession,P2,False,D4c_spc,False,False,False,0,0,0,70.1756056896043,0.7178788115117849,0.0,
841,concession,P2,False,D4bc_process_aware,False,False,False,0,0,0,70.1756056896043,0.7178788115117849,0.0,
841,concession,P2,False,FULL_D3+D4bc,False,False,False,0,0,0,70.1756056896043,0.7178788115117849,0.0,
842,concession,P2,False,D0_none,False,False,False,0,0,0,70.47554275135475,0.7148235890471999,0.0,
842,concession,P2,False,D3_safety_auth,False,False,False,0,0,0,70.47554275135475,0.7148235890471999,0.0,
842,concession,P2,False,D4b_master_data,False,False,False,0,0,0,70.47554275135475,0.7148235890471999,0.0,
842,concession,P2,False,D4c_spc,False,False,False,0,0,0,70.47554275135475,0.7148235890471999,0.0,
842,concession,P2,False,D4bc_process_aware,False,False,False,0,0,0,70.47554275135475,0.7148235890471999,0.0,
842,concession,P2,False,FULL_D3+D4bc,False,False,False,0,0,0,70.47554275135475,0.7148235890471999,0.0,
843,concession,P3,True,D0_none,False,False,False,0,0,0,96.15502106318633,0.63728294416875,0.0,
843,concession,P3,True,D3_safety_auth,False,False,False,0,0,0,96.15502106318633,0.63728294416875,0.0,
843,concession,P3,True,D4b_master_data,True,False,False,0,0,0,111.15502106318633,0.5512837326972567,15.0,feed outside quality window / no concession
843,concession,P3,True,D4c_spc,False,False,False,0,0,0,96.15502106318633,0.63728294416875,0.0,
843,concession,P3,True,D4bc_process_aware,True,False,False,0,0,0,111.15502106318633,0.5512837326972567,15.0,feed outside quality window / no concession
843,concession,P3,True,FULL_D3+D4bc,True,False,False,0,0,0,111.15502106318633,0.5512837326972567,15.0,feed outside quality window / no concession
844,concession,P3,False,D0_none,False,False,False,0,0,0,97.18674992429776,0.6305175856532619,0.0,
844,concession,P3,False,D3_safety_auth,False,False,False,0,0,0,97.18674992429776,0.6305175856532619,0.0,
844,concession,P3,False,D4b_master_data,False,False,False,0,0,0,97.18674992429776,0.6305175856532619,0.0,
844,concession,P3,False,D4c_spc,False,False,False,0,0,0,97.18674992429776,0.6305175856532619,0.0,
844,concession,P3,False,D4bc_process_aware,False,False,False,0,0,0,97.18674992429776,0.6305175856532619,0.0,
844,concession,P3,False,FULL_D3+D4bc,False,False,False,0,0,0,97.18674992429776,0.6305175856532619,0.0,
845,concession,P3,False,D0_none,False,False,False,2,0,0,96.36752695473466,0.5934857906229088,0.0,
845,concession,P3,False,D3_safety_auth,False,False,False,2,0,0,96.36752695473466,0.5934857906229088,0.0,
845,concession,P3,False,D4b_master_data,False,False,False,2,0,0,96.36752695473466,0.5934857906229088,0.0,
845,concession,P3,False,D4c_spc,False,False,False,2,0,0,96.36752695473466,0.5934857906229088,0.0,
845,concession,P3,False,D4bc_process_aware,False,False,False,2,0,0,96.36752695473466,0.5934857906229088,0.0,
845,concession,P3,False,FULL_D3+D4bc,False,False,False,2,0,0,96.36752695473466,0.5934857906229088,0.0,
846,concession,P3,False,D0_none,False,False,False,0,0,0,96.6659380707954,0.633914656420934,0.0,
846,concession,P3,False,D3_safety_auth,False,False,False,0,0,0,96.6659380707954,0.633914656420934,0.0,
846,concession,P3,False,D4b_master_data,False,False,False,0,0,0,96.6659380707954,0.633914656420934,0.0,
846,concession,P3,False,D4c_spc,False,False,False,0,0,0,96.6659380707954,0.633914656420934,0.0,
846,concession,P3,False,D4bc_process_aware,False,False,False,0,0,0,96.6659380707954,0.633914656420934,0.0,
846,concession,P3,False,FULL_D3+D4bc,False,False,False,0,0,0,96.6659380707954,0.633914656420934,0.0,
847,concession,P2,False,D0_none,False,False,False,0,0,0,70.55296978098065,0.7140391193448152,0.0,
847,concession,P2,False,D3_safety_auth,False,False,False,0,0,0,70.55296978098065,0.7140391193448152,0.0,
847,concession,P2,False,D4b_master_data,False,False,False,0,0,0,70.55296978098065,0.7140391193448152,0.0,
847,concession,P2,False,D4c_spc,False,False,False,0,0,0,70.55296978098065,0.7140391193448152,0.0,
847,concession,P2,False,D4bc_process_aware,False,False,False,0,0,0,70.55296978098065,0.7140391193448152,0.0,
847,concession,P2,False,FULL_D3+D4bc,False,False,False,0,0,0,70.55296978098065,0.7140391193448152,0.0,
848,concession,P3,False,D0_none,False,False,False,1,0,0,96.38710703021924,0.6145568452828335,0.0,
848,concession,P3,False,D3_safety_auth,False,False,False,1,0,0,96.38710703021924,0.6145568452828335,0.0,
848,concession,P3,False,D4b_master_data,False,False,False,1,0,0,96.38710703021924,0.6145568452828335,0.0,
848,concession,P3,False,D4c_spc,False,False,False,1,0,0,96.38710703021924,0.6145568452828335,0.0,
848,concession,P3,False,D4bc_process_aware,False,False,False,1,0,0,96.38710703021924,0.6145568452828335,0.0,
848,concession,P3,False,FULL_D3+D4bc,False,False,False,1,0,0,96.38710703021924,0.6145568452828335,0.0,
849,concession,P1,False,D0_none,False,False,False,0,0,0,91.10894904306797,0.6678768283538719,0.0,
849,concession,P1,False,D3_safety_auth,False,False,False,0,0,0,91.10894904306797,0.6678768283538719,0.0,
849,concession,P1,False,D4b_master_data,False,False,False,0,0,0,91.10894904306797,0.6678768283538719,0.0,
849,concession,P1,False,D4c_spc,False,False,False,0,0,0,91.10894904306797,0.6678768283538719,0.0,
849,concession,P1,False,D4bc_process_aware,False,False,False,0,0,0,91.10894904306797,0.6678768283538719,0.0,
849,concession,P1,False,FULL_D3+D4bc,False,False,False,0,0,0,91.10894904306797,0.6678768283538719,0.0,
850,concession,P1,False,D0_none,False,False,False,0,0,0,90.98335009016233,0.6687988061688023,0.0,
850,concession,P1,False,D3_safety_auth,False,False,False,0,0,0,90.98335009016233,0.6687988061688023,0.0,
850,concession,P1,False,D4b_master_data,False,False,False,0,0,0,90.98335009016233,0.6687988061688023,0.0,
850,concession,P1,False,D4c_spc,False,False,False,0,0,0,90.98335009016233,0.6687988061688023,0.0,
850,concession,P1,False,D4bc_process_aware,False,False,False,0,0,0,90.98335009016233,0.6687988061688023,0.0,
850,concession,P1,False,FULL_D3+D4bc,False,False,False,0,0,0,90.98335009016233,0.6687988061688023,0.0,
851,concession,P2,False,D0_none,False,False,False,0,0,0,70.26450381833233,0.7169705565675544,0.0,
851,concession,P2,False,D3_safety_auth,False,False,False,0,0,0,70.26450381833233,0.7169705565675544,0.0,
851,concession,P2,False,D4b_master_data,False,False,False,0,0,0,70.26450381833233,0.7169705565675544,0.0,
851,concession,P2,False,D4c_spc,False,False,False,0,0,0,70.26450381833233,0.7169705565675544,0.0,
851,concession,P2,False,D4bc_process_aware,False,False,False,0,0,0,70.26450381833233,0.7169705565675544,0.0,
851,concession,P2,False,FULL_D3+D4bc,False,False,False,0,0,0,70.26450381833233,0.7169705565675544,0.0,
852,concession,P2,False,D0_none,False,False,False,0,0,0,70.48749808487297,0.7147023483357838,0.0,
852,concession,P2,False,D3_safety_auth,False,False,False,0,0,0,70.48749808487297,0.7147023483357838,0.0,
852,concession,P2,False,D4b_master_data,False,False,False,0,0,0,70.48749808487297,0.7147023483357838,0.0,
852,concession,P2,False,D4c_spc,False,True,False,0,0,0,85.48749808487295,0.5892976346033352,17.0,
852,concession,P2,False,D4bc_process_aware,False,True,False,0,0,0,85.48749808487295,0.5892976346033352,17.0,
852,concession,P2,False,FULL_D3+D4bc,False,True,False,0,0,0,85.48749808487295,0.5892976346033352,17.0,
853,concession,P1,True,D0_none,False,False,False,2,0,0,90.74876434831418,0.6258258089566799,0.0,
853,concession,P1,True,D3_safety_auth,False,False,False,2,0,0,90.74876434831418,0.6258258089566799,0.0,
853,concession,P1,True,D4b_master_data,True,False,False,2,0,0,105.74876434831418,0.5370551534109553,15.0,feed outside quality window / no concession
853,concession,P1,True,D4c_spc,False,False,False,2,0,0,90.74876434831418,0.6258258089566799,0.0,
853,concession,P1,True,D4bc_process_aware,True,False,False,2,0,0,105.74876434831418,0.5370551534109553,15.0,feed outside quality window / no concession
853,concession,P1,True,FULL_D3+D4bc,True,False,False,2,0,0,105.74876434831418,0.5370551534109553,15.0,feed outside quality window / no concession
854,concession,P3,False,D0_none,False,False,False,1,0,0,96.76770038687143,0.6121397551622182,0.0,
854,concession,P3,False,D3_safety_auth,False,False,False,1,0,0,96.76770038687143,0.6121397551622182,0.0,
854,concession,P3,False,D4b_master_data,False,False,False,1,0,0,96.76770038687143,0.6121397551622182,0.0,
854,concession,P3,False,D4c_spc,False,False,False,1,0,0,96.76770038687143,0.6121397551622182,0.0,
854,concession,P3,False,D4bc_process_aware,False,False,False,1,0,0,96.76770038687143,0.6121397551622182,0.0,
854,concession,P3,False,FULL_D3+D4bc,False,False,False,1,0,0,96.76770038687143,0.6121397551622182,0.0,
855,concession,P3,False,D0_none,False,False,False,0,0,0,96.38710703021924,0.6357484606374141,0.0,
855,concession,P3,False,D3_safety_auth,False,False,False,0,0,0,96.38710703021924,0.6357484606374141,0.0,
855,concession,P3,False,D4b_master_data,False,False,False,0,0,0,96.38710703021924,0.6357484606374141,0.0,
855,concession,P3,False,D4c_spc,False,False,False,0,0,0,96.38710703021924,0.6357484606374141,0.0,
855,concession,P3,False,D4bc_process_aware,False,False,False,0,0,0,96.38710703021924,0.6357484606374141,0.0,
855,concession,P3,False,FULL_D3+D4bc,False,False,False,0,0,0,96.38710703021924,0.6357484606374141,0.0,
856,concession,P2,False,D0_none,False,False,False,0,0,0,70.54072778410902,0.7141630373272322,0.0,
856,concession,P2,False,D3_safety_auth,False,False,False,0,0,0,70.54072778410902,0.7141630373272322,0.0,
856,concession,P2,False,D4b_master_data,False,False,False,0,0,0,70.54072778410902,0.7141630373272322,0.0,
856,concession,P2,False,D4c_spc,False,False,False,0,0,0,70.54072778410902,0.7141630373272322,0.0,
856,concession,P2,False,D4bc_process_aware,False,False,False,0,0,0,70.54072778410902,0.7141630373272322,0.0,
856,concession,P2,False,FULL_D3+D4bc,False,False,False,0,0,0,70.54072778410902,0.7141630373272322,0.0,
857,concession,P1,False,D0_none,False,False,False,2,0,0,90.78899482190103,0.6255484926505948,0.0,
857,concession,P1,False,D3_safety_auth,False,False,False,2,0,0,90.78899482190103,0.6255484926505948,0.0,
857,concession,P1,False,D4b_master_data,False,False,False,2,0,0,90.78899482190103,0.6255484926505948,0.0,
857,concession,P1,False,D4c_spc,False,False,False,2,0,0,90.78899482190103,0.6255484926505948,0.0,
857,concession,P1,False,D4bc_process_aware,False,False,False,2,0,0,90.78899482190103,0.6255484926505948,0.0,
857,concession,P1,False,FULL_D3+D4bc,False,False,False,2,0,0,90.78899482190103,0.6255484926505948,0.0,
858,concession,P1,False,D0_none,False,False,False,0,0,0,90.85996758936679,0.6697069956764974,0.0,
858,concession,P1,False,D3_safety_auth,False,False,False,0,0,0,90.85996758936679,0.6697069956764974,0.0,
858,concession,P1,False,D4b_master_data,False,False,False,0,0,0,90.85996758936679,0.6697069956764974,0.0,
858,concession,P1,False,D4c_spc,False,False,False,0,0,0,90.85996758936679,0.6697069956764974,0.0,
858,concession,P1,False,D4bc_process_aware,False,False,False,0,0,0,90.85996758936679,0.6697069956764974,0.0,
858,concession,P1,False,FULL_D3+D4bc,False,False,False,0,0,0,90.85996758936679,0.6697069956764974,0.0,
859,concession,P2,False,D0_none,False,False,False,0,0,0,70.24472897093456,0.7171723935388478,0.0,
859,concession,P2,False,D3_safety_auth,False,False,False,0,0,0,70.24472897093456,0.7171723935388478,0.0,
859,concession,P2,False,D4b_master_data,False,False,False,0,0,0,70.24472897093456,0.7171723935388478,0.0,
859,concession,P2,False,D4c_spc,False,False,False,0,0,0,70.24472897093456,0.7171723935388478,0.0,
859,concession,P2,False,D4bc_process_aware,False,False,False,0,0,0,70.24472897093456,0.7171723935388478,0.0,
859,concession,P2,False,FULL_D3+D4bc,False,False,False,0,0,0,70.24472897093456,0.7171723935388478,0.0,
860,concession,P2,False,D0_none,False,False,False,0,0,0,70.27112861340568,0.7169029643272615,0.0,
860,concession,P2,False,D3_safety_auth,False,False,False,0,0,0,70.27112861340568,0.7169029643272615,0.0,
860,concession,P2,False,D4b_master_data,False,False,False,0,0,0,70.27112861340568,0.7169029643272615,0.0,
860,concession,P2,False,D4c_spc,False,False,False,0,0,0,70.27112861340568,0.7169029643272615,0.0,
860,concession,P2,False,D4bc_process_aware,False,False,False,0,0,0,70.27112861340568,0.7169029643272615,0.0,
860,concession,P2,False,FULL_D3+D4bc,False,False,False,0,0,0,70.27112861340568,0.7169029643272615,0.0,
861,concession,P3,False,D0_none,False,False,False,0,0,0,97.0589741637055,0.631347646600926,0.0,
861,concession,P3,False,D3_safety_auth,False,False,False,0,0,0,97.0589741637055,0.631347646600926,0.0,
861,concession,P3,False,D4b_master_data,False,False,False,0,0,0,97.0589741637055,0.631347646600926,0.0,
861,concession,P3,False,D4c_spc,False,False,False,0,0,0,97.0589741637055,0.631347646600926,0.0,
861,concession,P3,False,D4bc_process_aware,False,False,False,0,0,0,97.0589741637055,0.631347646600926,0.0,
861,concession,P3,False,FULL_D3+D4bc,False,False,False,0,0,0,97.0589741637055,0.631347646600926,0.0,
862,concession,P3,False,D0_none,False,False,False,0,0,0,96.4856733966037,0.6350990023966868,0.0,
862,concession,P3,False,D3_safety_auth,False,False,False,0,0,0,96.4856733966037,0.6350990023966868,0.0,
862,concession,P3,False,D4b_master_data,False,False,False,0,0,0,96.4856733966037,0.6350990023966868,0.0,
862,concession,P3,False,D4c_spc,False,False,False,0,0,0,96.4856733966037,0.6350990023966868,0.0,
862,concession,P3,False,D4bc_process_aware,False,False,False,0,0,0,96.4856733966037,0.6350990023966868,0.0,
862,concession,P3,False,FULL_D3+D4bc,False,False,False,0,0,0,96.4856733966037,0.6350990023966868,0.0,
863,concession,P1,False,D0_none,False,False,False,0,0,0,90.83961521405195,0.6698570417560065,0.0,
863,concession,P1,False,D3_safety_auth,False,False,False,0,0,0,90.83961521405195,0.6698570417560065,0.0,
863,concession,P1,False,D4b_master_data,False,False,False,0,0,0,90.83961521405195,0.6698570417560065,0.0,
863,concession,P1,False,D4c_spc,False,False,False,0,0,0,90.83961521405195,0.6698570417560065,0.0,
863,concession,P1,False,D4bc_process_aware,False,False,False,0,0,0,90.83961521405195,0.6698570417560065,0.0,
863,concession,P1,False,FULL_D3+D4bc,False,False,False,0,0,0,90.83961521405195,0.6698570417560065,0.0,
864,concession,P2,False,D0_none,False,False,False,0,0,0,70.25789565454359,0.7170379918191423,0.0,
864,concession,P2,False,D3_safety_auth,False,False,False,0,0,0,70.25789565454359,0.7170379918191423,0.0,
864,concession,P2,False,D4b_master_data,False,False,False,0,0,0,70.25789565454359,0.7170379918191423,0.0,
864,concession,P2,False,D4c_spc,False,False,False,0,0,0,70.25789565454359,0.7170379918191423,0.0,
864,concession,P2,False,D4bc_process_aware,False,False,False,0,0,0,70.25789565454359,0.7170379918191423,0.0,
864,concession,P2,False,FULL_D3+D4bc,False,False,False,0,0,0,70.25789565454359,0.7170379918191423,0.0,
865,concession,P3,False,D0_none,False,False,False,0,0,0,97.10136612183622,0.6310720164623443,0.0,
865,concession,P3,False,D3_safety_auth,False,False,False,0,0,0,97.10136612183622,0.6310720164623443,0.0,
865,concession,P3,False,D4b_master_data,False,False,False,0,0,0,97.10136612183622,0.6310720164623443,0.0,
865,concession,P3,False,D4c_spc,False,False,False,0,0,0,97.10136612183622,0.6310720164623443,0.0,
865,concession,P3,False,D4bc_process_aware,False,False,False,0,0,0,97.10136612183622,0.6310720164623443,0.0,
865,concession,P3,False,FULL_D3+D4bc,False,False,False,0,0,0,97.10136612183622,0.6310720164623443,0.0,
866,concession,P3,False,D0_none,False,False,False,2,0,0,96.27028436260295,0.594085270483757,0.0,
866,concession,P3,False,D3_safety_auth,False,False,False,2,0,0,96.27028436260295,0.594085270483757,0.0,
866,concession,P3,False,D4b_master_data,False,False,False,2,0,0,96.27028436260295,0.594085270483757,0.0,
866,concession,P3,False,D4c_spc,False,False,False,2,0,0,96.27028436260295,0.594085270483757,0.0,
866,concession,P3,False,D4bc_process_aware,False,False,False,2,0,0,96.27028436260295,0.594085270483757,0.0,
866,concession,P3,False,FULL_D3+D4bc,False,False,False,2,0,0,96.27028436260295,0.594085270483757,0.0,
867,concession,P3,False,D0_none,False,False,False,0,0,1,96.62555878377647,0.6130402469907997,0.0,
867,concession,P3,False,D3_safety_auth,False,False,False,0,0,1,96.62555878377647,0.6130402469907997,0.0,
867,concession,P3,False,D4b_master_data,False,False,False,0,0,1,96.62555878377647,0.6130402469907997,0.0,
867,concession,P3,False,D4c_spc,False,False,False,0,0,1,96.62555878377647,0.6130402469907997,0.0,
867,concession,P3,False,D4bc_process_aware,False,False,False,0,0,1,96.62555878377647,0.6130402469907997,0.0,
867,concession,P3,False,FULL_D3+D4bc,False,False,False,0,0,1,96.62555878377647,0.6130402469907997,0.0,
868,concession,P2,False,D0_none,False,False,False,0,0,0,70.40256690213205,0.7155645401339359,0.0,
868,concession,P2,False,D3_safety_auth,False,False,False,0,0,0,70.40256690213205,0.7155645401339359,0.0,
868,concession,P2,False,D4b_master_data,False,False,False,0,0,0,70.40256690213205,0.7155645401339359,0.0,
868,concession,P2,False,D4c_spc,False,False,False,0,0,0,70.40256690213205,0.7155645401339359,0.0,
868,concession,P2,False,D4bc_process_aware,False,False,False,0,0,0,70.40256690213205,0.7155645401339359,0.0,
868,concession,P2,False,FULL_D3+D4bc,False,False,False,0,0,0,70.40256690213205,0.7155645401339359,0.0,
869,concession,P3,False,D0_none,False,False,False,0,0,0,96.60543828288175,0.6343116496228749,0.0,
869,concession,P3,False,D3_safety_auth,False,False,False,0,0,0,96.60543828288175,0.6343116496228749,0.0,
869,concession,P3,False,D4b_master_data,False,False,False,0,0,0,96.60543828288175,0.6343116496228749,0.0,
869,concession,P3,False,D4c_spc,False,False,False,0,0,0,96.60543828288175,0.6343116496228749,0.0,
869,concession,P3,False,D4bc_process_aware,False,False,False,0,0,0,96.60543828288175,0.6343116496228749,0.0,
869,concession,P3,False,FULL_D3+D4bc,False,False,False,0,0,0,96.60543828288175,0.6343116496228749,0.0,
870,concession,P1,False,D0_none,False,False,False,1,0,0,91.05634296908187,0.6459872587985828,0.0,
870,concession,P1,False,D3_safety_auth,False,False,False,1,0,0,91.05634296908187,0.6459872587985828,0.0,
870,concession,P1,False,D4b_master_data,False,False,False,1,0,0,91.05634296908187,0.6459872587985828,0.0,
870,concession,P1,False,D4c_spc,False,True,True,1,0,0,108.05634296908187,0.5443570990335227,17.0,
870,concession,P1,False,D4bc_process_aware,False,True,True,1,0,0,108.05634296908187,0.5443570990335227,17.0,
870,concession,P1,False,FULL_D3+D4bc,False,True,True,1,0,0,108.05634296908187,0.5443570990335227,17.0,
871,concession,P3,False,D0_none,False,False,False,1,0,0,96.27028436260295,0.6153026015724626,0.0,
871,concession,P3,False,D3_safety_auth,False,False,False,1,0,0,96.27028436260295,0.6153026015724626,0.0,
871,concession,P3,False,D4b_master_data,False,False,False,1,0,0,96.27028436260295,0.6153026015724626,0.0,
871,concession,P3,False,D4c_spc,False,False,False,1,0,0,96.27028436260295,0.6153026015724626,0.0,
871,concession,P3,False,D4bc_process_aware,False,False,False,1,0,0,96.27028436260295,0.6153026015724626,0.0,
871,concession,P3,False,FULL_D3+D4bc,False,False,False,1,0,0,96.27028436260295,0.6153026015724626,0.0,
872,concession,P2,False,D0_none,False,False,False,0,0,0,70.23162806592804,0.7173061738264446,0.0,
872,concession,P2,False,D3_safety_auth,False,False,False,0,0,0,70.23162806592804,0.7173061738264446,0.0,
872,concession,P2,False,D4b_master_data,False,False,False,0,0,0,70.23162806592804,0.7173061738264446,0.0,
872,concession,P2,False,D4c_spc,False,False,False,0,0,0,70.23162806592804,0.7173061738264446,0.0,
872,concession,P2,False,D4bc_process_aware,False,False,False,0,0,0,70.23162806592804,0.7173061738264446,0.0,
872,concession,P2,False,FULL_D3+D4bc,False,False,False,0,0,0,70.23162806592804,0.7173061738264446,0.0,
873,concession,P2,False,D0_none,False,False,False,0,0,0,70.17347493386546,0.717900609269397,0.0,
873,concession,P2,False,D3_safety_auth,False,False,False,0,0,0,70.17347493386546,0.717900609269397,0.0,
873,concession,P2,False,D4b_master_data,False,False,False,0,0,0,70.17347493386546,0.717900609269397,0.0,
873,concession,P2,False,D4c_spc,False,False,False,0,0,0,70.17347493386546,0.717900609269397,0.0,
873,concession,P2,False,D4bc_process_aware,False,False,False,0,0,0,70.17347493386546,0.717900609269397,0.0,
873,concession,P2,False,FULL_D3+D4bc,False,False,False,0,0,0,70.17347493386546,0.717900609269397,0.0,
874,concession,P3,False,D0_none,False,False,False,0,0,0,96.38710703021924,0.6357484606374141,0.0,
874,concession,P3,False,D3_safety_auth,False,False,False,0,0,0,96.38710703021924,0.6357484606374141,0.0,
874,concession,P3,False,D4b_master_data,False,False,False,0,0,0,96.38710703021924,0.6357484606374141,0.0,
874,concession,P3,False,D4c_spc,False,False,False,0,0,0,96.38710703021924,0.6357484606374141,0.0,
874,concession,P3,False,D4bc_process_aware,False,False,False,0,0,0,96.38710703021924,0.6357484606374141,0.0,
874,concession,P3,False,FULL_D3+D4bc,False,False,False,0,0,0,96.38710703021924,0.6357484606374141,0.0,
875,concession,P3,False,D0_none,False,False,False,0,0,0,96.28964566794227,0.636391945309202,0.0,
875,concession,P3,False,D3_safety_auth,False,False,False,0,0,0,96.28964566794227,0.636391945309202,0.0,
875,concession,P3,False,D4b_master_data,False,False,False,0,0,0,96.28964566794227,0.636391945309202,0.0,
875,concession,P3,False,D4c_spc,False,False,False,0,0,0,96.28964566794227,0.636391945309202,0.0,
875,concession,P3,False,D4bc_process_aware,False,False,False,0,0,0,96.28964566794227,0.636391945309202,0.0,
875,concession,P3,False,FULL_D3+D4bc,False,False,False,0,0,0,96.28964566794227,0.636391945309202,0.0,
876,concession,P3,False,D0_none,False,False,False,0,0,0,97.03785255649638,0.6314850679952849,0.0,
876,concession,P3,False,D3_safety_auth,False,False,False,0,0,0,97.03785255649638,0.6314850679952849,0.0,
876,concession,P3,False,D4b_master_data,False,False,False,0,0,0,97.03785255649638,0.6314850679952849,0.0,
876,concession,P3,False,D4c_spc,False,False,False,0,0,0,97.03785255649638,0.6314850679952849,0.0,
876,concession,P3,False,D4bc_process_aware,False,False,False,0,0,0,97.03785255649638,0.6314850679952849,0.0,
876,concession,P3,False,FULL_D3+D4bc,False,False,False,0,0,0,97.03785255649638,0.6314850679952849,0.0,
877,concession,P3,False,D0_none,False,False,False,1,0,0,96.25096637114598,0.6154260955055499,0.0,
877,concession,P3,False,D3_safety_auth,False,False,False,1,0,0,96.25096637114598,0.6154260955055499,0.0,
877,concession,P3,False,D4b_master_data,False,False,False,1,0,0,96.25096637114598,0.6154260955055499,0.0,
877,concession,P3,False,D4c_spc,False,False,False,1,0,0,96.25096637114598,0.6154260955055499,0.0,
877,concession,P3,False,D4bc_process_aware,False,False,False,1,0,0,96.25096637114598,0.6154260955055499,0.0,
877,concession,P3,False,FULL_D3+D4bc,False,False,False,1,0,0,96.25096637114598,0.6154260955055499,0.0,
878,concession,P3,False,D0_none,False,False,False,2,0,0,95.98498230815473,0.595851106598018,0.0,
878,concession,P3,False,D3_safety_auth,False,False,False,2,0,0,95.98498230815473,0.595851106598018,0.0,
878,concession,P3,False,D4b_master_data,False,False,False,2,0,0,95.98498230815473,0.595851106598018,0.0,
878,concession,P3,False,D4c_spc,False,False,False,2,0,0,95.98498230815473,0.595851106598018,0.0,
878,concession,P3,False,D4bc_process_aware,False,False,False,2,0,0,95.98498230815473,0.595851106598018,0.0,
878,concession,P3,False,FULL_D3+D4bc,False,False,False,2,0,0,95.98498230815473,0.595851106598018,0.0,
879,concession,P1,False,D0_none,False,False,False,1,0,0,91.02496720352585,0.646209926769876,0.0,
879,concession,P1,False,D3_safety_auth,False,False,False,1,0,0,91.02496720352585,0.646209926769876,0.0,
879,concession,P1,False,D4b_master_data,False,False,False,1,0,0,91.02496720352585,0.646209926769876,0.0,
879,concession,P1,False,D4c_spc,False,False,False,1,0,0,91.02496720352585,0.646209926769876,0.0,
879,concession,P1,False,D4bc_process_aware,False,False,False,1,0,0,91.02496720352585,0.646209926769876,0.0,
879,concession,P1,False,FULL_D3+D4bc,False,False,False,1,0,0,91.02496720352585,0.646209926769876,0.0,
880,concession,P1,False,D0_none,False,False,False,3,0,0,90.81932252312221,0.6030060432948291,0.0,
880,concession,P1,False,D3_safety_auth,False,False,False,3,0,0,90.81932252312221,0.6030060432948291,0.0,
880,concession,P1,False,D4b_master_data,False,False,False,3,0,0,90.81932252312221,0.6030060432948291,0.0,
880,concession,P1,False,D4c_spc,False,False,False,3,0,0,90.81932252312221,0.6030060432948291,0.0,
880,concession,P1,False,D4bc_process_aware,False,False,False,3,0,0,90.81932252312221,0.6030060432948291,0.0,
880,concession,P1,False,FULL_D3+D4bc,False,False,False,3,0,0,90.81932252312221,0.6030060432948291,0.0,
881,concession,P1,False,D0_none,False,False,False,1,0,0,90.73874338304572,0.6482483137606618,0.0,
881,concession,P1,False,D3_safety_auth,False,False,False,1,0,0,90.73874338304572,0.6482483137606618,0.0,
881,concession,P1,False,D4b_master_data,False,False,False,1,0,0,90.73874338304572,0.6482483137606618,0.0,
881,concession,P1,False,D4c_spc,False,False,False,1,0,0,90.73874338304572,0.6482483137606618,0.0,
881,concession,P1,False,D4bc_process_aware,False,False,False,1,0,0,90.73874338304572,0.6482483137606618,0.0,
881,concession,P1,False,FULL_D3+D4bc,False,False,False,1,0,0,90.73874338304572,0.6482483137606618,0.0,
882,concession,P3,False,D0_none,False,False,False,0,0,0,97.01678029883702,0.6316222279383366,0.0,
882,concession,P3,False,D3_safety_auth,False,False,False,0,0,0,97.01678029883702,0.6316222279383366,0.0,
882,concession,P3,False,D4b_master_data,False,False,False,0,0,0,97.01678029883702,0.6316222279383366,0.0,
882,concession,P3,False,D4c_spc,False,False,False,0,0,0,97.01678029883702,0.6316222279383366,0.0,
882,concession,P3,False,D4bc_process_aware,False,False,False,0,0,0,97.01678029883702,0.6316222279383366,0.0,
882,concession,P3,False,FULL_D3+D4bc,False,False,False,0,0,0,97.01678029883702,0.6316222279383366,0.0,
883,concession,P1,False,D0_none,False,False,False,0,0,0,90.85996758936679,0.6697069956764974,0.0,
883,concession,P1,False,D3_safety_auth,False,False,False,0,0,0,90.85996758936679,0.6697069956764974,0.0,
883,concession,P1,False,D4b_master_data,False,False,False,0,0,0,90.85996758936679,0.6697069956764974,0.0,
883,concession,P1,False,D4c_spc,False,False,False,0,0,0,90.85996758936679,0.6697069956764974,0.0,
883,concession,P1,False,D4bc_process_aware,False,False,False,0,0,0,90.85996758936679,0.6697069956764974,0.0,
883,concession,P1,False,FULL_D3+D4bc,False,False,False,0,0,0,90.85996758936679,0.6697069956764974,0.0,
884,concession,P2,False,D0_none,False,False,False,0,0,0,70.40489058682117,0.7155409232182341,0.0,
884,concession,P2,False,D3_safety_auth,False,False,False,0,0,0,70.40489058682117,0.7155409232182341,0.0,
884,concession,P2,False,D4b_master_data,False,False,False,0,0,0,70.40489058682117,0.7155409232182341,0.0,
884,concession,P2,False,D4c_spc,False,False,False,0,0,0,70.40489058682117,0.7155409232182341,0.0,
884,concession,P2,False,D4bc_process_aware,False,False,False,0,0,0,70.40489058682117,0.7155409232182341,0.0,
884,concession,P2,False,FULL_D3+D4bc,False,False,False,0,0,0,70.40489058682117,0.7155409232182341,0.0,
885,concession,P2,False,D0_none,False,False,False,0,0,0,70.51398447317204,0.714433892595299,0.0,
885,concession,P2,False,D3_safety_auth,False,False,False,0,0,0,70.51398447317204,0.714433892595299,0.0,
885,concession,P2,False,D4b_master_data,False,False,False,0,0,0,70.51398447317204,0.714433892595299,0.0,
885,concession,P2,False,D4c_spc,False,False,False,0,0,0,70.51398447317204,0.714433892595299,0.0,
885,concession,P2,False,D4bc_process_aware,False,False,False,0,0,0,70.51398447317204,0.714433892595299,0.0,
885,concession,P2,False,FULL_D3+D4bc,False,False,False,0,0,0,70.51398447317204,0.714433892595299,0.0,
886,concession,P1,False,D0_none,False,False,False,0,0,0,91.10894904306797,0.6678768283538719,0.0,
886,concession,P1,False,D3_safety_auth,False,False,False,0,0,0,91.10894904306797,0.6678768283538719,0.0,
886,concession,P1,False,D4b_master_data,False,False,False,0,0,0,91.10894904306797,0.6678768283538719,0.0,
886,concession,P1,False,D4c_spc,False,False,False,0,0,0,91.10894904306797,0.6678768283538719,0.0,
886,concession,P1,False,D4bc_process_aware,False,False,False,0,0,0,91.10894904306797,0.6678768283538719,0.0,
886,concession,P1,False,FULL_D3+D4bc,False,False,False,0,0,0,91.10894904306797,0.6678768283538719,0.0,
887,concession,P3,False,D0_none,False,False,False,1,0,0,96.89137347541114,0.6113584140435677,0.0,
887,concession,P3,False,D3_safety_auth,False,False,False,1,0,0,96.89137347541114,0.6113584140435677,0.0,
887,concession,P3,False,D4b_master_data,False,False,False,1,0,0,96.89137347541114,0.6113584140435677,0.0,
887,concession,P3,False,D4c_spc,False,False,False,1,0,0,96.89137347541114,0.6113584140435677,0.0,
887,concession,P3,False,D4bc_process_aware,False,False,False,1,0,0,96.89137347541114,0.6113584140435677,0.0,
887,concession,P3,False,FULL_D3+D4bc,False,False,False,1,0,0,96.89137347541114,0.6113584140435677,0.0,
888,concession,P1,False,D0_none,False,False,False,0,0,0,91.20463897629145,0.6671761064407759,0.0,
888,concession,P1,False,D3_safety_auth,False,False,False,0,0,0,91.20463897629145,0.6671761064407759,0.0,
888,concession,P1,False,D4b_master_data,False,False,False,0,0,0,91.20463897629145,0.6671761064407759,0.0,
888,concession,P1,False,D4c_spc,False,False,False,0,0,0,91.20463897629145,0.6671761064407759,0.0,
888,concession,P1,False,D4bc_process_aware,False,False,False,0,0,0,91.20463897629145,0.6671761064407759,0.0,
888,concession,P1,False,FULL_D3+D4bc,False,False,False,0,0,0,91.20463897629145,0.6671761064407759,0.0,
889,concession,P2,False,D0_none,False,False,False,0,0,0,70.57266989550294,0.7138397978164485,0.0,
889,concession,P2,False,D3_safety_auth,False,False,False,0,0,0,70.57266989550294,0.7138397978164485,0.0,
889,concession,P2,False,D4b_master_data,False,False,False,0,0,0,70.57266989550294,0.7138397978164485,0.0,
889,concession,P2,False,D4c_spc,False,False,False,0,0,0,70.57266989550294,0.7138397978164485,0.0,
889,concession,P2,False,D4bc_process_aware,False,False,False,0,0,0,70.57266989550294,0.7138397978164485,0.0,
889,concession,P2,False,FULL_D3+D4bc,False,False,False,0,0,0,70.57266989550294,0.7138397978164485,0.0,
890,concession,P3,False,D0_none,False,False,False,1,0,0,96.15502106318633,0.6160401793631249,0.0,
890,concession,P3,False,D3_safety_auth,False,False,False,1,0,0,96.15502106318633,0.6160401793631249,0.0,
890,concession,P3,False,D4b_master_data,False,False,False,1,0,0,96.15502106318633,0.6160401793631249,0.0,
890,concession,P3,False,D4c_spc,False,False,False,1,0,0,96.15502106318633,0.6160401793631249,0.0,
890,concession,P3,False,D4bc_process_aware,False,False,False,1,0,0,96.15502106318633,0.6160401793631249,0.0,
890,concession,P3,False,FULL_D3+D4bc,False,False,False,1,0,0,96.15502106318633,0.6160401793631249,0.0,
891,concession,P1,False,D0_none,False,False,False,2,0,0,90.98335009016233,0.6242122190908821,0.0,
891,concession,P1,False,D3_safety_auth,False,False,False,2,0,0,90.98335009016233,0.6242122190908821,0.0,
891,concession,P1,False,D4b_master_data,False,False,False,2,0,0,90.98335009016233,0.6242122190908821,0.0,
891,concession,P1,False,D4c_spc,False,False,False,2,0,0,90.98335009016233,0.6242122190908821,0.0,
891,concession,P1,False,D4bc_process_aware,False,False,False,2,0,0,90.98335009016233,0.6242122190908821,0.0,
891,concession,P1,False,FULL_D3+D4bc,False,False,False,2,0,0,90.98335009016233,0.6242122190908821,0.0,
892,concession,P2,False,D0_none,False,False,False,0,0,0,70.15649184011455,0.7180743946601894,0.0,
892,concession,P2,False,D3_safety_auth,False,False,False,0,0,0,70.15649184011455,0.7180743946601894,0.0,
892,concession,P2,False,D4b_master_data,False,False,False,0,0,0,70.15649184011455,0.7180743946601894,0.0,
892,concession,P2,False,D4c_spc,False,False,False,0,0,0,70.15649184011455,0.7180743946601894,0.0,
892,concession,P2,False,D4bc_process_aware,False,False,False,0,0,0,70.15649184011455,0.7180743946601894,0.0,
892,concession,P2,False,FULL_D3+D4bc,False,False,False,0,0,0,70.15649184011455,0.7180743946601894,0.0,
893,concession,P2,False,D0_none,False,False,False,0,0,0,70.145933912514,0.7181824747305195,0.0,
893,concession,P2,False,D3_safety_auth,False,False,False,0,0,0,70.145933912514,0.7181824747305195,0.0,
893,concession,P2,False,D4b_master_data,False,False,False,0,0,0,70.145933912514,0.7181824747305195,0.0,
893,concession,P2,False,D4c_spc,False,False,False,0,0,0,70.145933912514,0.7181824747305195,0.0,
893,concession,P2,False,D4bc_process_aware,False,False,False,0,0,0,70.145933912514,0.7181824747305195,0.0,
893,concession,P2,False,FULL_D3+D4bc,False,False,False,0,0,0,70.145933912514,0.7181824747305195,0.0,
894,concession,P2,False,D0_none,False,False,False,0,0,0,70.31572361013501,0.7164482966696167,0.0,
894,concession,P2,False,D3_safety_auth,False,False,False,0,0,0,70.31572361013501,0.7164482966696167,0.0,
894,concession,P2,False,D4b_master_data,False,False,False,0,0,0,70.31572361013501,0.7164482966696167,0.0,
894,concession,P2,False,D4c_spc,False,False,False,0,0,0,70.31572361013501,0.7164482966696167,0.0,
894,concession,P2,False,D4bc_process_aware,False,False,False,0,0,0,70.31572361013501,0.7164482966696167,0.0,
894,concession,P2,False,FULL_D3+D4bc,False,False,False,0,0,0,70.31572361013501,0.7164482966696167,0.0,
895,concession,P2,False,D0_none,False,False,False,1,0,0,70.41187364959488,0.6916209611407474,0.0,
895,concession,P2,False,D3_safety_auth,False,False,False,1,0,0,70.41187364959488,0.6916209611407474,0.0,
895,concession,P2,False,D4b_master_data,False,False,False,1,0,0,70.41187364959488,0.6916209611407474,0.0,
895,concession,P2,False,D4c_spc,False,True,True,1,0,0,85.41187364959488,0.5701587571891963,17.0,
895,concession,P2,False,D4bc_process_aware,False,True,True,1,0,0,85.41187364959488,0.5701587571891963,17.0,
895,concession,P2,False,FULL_D3+D4bc,False,True,True,1,0,0,85.41187364959488,0.5701587571891963,17.0,
896,concession,P1,False,D0_none,False,False,False,0,0,0,91.08785943313802,0.6680314621533583,0.0,
896,concession,P1,False,D3_safety_auth,False,False,False,0,0,0,91.08785943313802,0.6680314621533583,0.0,
896,concession,P1,False,D4b_master_data,False,False,False,0,0,0,91.08785943313802,0.6680314621533583,0.0,
896,concession,P1,False,D4c_spc,False,False,False,0,0,0,91.08785943313802,0.6680314621533583,0.0,
896,concession,P1,False,D4bc_process_aware,False,False,False,0,0,0,91.08785943313802,0.6680314621533583,0.0,
896,concession,P1,False,FULL_D3+D4bc,False,False,False,0,0,0,91.08785943313802,0.6680314621533583,0.0,
897,concession,P1,False,D0_none,False,False,False,3,0,0,90.84978392471618,0.6028038588926778,0.0,
897,concession,P1,False,D3_safety_auth,False,False,False,3,0,0,90.84978392471618,0.6028038588926778,0.0,
897,concession,P1,False,D4b_master_data,False,False,False,3,0,0,90.84978392471618,0.6028038588926778,0.0,
897,concession,P1,False,D4c_spc,False,False,False,3,0,0,90.84978392471618,0.6028038588926778,0.0,
897,concession,P1,False,D4bc_process_aware,False,False,False,3,0,0,90.84978392471618,0.6028038588926778,0.0,
897,concession,P1,False,FULL_D3+D4bc,False,False,False,3,0,0,90.84978392471618,0.6028038588926778,0.0,
898,concession,P2,False,D0_none,False,False,False,1,0,0,70.48031862815488,0.6909493129022276,0.0,
898,concession,P2,False,D3_safety_auth,False,False,False,1,0,0,70.48031862815488,0.6909493129022276,0.0,
898,concession,P2,False,D4b_master_data,False,False,False,1,0,0,70.48031862815488,0.6909493129022276,0.0,
898,concession,P2,False,D4c_spc,False,True,True,1,0,0,85.48031862815488,0.569702225153075,17.0,
898,concession,P2,False,D4bc_process_aware,False,True,True,1,0,0,85.48031862815488,0.569702225153075,17.0,
898,concession,P2,False,FULL_D3+D4bc,False,True,True,1,0,0,85.48031862815488,0.569702225153075,17.0,
899,concession,P2,False,D0_none,False,False,False,0,0,0,70.2229304299082,0.7173950175698846,0.0,
899,concession,P2,False,D3_safety_auth,False,False,False,0,0,0,70.2229304299082,0.7173950175698846,0.0,
899,concession,P2,False,D4b_master_data,False,False,False,0,0,0,70.2229304299082,0.7173950175698846,0.0,
899,concession,P2,False,D4c_spc,False,False,False,0,0,0,70.2229304299082,0.7173950175698846,0.0,
899,concession,P2,False,D4bc_process_aware,False,False,False,0,0,0,70.2229304299082,0.7173950175698846,0.0,
899,concession,P2,False,FULL_D3+D4bc,False,False,False,0,0,0,70.2229304299082,0.7173950175698846,0.0,
900,concession,P3,False,D0_none,False,False,False,0,0,0,96.4856733966037,0.6350990023966868,0.0,
900,concession,P3,False,D3_safety_auth,False,False,False,0,0,0,96.4856733966037,0.6350990023966868,0.0,
900,concession,P3,False,D4b_master_data,False,False,False,0,0,0,96.4856733966037,0.6350990023966868,0.0,
900,concession,P3,False,D4c_spc,False,False,False,0,0,0,96.4856733966037,0.6350990023966868,0.0,
900,concession,P3,False,D4bc_process_aware,False,False,False,0,0,0,96.4856733966037,0.6350990023966868,0.0,
900,concession,P3,False,FULL_D3+D4bc,False,False,False,0,0,0,96.4856733966037,0.6350990023966868,0.0,
901,eco,P2,False,D0_none,False,False,False,0,0,0,73.37758040957277,0.6865527607803291,0.0,
901,eco,P2,False,D3_safety_auth,False,False,False,0,0,0,73.37758040957277,0.6865527607803291,0.0,
901,eco,P2,False,D4b_master_data,False,False,False,0,0,0,73.37758040957277,0.6865527607803291,0.0,
901,eco,P2,False,D4c_spc,False,False,False,0,0,0,73.37758040957277,0.6865527607803291,0.0,
901,eco,P2,False,D4bc_process_aware,False,False,False,0,0,0,73.37758040957277,0.6865527607803291,0.0,
901,eco,P2,False,FULL_D3+D4bc,False,False,False,0,0,0,73.37758040957277,0.6865527607803291,0.0,
902,eco,P2,False,D0_none,False,False,False,0,0,0,73.37758040957277,0.6865527607803291,0.0,
902,eco,P2,False,D3_safety_auth,False,False,False,0,0,0,73.37758040957277,0.6865527607803291,0.0,
902,eco,P2,False,D4b_master_data,False,False,False,0,0,0,73.37758040957277,0.6865527607803291,0.0,
902,eco,P2,False,D4c_spc,False,False,False,0,0,0,73.37758040957277,0.6865527607803291,0.0,
902,eco,P2,False,D4bc_process_aware,False,False,False,0,0,0,73.37758040957277,0.6865527607803291,0.0,
902,eco,P2,False,FULL_D3+D4bc,False,False,False,0,0,0,73.37758040957277,0.6865527607803291,0.0,
903,eco,P1,False,D0_none,False,False,False,0,0,0,95.84955592153871,0.6348444219329453,0.0,
903,eco,P1,False,D3_safety_auth,False,False,False,0,0,0,95.84955592153871,0.6348444219329453,0.0,
903,eco,P1,False,D4b_master_data,False,False,False,0,0,0,95.84955592153871,0.6348444219329453,0.0,
903,eco,P1,False,D4c_spc,False,False,False,0,0,0,95.84955592153871,0.6348444219329453,0.0,
903,eco,P1,False,D4bc_process_aware,False,False,False,0,0,0,95.84955592153871,0.6348444219329453,0.0,
903,eco,P1,False,FULL_D3+D4bc,False,False,False,0,0,0,95.84955592153871,0.6348444219329453,0.0,
904,eco,P2,False,D0_none,False,False,False,0,0,0,73.37758040957277,0.6865527607803291,0.0,
904,eco,P2,False,D3_safety_auth,False,False,False,0,0,0,73.37758040957277,0.6865527607803291,0.0,
904,eco,P2,False,D4b_master_data,False,False,False,0,0,0,73.37758040957277,0.6865527607803291,0.0,
904,eco,P2,False,D4c_spc,False,False,False,0,0,0,73.37758040957277,0.6865527607803291,0.0,
904,eco,P2,False,D4bc_process_aware,False,False,False,0,0,0,73.37758040957277,0.6865527607803291,0.0,
904,eco,P2,False,FULL_D3+D4bc,False,False,False,0,0,0,73.37758040957277,0.6865527607803291,0.0,
905,eco,P2,False,D0_none,False,False,False,0,0,0,73.37758040957277,0.6865527607803291,0.0,
905,eco,P2,False,D3_safety_auth,False,False,False,0,0,0,73.37758040957277,0.6865527607803291,0.0,
905,eco,P2,False,D4b_master_data,False,False,False,0,0,0,73.37758040957277,0.6865527607803291,0.0,
905,eco,P2,False,D4c_spc,False,False,False,0,0,0,73.37758040957277,0.6865527607803291,0.0,
905,eco,P2,False,D4bc_process_aware,False,False,False,0,0,0,73.37758040957277,0.6865527607803291,0.0,
905,eco,P2,False,FULL_D3+D4bc,False,False,False,0,0,0,73.37758040957277,0.6865527607803291,0.0,
906,eco,P2,False,D0_none,False,False,False,0,0,0,73.37758040957277,0.6865527607803291,0.0,
906,eco,P2,False,D3_safety_auth,False,False,False,0,0,0,73.37758040957277,0.6865527607803291,0.0,
906,eco,P2,False,D4b_master_data,False,False,False,0,0,0,73.37758040957277,0.6865527607803291,0.0,
906,eco,P2,False,D4c_spc,False,False,False,0,0,0,73.37758040957277,0.6865527607803291,0.0,
906,eco,P2,False,D4bc_process_aware,False,False,False,0,0,0,73.37758040957277,0.6865527607803291,0.0,
906,eco,P2,False,FULL_D3+D4bc,False,False,False,0,0,0,73.37758040957277,0.6865527607803291,0.0,
907,eco,P1,False,D0_none,False,False,False,0,0,0,95.84955592153871,0.6348444219329453,0.0,
907,eco,P1,False,D3_safety_auth,False,False,False,0,0,0,95.84955592153871,0.6348444219329453,0.0,
907,eco,P1,False,D4b_master_data,False,False,False,0,0,0,95.84955592153871,0.6348444219329453,0.0,
907,eco,P1,False,D4c_spc,False,False,False,0,0,0,95.84955592153871,0.6348444219329453,0.0,
907,eco,P1,False,D4bc_process_aware,False,False,False,0,0,0,95.84955592153871,0.6348444219329453,0.0,
907,eco,P1,False,FULL_D3+D4bc,False,False,False,0,0,0,95.84955592153871,0.6348444219329453,0.0,
908,eco,P3,False,D0_none,False,False,False,0,0,0,98.27795491975557,0.6235167893938096,0.0,
908,eco,P3,False,D3_safety_auth,False,False,False,0,0,0,98.27795491975557,0.6235167893938096,0.0,
908,eco,P3,False,D4b_master_data,False,False,False,0,0,0,98.27795491975557,0.6235167893938096,0.0,
908,eco,P3,False,D4c_spc,False,False,False,0,0,0,98.27795491975557,0.6235167893938096,0.0,
908,eco,P3,False,D4bc_process_aware,False,False,False,0,0,0,98.27795491975557,0.6235167893938096,0.0,
908,eco,P3,False,FULL_D3+D4bc,False,False,False,0,0,0,98.27795491975557,0.6235167893938096,0.0,
909,eco,P3,True,D0_none,False,False,False,0,0,0,98.27795491975557,0.6235167893938096,0.0,
909,eco,P3,True,D3_safety_auth,False,False,False,0,0,0,98.27795491975557,0.6235167893938096,0.0,
909,eco,P3,True,D4b_master_data,True,False,False,0,0,0,113.27795491975557,0.5409521646393065,15.0,program version not per master data
909,eco,P3,True,D4c_spc,False,False,False,0,0,0,98.27795491975557,0.6235167893938096,0.0,
909,eco,P3,True,D4bc_process_aware,True,False,False,0,0,0,113.27795491975557,0.5409521646393065,15.0,program version not per master data
909,eco,P3,True,FULL_D3+D4bc,True,False,False,0,0,0,113.27795491975557,0.5409521646393065,15.0,program version not per master data
910,eco,P2,False,D0_none,False,False,False,0,0,0,73.37758040957277,0.6865527607803291,0.0,
910,eco,P2,False,D3_safety_auth,False,False,False,0,0,0,73.37758040957277,0.6865527607803291,0.0,
910,eco,P2,False,D4b_master_data,False,False,False,0,0,0,73.37758040957277,0.6865527607803291,0.0,
910,eco,P2,False,D4c_spc,False,True,False,0,0,0,88.37758040957277,0.5700266988087405,17.0,
910,eco,P2,False,D4bc_process_aware,False,True,False,0,0,0,88.37758040957277,0.5700266988087405,17.0,
910,eco,P2,False,FULL_D3+D4bc,False,True,False,0,0,0,88.37758040957277,0.5700266988087405,17.0,
911,eco,P2,False,D0_none,False,False,False,0,0,0,73.37758040957277,0.6865527607803291,0.0,
911,eco,P2,False,D3_safety_auth,False,False,False,0,0,0,73.37758040957277,0.6865527607803291,0.0,
911,eco,P2,False,D4b_master_data,False,False,False,0,0,0,73.37758040957277,0.6865527607803291,0.0,
911,eco,P2,False,D4c_spc,False,False,False,0,0,0,73.37758040957277,0.6865527607803291,0.0,
911,eco,P2,False,D4bc_process_aware,False,False,False,0,0,0,73.37758040957277,0.6865527607803291,0.0,
911,eco,P2,False,FULL_D3+D4bc,False,False,False,0,0,0,73.37758040957277,0.6865527607803291,0.0,
912,eco,P1,False,D0_none,False,False,False,0,0,0,95.84955592153871,0.6348444219329453,0.0,
912,eco,P1,False,D3_safety_auth,False,False,False,0,0,0,95.84955592153871,0.6348444219329453,0.0,
912,eco,P1,False,D4b_master_data,False,False,False,0,0,0,95.84955592153871,0.6348444219329453,0.0,
912,eco,P1,False,D4c_spc,False,False,False,0,0,0,95.84955592153871,0.6348444219329453,0.0,
912,eco,P1,False,D4bc_process_aware,False,False,False,0,0,0,95.84955592153871,0.6348444219329453,0.0,
912,eco,P1,False,FULL_D3+D4bc,False,False,False,0,0,0,95.84955592153871,0.6348444219329453,0.0,
913,eco,P3,True,D0_none,False,False,False,0,0,0,98.27795491975557,0.6235167893938096,0.0,
913,eco,P3,True,D3_safety_auth,False,False,False,0,0,0,98.27795491975557,0.6235167893938096,0.0,
913,eco,P3,True,D4b_master_data,True,False,False,0,0,0,113.27795491975557,0.5409521646393065,15.0,program version not per master data
913,eco,P3,True,D4c_spc,False,False,False,0,0,0,98.27795491975557,0.6235167893938096,0.0,
913,eco,P3,True,D4bc_process_aware,True,False,False,0,0,0,113.27795491975557,0.5409521646393065,15.0,program version not per master data
913,eco,P3,True,FULL_D3+D4bc,True,False,False,0,0,0,113.27795491975557,0.5409521646393065,15.0,program version not per master data
914,eco,P2,False,D0_none,False,False,False,0,0,0,73.37758040957277,0.6865527607803291,0.0,
914,eco,P2,False,D3_safety_auth,False,False,False,0,0,0,73.37758040957277,0.6865527607803291,0.0,
914,eco,P2,False,D4b_master_data,False,False,False,0,0,0,73.37758040957277,0.6865527607803291,0.0,
914,eco,P2,False,D4c_spc,False,False,False,0,0,0,73.37758040957277,0.6865527607803291,0.0,
914,eco,P2,False,D4bc_process_aware,False,False,False,0,0,0,73.37758040957277,0.6865527607803291,0.0,
914,eco,P2,False,FULL_D3+D4bc,False,False,False,0,0,0,73.37758040957277,0.6865527607803291,0.0,
915,eco,P1,False,D0_none,False,False,False,0,0,0,95.84955592153871,0.6348444219329453,0.0,
915,eco,P1,False,D3_safety_auth,False,False,False,0,0,0,95.84955592153871,0.6348444219329453,0.0,
915,eco,P1,False,D4b_master_data,False,False,False,0,0,0,95.84955592153871,0.6348444219329453,0.0,
915,eco,P1,False,D4c_spc,False,False,False,0,0,0,95.84955592153871,0.6348444219329453,0.0,
915,eco,P1,False,D4bc_process_aware,False,False,False,0,0,0,95.84955592153871,0.6348444219329453,0.0,
915,eco,P1,False,FULL_D3+D4bc,False,False,False,0,0,0,95.84955592153871,0.6348444219329453,0.0,
916,eco,P1,False,D0_none,False,False,False,0,0,0,95.84955592153871,0.6348444219329453,0.0,
916,eco,P1,False,D3_safety_auth,False,False,False,0,0,0,95.84955592153871,0.6348444219329453,0.0,
916,eco,P1,False,D4b_master_data,False,False,False,0,0,0,95.84955592153871,0.6348444219329453,0.0,
916,eco,P1,False,D4c_spc,False,True,False,0,0,0,112.84955592153871,0.5392095292235428,17.0,
916,eco,P1,False,D4bc_process_aware,False,True,False,0,0,0,112.84955592153871,0.5392095292235428,17.0,
916,eco,P1,False,FULL_D3+D4bc,False,True,False,0,0,0,112.84955592153871,0.5392095292235428,17.0,
917,eco,P2,False,D0_none,False,False,False,0,0,0,73.37758040957277,0.6865527607803291,0.0,
917,eco,P2,False,D3_safety_auth,False,False,False,0,0,0,73.37758040957277,0.6865527607803291,0.0,
917,eco,P2,False,D4b_master_data,False,False,False,0,0,0,73.37758040957277,0.6865527607803291,0.0,
917,eco,P2,False,D4c_spc,False,False,False,0,0,0,73.37758040957277,0.6865527607803291,0.0,
917,eco,P2,False,D4bc_process_aware,False,False,False,0,0,0,73.37758040957277,0.6865527607803291,0.0,
917,eco,P2,False,FULL_D3+D4bc,False,False,False,0,0,0,73.37758040957277,0.6865527607803291,0.0,
918,eco,P1,False,D0_none,False,False,False,0,0,0,95.84955592153871,0.6348444219329453,0.0,
918,eco,P1,False,D3_safety_auth,False,False,False,0,0,0,95.84955592153871,0.6348444219329453,0.0,
918,eco,P1,False,D4b_master_data,False,False,False,0,0,0,95.84955592153871,0.6348444219329453,0.0,
918,eco,P1,False,D4c_spc,False,False,False,0,0,0,95.84955592153871,0.6348444219329453,0.0,
918,eco,P1,False,D4bc_process_aware,False,False,False,0,0,0,95.84955592153871,0.6348444219329453,0.0,
918,eco,P1,False,FULL_D3+D4bc,False,False,False,0,0,0,95.84955592153871,0.6348444219329453,0.0,
919,eco,P2,False,D0_none,False,False,False,0,0,0,73.37758040957277,0.6865527607803291,0.0,
919,eco,P2,False,D3_safety_auth,False,False,False,0,0,0,73.37758040957277,0.6865527607803291,0.0,
919,eco,P2,False,D4b_master_data,False,False,False,0,0,0,73.37758040957277,0.6865527607803291,0.0,
919,eco,P2,False,D4c_spc,False,False,False,0,0,0,73.37758040957277,0.6865527607803291,0.0,
919,eco,P2,False,D4bc_process_aware,False,False,False,0,0,0,73.37758040957277,0.6865527607803291,0.0,
919,eco,P2,False,FULL_D3+D4bc,False,False,False,0,0,0,73.37758040957277,0.6865527607803291,0.0,
920,eco,P2,False,D0_none,False,False,False,0,0,0,73.37758040957277,0.6865527607803291,0.0,
920,eco,P2,False,D3_safety_auth,False,False,False,0,0,0,73.37758040957277,0.6865527607803291,0.0,
920,eco,P2,False,D4b_master_data,False,False,False,0,0,0,73.37758040957277,0.6865527607803291,0.0,
920,eco,P2,False,D4c_spc,False,False,False,0,0,0,73.37758040957277,0.6865527607803291,0.0,
920,eco,P2,False,D4bc_process_aware,False,False,False,0,0,0,73.37758040957277,0.6865527607803291,0.0,
920,eco,P2,False,FULL_D3+D4bc,False,False,False,0,0,0,73.37758040957277,0.6865527607803291,0.0,
921,eco,P1,False,D0_none,False,False,False,0,0,0,95.84955592153871,0.6348444219329453,0.0,
921,eco,P1,False,D3_safety_auth,False,False,False,0,0,0,95.84955592153871,0.6348444219329453,0.0,
921,eco,P1,False,D4b_master_data,False,False,False,0,0,0,95.84955592153871,0.6348444219329453,0.0,
921,eco,P1,False,D4c_spc,False,False,False,0,0,0,95.84955592153871,0.6348444219329453,0.0,
921,eco,P1,False,D4bc_process_aware,False,False,False,0,0,0,95.84955592153871,0.6348444219329453,0.0,
921,eco,P1,False,FULL_D3+D4bc,False,False,False,0,0,0,95.84955592153871,0.6348444219329453,0.0,
922,eco,P3,False,D0_none,False,False,False,0,0,0,98.27795491975557,0.6235167893938096,0.0,
922,eco,P3,False,D3_safety_auth,False,False,False,0,0,0,98.27795491975557,0.6235167893938096,0.0,
922,eco,P3,False,D4b_master_data,False,False,False,0,0,0,98.27795491975557,0.6235167893938096,0.0,
922,eco,P3,False,D4c_spc,False,False,False,0,0,0,98.27795491975557,0.6235167893938096,0.0,
922,eco,P3,False,D4bc_process_aware,False,False,False,0,0,0,98.27795491975557,0.6235167893938096,0.0,
922,eco,P3,False,FULL_D3+D4bc,False,False,False,0,0,0,98.27795491975557,0.6235167893938096,0.0,
923,eco,P2,True,D0_none,False,False,False,0,0,0,73.37758040957277,0.6865527607803291,0.0,
923,eco,P2,True,D3_safety_auth,False,False,False,0,0,0,73.37758040957277,0.6865527607803291,0.0,
923,eco,P2,True,D4b_master_data,True,False,False,0,0,0,88.37758040957277,0.5700266988087405,15.0,program version not per master data
923,eco,P2,True,D4c_spc,False,False,False,0,0,0,73.37758040957277,0.6865527607803291,0.0,
923,eco,P2,True,D4bc_process_aware,True,False,False,0,0,0,88.37758040957277,0.5700266988087405,15.0,program version not per master data
923,eco,P2,True,FULL_D3+D4bc,True,False,False,0,0,0,88.37758040957277,0.5700266988087405,15.0,program version not per master data
924,eco,P1,False,D0_none,False,False,False,0,0,0,95.84955592153871,0.6348444219329453,0.0,
924,eco,P1,False,D3_safety_auth,False,False,False,0,0,0,95.84955592153871,0.6348444219329453,0.0,
924,eco,P1,False,D4b_master_data,False,False,False,0,0,0,95.84955592153871,0.6348444219329453,0.0,
924,eco,P1,False,D4c_spc,False,False,False,0,0,0,95.84955592153871,0.6348444219329453,0.0,
924,eco,P1,False,D4bc_process_aware,False,False,False,0,0,0,95.84955592153871,0.6348444219329453,0.0,
924,eco,P1,False,FULL_D3+D4bc,False,False,False,0,0,0,95.84955592153871,0.6348444219329453,0.0,
925,eco,P2,False,D0_none,False,False,False,0,0,0,73.37758040957277,0.6865527607803291,0.0,
925,eco,P2,False,D3_safety_auth,False,False,False,0,0,0,73.37758040957277,0.6865527607803291,0.0,
925,eco,P2,False,D4b_master_data,False,False,False,0,0,0,73.37758040957277,0.6865527607803291,0.0,
925,eco,P2,False,D4c_spc,False,True,False,0,0,0,88.37758040957277,0.5700266988087405,17.0,
925,eco,P2,False,D4bc_process_aware,False,True,False,0,0,0,88.37758040957277,0.5700266988087405,17.0,
925,eco,P2,False,FULL_D3+D4bc,False,True,False,0,0,0,88.37758040957277,0.5700266988087405,17.0,
926,eco,P1,False,D0_none,False,False,False,0,0,0,95.84955592153871,0.6348444219329453,0.0,
926,eco,P1,False,D3_safety_auth,False,False,False,0,0,0,95.84955592153871,0.6348444219329453,0.0,
926,eco,P1,False,D4b_master_data,False,False,False,0,0,0,95.84955592153871,0.6348444219329453,0.0,
926,eco,P1,False,D4c_spc,False,False,False,0,0,0,95.84955592153871,0.6348444219329453,0.0,
926,eco,P1,False,D4bc_process_aware,False,False,False,0,0,0,95.84955592153871,0.6348444219329453,0.0,
926,eco,P1,False,FULL_D3+D4bc,False,False,False,0,0,0,95.84955592153871,0.6348444219329453,0.0,
927,eco,P2,False,D0_none,False,False,False,0,0,0,73.37758040957277,0.6865527607803291,0.0,
927,eco,P2,False,D3_safety_auth,False,False,False,0,0,0,73.37758040957277,0.6865527607803291,0.0,
927,eco,P2,False,D4b_master_data,False,False,False,0,0,0,73.37758040957277,0.6865527607803291,0.0,
927,eco,P2,False,D4c_spc,False,False,False,0,0,0,73.37758040957277,0.6865527607803291,0.0,
927,eco,P2,False,D4bc_process_aware,False,False,False,0,0,0,73.37758040957277,0.6865527607803291,0.0,
927,eco,P2,False,FULL_D3+D4bc,False,False,False,0,0,0,73.37758040957277,0.6865527607803291,0.0,
928,eco,P3,False,D0_none,False,False,False,0,0,0,98.27795491975557,0.6235167893938096,0.0,
928,eco,P3,False,D3_safety_auth,False,False,False,0,0,0,98.27795491975557,0.6235167893938096,0.0,
928,eco,P3,False,D4b_master_data,False,False,False,0,0,0,98.27795491975557,0.6235167893938096,0.0,
928,eco,P3,False,D4c_spc,False,False,False,0,0,0,98.27795491975557,0.6235167893938096,0.0,
928,eco,P3,False,D4bc_process_aware,False,False,False,0,0,0,98.27795491975557,0.6235167893938096,0.0,
928,eco,P3,False,FULL_D3+D4bc,False,False,False,0,0,0,98.27795491975557,0.6235167893938096,0.0,
929,eco,P1,False,D0_none,False,False,False,0,0,0,95.84955592153871,0.6348444219329453,0.0,
929,eco,P1,False,D3_safety_auth,False,False,False,0,0,0,95.84955592153871,0.6348444219329453,0.0,
929,eco,P1,False,D4b_master_data,False,False,False,0,0,0,95.84955592153871,0.6348444219329453,0.0,
929,eco,P1,False,D4c_spc,False,False,False,0,0,0,95.84955592153871,0.6348444219329453,0.0,
929,eco,P1,False,D4bc_process_aware,False,False,False,0,0,0,95.84955592153871,0.6348444219329453,0.0,
929,eco,P1,False,FULL_D3+D4bc,False,False,False,0,0,0,95.84955592153871,0.6348444219329453,0.0,
930,eco,P1,False,D0_none,False,False,False,0,0,0,95.84955592153871,0.6348444219329453,0.0,
930,eco,P1,False,D3_safety_auth,False,False,False,0,0,0,95.84955592153871,0.6348444219329453,0.0,
930,eco,P1,False,D4b_master_data,False,False,False,0,0,0,95.84955592153871,0.6348444219329453,0.0,
930,eco,P1,False,D4c_spc,False,False,False,0,0,0,95.84955592153871,0.6348444219329453,0.0,
930,eco,P1,False,D4bc_process_aware,False,False,False,0,0,0,95.84955592153871,0.6348444219329453,0.0,
930,eco,P1,False,FULL_D3+D4bc,False,False,False,0,0,0,95.84955592153871,0.6348444219329453,0.0,
931,eco,P3,False,D0_none,False,False,False,0,0,0,98.27795491975557,0.6235167893938096,0.0,
931,eco,P3,False,D3_safety_auth,False,False,False,0,0,0,98.27795491975557,0.6235167893938096,0.0,
931,eco,P3,False,D4b_master_data,False,False,False,0,0,0,98.27795491975557,0.6235167893938096,0.0,
931,eco,P3,False,D4c_spc,False,False,False,0,0,0,98.27795491975557,0.6235167893938096,0.0,
931,eco,P3,False,D4bc_process_aware,False,False,False,0,0,0,98.27795491975557,0.6235167893938096,0.0,
931,eco,P3,False,FULL_D3+D4bc,False,False,False,0,0,0,98.27795491975557,0.6235167893938096,0.0,
932,eco,P1,False,D0_none,False,False,False,0,0,0,95.84955592153871,0.6348444219329453,0.0,
932,eco,P1,False,D3_safety_auth,False,False,False,0,0,0,95.84955592153871,0.6348444219329453,0.0,
932,eco,P1,False,D4b_master_data,False,False,False,0,0,0,95.84955592153871,0.6348444219329453,0.0,
932,eco,P1,False,D4c_spc,False,False,False,0,0,0,95.84955592153871,0.6348444219329453,0.0,
932,eco,P1,False,D4bc_process_aware,False,False,False,0,0,0,95.84955592153871,0.6348444219329453,0.0,
932,eco,P1,False,FULL_D3+D4bc,False,False,False,0,0,0,95.84955592153871,0.6348444219329453,0.0,
933,eco,P2,False,D0_none,False,False,False,0,0,0,73.37758040957277,0.6865527607803291,0.0,
933,eco,P2,False,D3_safety_auth,False,False,False,0,0,0,73.37758040957277,0.6865527607803291,0.0,
933,eco,P2,False,D4b_master_data,False,False,False,0,0,0,73.37758040957277,0.6865527607803291,0.0,
933,eco,P2,False,D4c_spc,False,False,False,0,0,0,73.37758040957277,0.6865527607803291,0.0,
933,eco,P2,False,D4bc_process_aware,False,False,False,0,0,0,73.37758040957277,0.6865527607803291,0.0,
933,eco,P2,False,FULL_D3+D4bc,False,False,False,0,0,0,73.37758040957277,0.6865527607803291,0.0,
934,eco,P3,False,D0_none,False,False,False,0,0,0,98.27795491975557,0.6235167893938096,0.0,
934,eco,P3,False,D3_safety_auth,False,False,False,0,0,0,98.27795491975557,0.6235167893938096,0.0,
934,eco,P3,False,D4b_master_data,False,False,False,0,0,0,98.27795491975557,0.6235167893938096,0.0,
934,eco,P3,False,D4c_spc,False,True,False,0,0,0,113.27795491975557,0.5409521646393065,17.0,
934,eco,P3,False,D4bc_process_aware,False,True,False,0,0,0,113.27795491975557,0.5409521646393065,17.0,
934,eco,P3,False,FULL_D3+D4bc,False,True,False,0,0,0,113.27795491975557,0.5409521646393065,17.0,
935,eco,P2,False,D0_none,False,False,False,1,0,0,73.37758040957277,0.6636676687543182,0.0,
935,eco,P2,False,D3_safety_auth,False,False,False,1,0,0,73.37758040957277,0.6636676687543182,0.0,
935,eco,P2,False,D4b_master_data,False,False,False,1,0,0,73.37758040957277,0.6636676687543182,0.0,
935,eco,P2,False,D4c_spc,False,True,True,1,0,0,88.37758040957277,0.5510258088484491,17.0,
935,eco,P2,False,D4bc_process_aware,False,True,True,1,0,0,88.37758040957277,0.5510258088484491,17.0,
935,eco,P2,False,FULL_D3+D4bc,False,True,True,1,0,0,88.37758040957277,0.5510258088484491,17.0,
936,eco,P2,False,D0_none,False,False,False,0,0,0,73.37758040957277,0.6865527607803291,0.0,
936,eco,P2,False,D3_safety_auth,False,False,False,0,0,0,73.37758040957277,0.6865527607803291,0.0,
936,eco,P2,False,D4b_master_data,False,False,False,0,0,0,73.37758040957277,0.6865527607803291,0.0,
936,eco,P2,False,D4c_spc,False,False,False,0,0,0,73.37758040957277,0.6865527607803291,0.0,
936,eco,P2,False,D4bc_process_aware,False,False,False,0,0,0,73.37758040957277,0.6865527607803291,0.0,
936,eco,P2,False,FULL_D3+D4bc,False,False,False,0,0,0,73.37758040957277,0.6865527607803291,0.0,
937,eco,P2,True,D0_none,False,False,False,0,0,0,73.37758040957277,0.6865527607803291,0.0,
937,eco,P2,True,D3_safety_auth,False,False,False,0,0,0,73.37758040957277,0.6865527607803291,0.0,
937,eco,P2,True,D4b_master_data,True,False,False,0,0,0,88.37758040957277,0.5700266988087405,15.0,program version not per master data
937,eco,P2,True,D4c_spc,False,False,False,0,0,0,73.37758040957277,0.6865527607803291,0.0,
937,eco,P2,True,D4bc_process_aware,True,False,False,0,0,0,88.37758040957277,0.5700266988087405,15.0,program version not per master data
937,eco,P2,True,FULL_D3+D4bc,True,False,False,0,0,0,88.37758040957277,0.5700266988087405,15.0,program version not per master data
938,eco,P3,False,D0_none,False,False,False,0,0,0,98.27795491975557,0.6235167893938096,0.0,
938,eco,P3,False,D3_safety_auth,False,False,False,0,0,0,98.27795491975557,0.6235167893938096,0.0,
938,eco,P3,False,D4b_master_data,False,False,False,0,0,0,98.27795491975557,0.6235167893938096,0.0,
938,eco,P3,False,D4c_spc,False,False,False,0,0,0,98.27795491975557,0.6235167893938096,0.0,
938,eco,P3,False,D4bc_process_aware,False,False,False,0,0,0,98.27795491975557,0.6235167893938096,0.0,
938,eco,P3,False,FULL_D3+D4bc,False,False,False,0,0,0,98.27795491975557,0.6235167893938096,0.0,
939,eco,P1,False,D0_none,False,False,False,0,0,0,95.84955592153871,0.6348444219329453,0.0,
939,eco,P1,False,D3_safety_auth,False,False,False,0,0,0,95.84955592153871,0.6348444219329453,0.0,
939,eco,P1,False,D4b_master_data,False,False,False,0,0,0,95.84955592153871,0.6348444219329453,0.0,
939,eco,P1,False,D4c_spc,False,False,False,0,0,0,95.84955592153871,0.6348444219329453,0.0,
939,eco,P1,False,D4bc_process_aware,False,False,False,0,0,0,95.84955592153871,0.6348444219329453,0.0,
939,eco,P1,False,FULL_D3+D4bc,False,False,False,0,0,0,95.84955592153871,0.6348444219329453,0.0,
940,eco,P2,False,D0_none,False,False,False,0,0,0,73.37758040957277,0.6865527607803291,0.0,
940,eco,P2,False,D3_safety_auth,False,False,False,0,0,0,73.37758040957277,0.6865527607803291,0.0,
940,eco,P2,False,D4b_master_data,False,False,False,0,0,0,73.37758040957277,0.6865527607803291,0.0,
940,eco,P2,False,D4c_spc,False,False,False,0,0,0,73.37758040957277,0.6865527607803291,0.0,
940,eco,P2,False,D4bc_process_aware,False,False,False,0,0,0,73.37758040957277,0.6865527607803291,0.0,
940,eco,P2,False,FULL_D3+D4bc,False,False,False,0,0,0,73.37758040957277,0.6865527607803291,0.0,
941,eco,P3,False,D0_none,False,False,False,0,0,0,98.27795491975557,0.6235167893938096,0.0,
941,eco,P3,False,D3_safety_auth,False,False,False,0,0,0,98.27795491975557,0.6235167893938096,0.0,
941,eco,P3,False,D4b_master_data,False,False,False,0,0,0,98.27795491975557,0.6235167893938096,0.0,
941,eco,P3,False,D4c_spc,False,False,False,0,0,0,98.27795491975557,0.6235167893938096,0.0,
941,eco,P3,False,D4bc_process_aware,False,False,False,0,0,0,98.27795491975557,0.6235167893938096,0.0,
941,eco,P3,False,FULL_D3+D4bc,False,False,False,0,0,0,98.27795491975557,0.6235167893938096,0.0,
942,eco,P1,False,D0_none,False,False,False,0,0,0,95.84955592153871,0.6348444219329453,0.0,
942,eco,P1,False,D3_safety_auth,False,False,False,0,0,0,95.84955592153871,0.6348444219329453,0.0,
942,eco,P1,False,D4b_master_data,False,False,False,0,0,0,95.84955592153871,0.6348444219329453,0.0,
942,eco,P1,False,D4c_spc,False,False,False,0,0,0,95.84955592153871,0.6348444219329453,0.0,
942,eco,P1,False,D4bc_process_aware,False,False,False,0,0,0,95.84955592153871,0.6348444219329453,0.0,
942,eco,P1,False,FULL_D3+D4bc,False,False,False,0,0,0,95.84955592153871,0.6348444219329453,0.0,
943,eco,P3,False,D0_none,False,False,False,0,0,0,98.27795491975557,0.6235167893938096,0.0,
943,eco,P3,False,D3_safety_auth,False,False,False,0,0,0,98.27795491975557,0.6235167893938096,0.0,
943,eco,P3,False,D4b_master_data,False,False,False,0,0,0,98.27795491975557,0.6235167893938096,0.0,
943,eco,P3,False,D4c_spc,False,False,False,0,0,0,98.27795491975557,0.6235167893938096,0.0,
943,eco,P3,False,D4bc_process_aware,False,False,False,0,0,0,98.27795491975557,0.6235167893938096,0.0,
943,eco,P3,False,FULL_D3+D4bc,False,False,False,0,0,0,98.27795491975557,0.6235167893938096,0.0,
944,eco,P3,False,D0_none,False,False,False,0,0,0,98.27795491975557,0.6235167893938096,0.0,
944,eco,P3,False,D3_safety_auth,False,False,False,0,0,0,98.27795491975557,0.6235167893938096,0.0,
944,eco,P3,False,D4b_master_data,False,False,False,0,0,0,98.27795491975557,0.6235167893938096,0.0,
944,eco,P3,False,D4c_spc,False,False,False,0,0,0,98.27795491975557,0.6235167893938096,0.0,
944,eco,P3,False,D4bc_process_aware,False,False,False,0,0,0,98.27795491975557,0.6235167893938096,0.0,
944,eco,P3,False,FULL_D3+D4bc,False,False,False,0,0,0,98.27795491975557,0.6235167893938096,0.0,
945,eco,P3,False,D0_none,False,False,False,0,0,0,98.27795491975557,0.6235167893938096,0.0,
945,eco,P3,False,D3_safety_auth,False,False,False,0,0,0,98.27795491975557,0.6235167893938096,0.0,
945,eco,P3,False,D4b_master_data,False,False,False,0,0,0,98.27795491975557,0.6235167893938096,0.0,
945,eco,P3,False,D4c_spc,False,False,False,0,0,0,98.27795491975557,0.6235167893938096,0.0,
945,eco,P3,False,D4bc_process_aware,False,False,False,0,0,0,98.27795491975557,0.6235167893938096,0.0,
945,eco,P3,False,FULL_D3+D4bc,False,False,False,0,0,0,98.27795491975557,0.6235167893938096,0.0,
946,eco,P1,False,D0_none,False,False,False,0,1,0,95.84955592153871,0.6136829412018471,0.0,
946,eco,P1,False,D3_safety_auth,False,False,False,0,1,0,95.84955592153871,0.6136829412018471,0.0,
946,eco,P1,False,D4b_master_data,False,False,False,0,1,0,95.84955592153871,0.6136829412018471,0.0,
946,eco,P1,False,D4c_spc,False,True,True,0,1,0,112.8495559215387,0.5212358782494247,17.0,
946,eco,P1,False,D4bc_process_aware,False,True,True,0,1,0,112.8495559215387,0.5212358782494247,17.0,
946,eco,P1,False,FULL_D3+D4bc,False,True,True,0,1,0,112.8495559215387,0.5212358782494247,17.0,
947,eco,P1,False,D0_none,False,False,False,0,0,0,95.84955592153871,0.6348444219329453,0.0,
947,eco,P1,False,D3_safety_auth,False,False,False,0,0,0,95.84955592153871,0.6348444219329453,0.0,
947,eco,P1,False,D4b_master_data,False,False,False,0,0,0,95.84955592153871,0.6348444219329453,0.0,
947,eco,P1,False,D4c_spc,False,False,False,0,0,0,95.84955592153871,0.6348444219329453,0.0,
947,eco,P1,False,D4bc_process_aware,False,False,False,0,0,0,95.84955592153871,0.6348444219329453,0.0,
947,eco,P1,False,FULL_D3+D4bc,False,False,False,0,0,0,95.84955592153871,0.6348444219329453,0.0,
948,eco,P1,False,D0_none,False,False,False,0,0,0,95.84955592153871,0.6348444219329453,0.0,
948,eco,P1,False,D3_safety_auth,False,False,False,0,0,0,95.84955592153871,0.6348444219329453,0.0,
948,eco,P1,False,D4b_master_data,False,False,False,0,0,0,95.84955592153871,0.6348444219329453,0.0,
948,eco,P1,False,D4c_spc,False,False,False,0,0,0,95.84955592153871,0.6348444219329453,0.0,
948,eco,P1,False,D4bc_process_aware,False,False,False,0,0,0,95.84955592153871,0.6348444219329453,0.0,
948,eco,P1,False,FULL_D3+D4bc,False,False,False,0,0,0,95.84955592153871,0.6348444219329453,0.0,
949,eco,P3,False,D0_none,False,False,False,0,0,0,98.27795491975557,0.6235167893938096,0.0,
949,eco,P3,False,D3_safety_auth,False,False,False,0,0,0,98.27795491975557,0.6235167893938096,0.0,
949,eco,P3,False,D4b_master_data,False,False,False,0,0,0,98.27795491975557,0.6235167893938096,0.0,
949,eco,P3,False,D4c_spc,False,False,False,0,0,0,98.27795491975557,0.6235167893938096,0.0,
949,eco,P3,False,D4bc_process_aware,False,False,False,0,0,0,98.27795491975557,0.6235167893938096,0.0,
949,eco,P3,False,FULL_D3+D4bc,False,False,False,0,0,0,98.27795491975557,0.6235167893938096,0.0,
950,eco,P2,False,D0_none,False,False,False,0,0,0,73.37758040957277,0.6865527607803291,0.0,
950,eco,P2,False,D3_safety_auth,False,False,False,0,0,0,73.37758040957277,0.6865527607803291,0.0,
950,eco,P2,False,D4b_master_data,False,False,False,0,0,0,73.37758040957277,0.6865527607803291,0.0,
950,eco,P2,False,D4c_spc,False,False,False,0,0,0,73.37758040957277,0.6865527607803291,0.0,
950,eco,P2,False,D4bc_process_aware,False,False,False,0,0,0,73.37758040957277,0.6865527607803291,0.0,
950,eco,P2,False,FULL_D3+D4bc,False,False,False,0,0,0,73.37758040957277,0.6865527607803291,0.0,
951,eco,P2,True,D0_none,False,False,False,0,0,0,73.37758040957277,0.6865527607803291,0.0,
951,eco,P2,True,D3_safety_auth,False,False,False,0,0,0,73.37758040957277,0.6865527607803291,0.0,
951,eco,P2,True,D4b_master_data,True,False,False,0,0,0,88.37758040957277,0.5700266988087405,15.0,program version not per master data
951,eco,P2,True,D4c_spc,False,False,False,0,0,0,73.37758040957277,0.6865527607803291,0.0,
951,eco,P2,True,D4bc_process_aware,True,False,False,0,0,0,88.37758040957277,0.5700266988087405,15.0,program version not per master data
951,eco,P2,True,FULL_D3+D4bc,True,False,False,0,0,0,88.37758040957277,0.5700266988087405,15.0,program version not per master data
952,eco,P1,False,D0_none,False,False,False,0,0,0,95.84955592153871,0.6348444219329453,0.0,
952,eco,P1,False,D3_safety_auth,False,False,False,0,0,0,95.84955592153871,0.6348444219329453,0.0,
952,eco,P1,False,D4b_master_data,False,False,False,0,0,0,95.84955592153871,0.6348444219329453,0.0,
952,eco,P1,False,D4c_spc,False,False,False,0,0,0,95.84955592153871,0.6348444219329453,0.0,
952,eco,P1,False,D4bc_process_aware,False,False,False,0,0,0,95.84955592153871,0.6348444219329453,0.0,
952,eco,P1,False,FULL_D3+D4bc,False,False,False,0,0,0,95.84955592153871,0.6348444219329453,0.0,
953,eco,P3,False,D0_none,False,False,False,0,0,0,98.27795491975557,0.6235167893938096,0.0,
953,eco,P3,False,D3_safety_auth,False,False,False,0,0,0,98.27795491975557,0.6235167893938096,0.0,
953,eco,P3,False,D4b_master_data,False,False,False,0,0,0,98.27795491975557,0.6235167893938096,0.0,
953,eco,P3,False,D4c_spc,False,False,False,0,0,0,98.27795491975557,0.6235167893938096,0.0,
953,eco,P3,False,D4bc_process_aware,False,False,False,0,0,0,98.27795491975557,0.6235167893938096,0.0,
953,eco,P3,False,FULL_D3+D4bc,False,False,False,0,0,0,98.27795491975557,0.6235167893938096,0.0,
954,eco,P1,False,D0_none,False,False,False,0,0,0,95.84955592153871,0.6348444219329453,0.0,
954,eco,P1,False,D3_safety_auth,False,False,False,0,0,0,95.84955592153871,0.6348444219329453,0.0,
954,eco,P1,False,D4b_master_data,False,False,False,0,0,0,95.84955592153871,0.6348444219329453,0.0,
954,eco,P1,False,D4c_spc,False,False,False,0,0,0,95.84955592153871,0.6348444219329453,0.0,
954,eco,P1,False,D4bc_process_aware,False,False,False,0,0,0,95.84955592153871,0.6348444219329453,0.0,
954,eco,P1,False,FULL_D3+D4bc,False,False,False,0,0,0,95.84955592153871,0.6348444219329453,0.0,
955,eco,P3,False,D0_none,False,False,False,0,0,0,98.27795491975557,0.6235167893938096,0.0,
955,eco,P3,False,D3_safety_auth,False,False,False,0,0,0,98.27795491975557,0.6235167893938096,0.0,
955,eco,P3,False,D4b_master_data,False,False,False,0,0,0,98.27795491975557,0.6235167893938096,0.0,
955,eco,P3,False,D4c_spc,False,False,False,0,0,0,98.27795491975557,0.6235167893938096,0.0,
955,eco,P3,False,D4bc_process_aware,False,False,False,0,0,0,98.27795491975557,0.6235167893938096,0.0,
955,eco,P3,False,FULL_D3+D4bc,False,False,False,0,0,0,98.27795491975557,0.6235167893938096,0.0,
956,eco,P3,False,D0_none,False,False,False,0,0,0,98.27795491975557,0.6235167893938096,0.0,
956,eco,P3,False,D3_safety_auth,False,False,False,0,0,0,98.27795491975557,0.6235167893938096,0.0,
956,eco,P3,False,D4b_master_data,False,False,False,0,0,0,98.27795491975557,0.6235167893938096,0.0,
956,eco,P3,False,D4c_spc,False,False,False,0,0,0,98.27795491975557,0.6235167893938096,0.0,
956,eco,P3,False,D4bc_process_aware,False,False,False,0,0,0,98.27795491975557,0.6235167893938096,0.0,
956,eco,P3,False,FULL_D3+D4bc,False,False,False,0,0,0,98.27795491975557,0.6235167893938096,0.0,
957,eco,P1,False,D0_none,False,False,False,0,0,0,95.84955592153871,0.6348444219329453,0.0,
957,eco,P1,False,D3_safety_auth,False,False,False,0,0,0,95.84955592153871,0.6348444219329453,0.0,
957,eco,P1,False,D4b_master_data,False,False,False,0,0,0,95.84955592153871,0.6348444219329453,0.0,
957,eco,P1,False,D4c_spc,False,False,False,0,0,0,95.84955592153871,0.6348444219329453,0.0,
957,eco,P1,False,D4bc_process_aware,False,False,False,0,0,0,95.84955592153871,0.6348444219329453,0.0,
957,eco,P1,False,FULL_D3+D4bc,False,False,False,0,0,0,95.84955592153871,0.6348444219329453,0.0,
958,eco,P2,False,D0_none,False,False,False,0,0,0,73.37758040957277,0.6865527607803291,0.0,
958,eco,P2,False,D3_safety_auth,False,False,False,0,0,0,73.37758040957277,0.6865527607803291,0.0,
958,eco,P2,False,D4b_master_data,False,False,False,0,0,0,73.37758040957277,0.6865527607803291,0.0,
958,eco,P2,False,D4c_spc,False,False,False,0,0,0,73.37758040957277,0.6865527607803291,0.0,
958,eco,P2,False,D4bc_process_aware,False,False,False,0,0,0,73.37758040957277,0.6865527607803291,0.0,
958,eco,P2,False,FULL_D3+D4bc,False,False,False,0,0,0,73.37758040957277,0.6865527607803291,0.0,
959,eco,P2,True,D0_none,False,False,False,0,0,0,73.37758040957277,0.6865527607803291,0.0,
959,eco,P2,True,D3_safety_auth,False,False,False,0,0,0,73.37758040957277,0.6865527607803291,0.0,
959,eco,P2,True,D4b_master_data,True,False,False,0,0,0,88.37758040957277,0.5700266988087405,15.0,program version not per master data
959,eco,P2,True,D4c_spc,False,False,False,0,0,0,73.37758040957277,0.6865527607803291,0.0,
959,eco,P2,True,D4bc_process_aware,True,False,False,0,0,0,88.37758040957277,0.5700266988087405,15.0,program version not per master data
959,eco,P2,True,FULL_D3+D4bc,True,False,False,0,0,0,88.37758040957277,0.5700266988087405,15.0,program version not per master data
960,eco,P3,False,D0_none,False,False,False,0,0,0,98.27795491975557,0.6235167893938096,0.0,
960,eco,P3,False,D3_safety_auth,False,False,False,0,0,0,98.27795491975557,0.6235167893938096,0.0,
960,eco,P3,False,D4b_master_data,False,False,False,0,0,0,98.27795491975557,0.6235167893938096,0.0,
960,eco,P3,False,D4c_spc,False,False,False,0,0,0,98.27795491975557,0.6235167893938096,0.0,
960,eco,P3,False,D4bc_process_aware,False,False,False,0,0,0,98.27795491975557,0.6235167893938096,0.0,
960,eco,P3,False,FULL_D3+D4bc,False,False,False,0,0,0,98.27795491975557,0.6235167893938096,0.0,
961,eco,P1,False,D0_none,False,False,False,0,0,0,95.84955592153871,0.6348444219329453,0.0,
961,eco,P1,False,D3_safety_auth,False,False,False,0,0,0,95.84955592153871,0.6348444219329453,0.0,
961,eco,P1,False,D4b_master_data,False,False,False,0,0,0,95.84955592153871,0.6348444219329453,0.0,
961,eco,P1,False,D4c_spc,False,False,False,0,0,0,95.84955592153871,0.6348444219329453,0.0,
961,eco,P1,False,D4bc_process_aware,False,False,False,0,0,0,95.84955592153871,0.6348444219329453,0.0,
961,eco,P1,False,FULL_D3+D4bc,False,False,False,0,0,0,95.84955592153871,0.6348444219329453,0.0,
962,eco,P2,False,D0_none,False,False,False,0,0,0,73.37758040957277,0.6865527607803291,0.0,
962,eco,P2,False,D3_safety_auth,False,False,False,0,0,0,73.37758040957277,0.6865527607803291,0.0,
962,eco,P2,False,D4b_master_data,False,False,False,0,0,0,73.37758040957277,0.6865527607803291,0.0,
962,eco,P2,False,D4c_spc,False,False,False,0,0,0,73.37758040957277,0.6865527607803291,0.0,
962,eco,P2,False,D4bc_process_aware,False,False,False,0,0,0,73.37758040957277,0.6865527607803291,0.0,
962,eco,P2,False,FULL_D3+D4bc,False,False,False,0,0,0,73.37758040957277,0.6865527607803291,0.0,
963,eco,P3,False,D0_none,False,False,False,0,0,0,98.27795491975557,0.6235167893938096,0.0,
963,eco,P3,False,D3_safety_auth,False,False,False,0,0,0,98.27795491975557,0.6235167893938096,0.0,
963,eco,P3,False,D4b_master_data,False,False,False,0,0,0,98.27795491975557,0.6235167893938096,0.0,
963,eco,P3,False,D4c_spc,False,False,False,0,0,0,98.27795491975557,0.6235167893938096,0.0,
963,eco,P3,False,D4bc_process_aware,False,False,False,0,0,0,98.27795491975557,0.6235167893938096,0.0,
963,eco,P3,False,FULL_D3+D4bc,False,False,False,0,0,0,98.27795491975557,0.6235167893938096,0.0,
964,eco,P3,False,D0_none,False,False,False,0,0,0,98.27795491975557,0.6235167893938096,0.0,
964,eco,P3,False,D3_safety_auth,False,False,False,0,0,0,98.27795491975557,0.6235167893938096,0.0,
964,eco,P3,False,D4b_master_data,False,False,False,0,0,0,98.27795491975557,0.6235167893938096,0.0,
964,eco,P3,False,D4c_spc,False,False,False,0,0,0,98.27795491975557,0.6235167893938096,0.0,
964,eco,P3,False,D4bc_process_aware,False,False,False,0,0,0,98.27795491975557,0.6235167893938096,0.0,
964,eco,P3,False,FULL_D3+D4bc,False,False,False,0,0,0,98.27795491975557,0.6235167893938096,0.0,
965,eco,P1,False,D0_none,False,False,False,0,0,0,95.84955592153871,0.6348444219329453,0.0,
965,eco,P1,False,D3_safety_auth,False,False,False,0,0,0,95.84955592153871,0.6348444219329453,0.0,
965,eco,P1,False,D4b_master_data,False,False,False,0,0,0,95.84955592153871,0.6348444219329453,0.0,
965,eco,P1,False,D4c_spc,False,False,False,0,0,0,95.84955592153871,0.6348444219329453,0.0,
965,eco,P1,False,D4bc_process_aware,False,False,False,0,0,0,95.84955592153871,0.6348444219329453,0.0,
965,eco,P1,False,FULL_D3+D4bc,False,False,False,0,0,0,95.84955592153871,0.6348444219329453,0.0,
966,eco,P3,False,D0_none,False,False,False,1,0,0,98.27795491975557,0.602732896414016,0.0,
966,eco,P3,False,D3_safety_auth,False,False,False,1,0,0,98.27795491975557,0.602732896414016,0.0,
966,eco,P3,False,D4b_master_data,False,False,False,1,0,0,98.27795491975557,0.602732896414016,0.0,
966,eco,P3,False,D4c_spc,False,False,False,1,0,0,98.27795491975557,0.602732896414016,0.0,
966,eco,P3,False,D4bc_process_aware,False,False,False,1,0,0,98.27795491975557,0.602732896414016,0.0,
966,eco,P3,False,FULL_D3+D4bc,False,False,False,1,0,0,98.27795491975557,0.602732896414016,0.0,
967,eco,P1,False,D0_none,False,False,False,0,0,0,95.84955592153871,0.6348444219329453,0.0,
967,eco,P1,False,D3_safety_auth,False,False,False,0,0,0,95.84955592153871,0.6348444219329453,0.0,
967,eco,P1,False,D4b_master_data,False,False,False,0,0,0,95.84955592153871,0.6348444219329453,0.0,
967,eco,P1,False,D4c_spc,False,False,False,0,0,0,95.84955592153871,0.6348444219329453,0.0,
967,eco,P1,False,D4bc_process_aware,False,False,False,0,0,0,95.84955592153871,0.6348444219329453,0.0,
967,eco,P1,False,FULL_D3+D4bc,False,False,False,0,0,0,95.84955592153871,0.6348444219329453,0.0,
968,eco,P1,False,D0_none,False,False,False,0,0,0,95.84955592153871,0.6348444219329453,0.0,
968,eco,P1,False,D3_safety_auth,False,False,False,0,0,0,95.84955592153871,0.6348444219329453,0.0,
968,eco,P1,False,D4b_master_data,False,False,False,0,0,0,95.84955592153871,0.6348444219329453,0.0,
968,eco,P1,False,D4c_spc,False,False,False,0,0,0,95.84955592153871,0.6348444219329453,0.0,
968,eco,P1,False,D4bc_process_aware,False,False,False,0,0,0,95.84955592153871,0.6348444219329453,0.0,
968,eco,P1,False,FULL_D3+D4bc,False,False,False,0,0,0,95.84955592153871,0.6348444219329453,0.0,
969,eco,P2,False,D0_none,False,False,False,0,0,0,73.37758040957277,0.6865527607803291,0.0,
969,eco,P2,False,D3_safety_auth,False,False,False,0,0,0,73.37758040957277,0.6865527607803291,0.0,
969,eco,P2,False,D4b_master_data,False,False,False,0,0,0,73.37758040957277,0.6865527607803291,0.0,
969,eco,P2,False,D4c_spc,False,False,False,0,0,0,73.37758040957277,0.6865527607803291,0.0,
969,eco,P2,False,D4bc_process_aware,False,False,False,0,0,0,73.37758040957277,0.6865527607803291,0.0,
969,eco,P2,False,FULL_D3+D4bc,False,False,False,0,0,0,73.37758040957277,0.6865527607803291,0.0,
970,eco,P2,False,D0_none,False,False,False,0,0,0,73.37758040957277,0.6865527607803291,0.0,
970,eco,P2,False,D3_safety_auth,False,False,False,0,0,0,73.37758040957277,0.6865527607803291,0.0,
970,eco,P2,False,D4b_master_data,False,False,False,0,0,0,73.37758040957277,0.6865527607803291,0.0,
970,eco,P2,False,D4c_spc,False,False,False,0,0,0,73.37758040957277,0.6865527607803291,0.0,
970,eco,P2,False,D4bc_process_aware,False,False,False,0,0,0,73.37758040957277,0.6865527607803291,0.0,
970,eco,P2,False,FULL_D3+D4bc,False,False,False,0,0,0,73.37758040957277,0.6865527607803291,0.0,
971,eco,P2,False,D0_none,False,False,False,0,0,0,73.37758040957277,0.6865527607803291,0.0,
971,eco,P2,False,D3_safety_auth,False,False,False,0,0,0,73.37758040957277,0.6865527607803291,0.0,
971,eco,P2,False,D4b_master_data,False,False,False,0,0,0,73.37758040957277,0.6865527607803291,0.0,
971,eco,P2,False,D4c_spc,False,True,False,0,0,0,90.37758040957277,0.5574123602476616,17.0,
971,eco,P2,False,D4bc_process_aware,False,True,False,0,0,0,90.37758040957277,0.5574123602476616,17.0,
971,eco,P2,False,FULL_D3+D4bc,False,True,False,0,0,0,90.37758040957277,0.5574123602476616,17.0,
972,eco,P1,False,D0_none,False,False,False,0,0,0,95.84955592153871,0.6348444219329453,0.0,
972,eco,P1,False,D3_safety_auth,False,False,False,0,0,0,95.84955592153871,0.6348444219329453,0.0,
972,eco,P1,False,D4b_master_data,False,False,False,0,0,0,95.84955592153871,0.6348444219329453,0.0,
972,eco,P1,False,D4c_spc,False,False,False,0,0,0,95.84955592153871,0.6348444219329453,0.0,
972,eco,P1,False,D4bc_process_aware,False,False,False,0,0,0,95.84955592153871,0.6348444219329453,0.0,
972,eco,P1,False,FULL_D3+D4bc,False,False,False,0,0,0,95.84955592153871,0.6348444219329453,0.0,
973,eco,P1,False,D0_none,False,False,False,0,0,0,95.84955592153871,0.6348444219329453,0.0,
973,eco,P1,False,D3_safety_auth,False,False,False,0,0,0,95.84955592153871,0.6348444219329453,0.0,
973,eco,P1,False,D4b_master_data,False,False,False,0,0,0,95.84955592153871,0.6348444219329453,0.0,
973,eco,P1,False,D4c_spc,False,False,False,0,0,0,95.84955592153871,0.6348444219329453,0.0,
973,eco,P1,False,D4bc_process_aware,False,False,False,0,0,0,95.84955592153871,0.6348444219329453,0.0,
973,eco,P1,False,FULL_D3+D4bc,False,False,False,0,0,0,95.84955592153871,0.6348444219329453,0.0,
974,eco,P1,False,D0_none,False,False,False,0,0,0,95.84955592153871,0.6348444219329453,0.0,
974,eco,P1,False,D3_safety_auth,False,False,False,0,0,0,95.84955592153871,0.6348444219329453,0.0,
974,eco,P1,False,D4b_master_data,False,False,False,0,0,0,95.84955592153871,0.6348444219329453,0.0,
974,eco,P1,False,D4c_spc,False,False,False,0,0,0,95.84955592153871,0.6348444219329453,0.0,
974,eco,P1,False,D4bc_process_aware,False,False,False,0,0,0,95.84955592153871,0.6348444219329453,0.0,
974,eco,P1,False,FULL_D3+D4bc,False,False,False,0,0,0,95.84955592153871,0.6348444219329453,0.0,
975,eco,P3,False,D0_none,False,False,False,0,0,0,98.27795491975557,0.6235167893938096,0.0,
975,eco,P3,False,D3_safety_auth,False,False,False,0,0,0,98.27795491975557,0.6235167893938096,0.0,
975,eco,P3,False,D4b_master_data,False,False,False,0,0,0,98.27795491975557,0.6235167893938096,0.0,
975,eco,P3,False,D4c_spc,False,False,False,0,0,0,98.27795491975557,0.6235167893938096,0.0,
975,eco,P3,False,D4bc_process_aware,False,False,False,0,0,0,98.27795491975557,0.6235167893938096,0.0,
975,eco,P3,False,FULL_D3+D4bc,False,False,False,0,0,0,98.27795491975557,0.6235167893938096,0.0,
976,eco,P2,False,D0_none,False,False,False,0,0,0,73.37758040957277,0.6865527607803291,0.0,
976,eco,P2,False,D3_safety_auth,False,False,False,0,0,0,73.37758040957277,0.6865527607803291,0.0,
976,eco,P2,False,D4b_master_data,False,False,False,0,0,0,73.37758040957277,0.6865527607803291,0.0,
976,eco,P2,False,D4c_spc,False,False,False,0,0,0,73.37758040957277,0.6865527607803291,0.0,
976,eco,P2,False,D4bc_process_aware,False,False,False,0,0,0,73.37758040957277,0.6865527607803291,0.0,
976,eco,P2,False,FULL_D3+D4bc,False,False,False,0,0,0,73.37758040957277,0.6865527607803291,0.0,
977,eco,P3,False,D0_none,False,False,False,0,0,0,98.27795491975557,0.6235167893938096,0.0,
977,eco,P3,False,D3_safety_auth,False,False,False,0,0,0,98.27795491975557,0.6235167893938096,0.0,
977,eco,P3,False,D4b_master_data,False,False,False,0,0,0,98.27795491975557,0.6235167893938096,0.0,
977,eco,P3,False,D4c_spc,False,True,False,0,0,0,113.27795491975562,0.5409521646393063,17.0,
977,eco,P3,False,D4bc_process_aware,False,True,False,0,0,0,113.27795491975562,0.5409521646393063,17.0,
977,eco,P3,False,FULL_D3+D4bc,False,True,False,0,0,0,113.27795491975562,0.5409521646393063,17.0,
978,eco,P3,False,D0_none,False,False,False,0,0,0,98.27795491975557,0.6235167893938096,0.0,
978,eco,P3,False,D3_safety_auth,False,False,False,0,0,0,98.27795491975557,0.6235167893938096,0.0,
978,eco,P3,False,D4b_master_data,False,False,False,0,0,0,98.27795491975557,0.6235167893938096,0.0,
978,eco,P3,False,D4c_spc,False,False,False,0,0,0,98.27795491975557,0.6235167893938096,0.0,
978,eco,P3,False,D4bc_process_aware,False,False,False,0,0,0,98.27795491975557,0.6235167893938096,0.0,
978,eco,P3,False,FULL_D3+D4bc,False,False,False,0,0,0,98.27795491975557,0.6235167893938096,0.0,
979,eco,P1,False,D0_none,False,False,False,0,0,0,95.84955592153871,0.6348444219329453,0.0,
979,eco,P1,False,D3_safety_auth,False,False,False,0,0,0,95.84955592153871,0.6348444219329453,0.0,
979,eco,P1,False,D4b_master_data,False,False,False,0,0,0,95.84955592153871,0.6348444219329453,0.0,
979,eco,P1,False,D4c_spc,False,False,False,0,0,0,95.84955592153871,0.6348444219329453,0.0,
979,eco,P1,False,D4bc_process_aware,False,False,False,0,0,0,95.84955592153871,0.6348444219329453,0.0,
979,eco,P1,False,FULL_D3+D4bc,False,False,False,0,0,0,95.84955592153871,0.6348444219329453,0.0,
980,eco,P3,False,D0_none,False,False,False,0,0,0,98.27795491975557,0.6235167893938096,0.0,
980,eco,P3,False,D3_safety_auth,False,False,False,0,0,0,98.27795491975557,0.6235167893938096,0.0,
980,eco,P3,False,D4b_master_data,False,False,False,0,0,0,98.27795491975557,0.6235167893938096,0.0,
980,eco,P3,False,D4c_spc,False,False,False,0,0,0,98.27795491975557,0.6235167893938096,0.0,
980,eco,P3,False,D4bc_process_aware,False,False,False,0,0,0,98.27795491975557,0.6235167893938096,0.0,
980,eco,P3,False,FULL_D3+D4bc,False,False,False,0,0,0,98.27795491975557,0.6235167893938096,0.0,
981,eco,P1,False,D0_none,False,False,False,0,0,0,95.84955592153871,0.6348444219329453,0.0,
981,eco,P1,False,D3_safety_auth,False,False,False,0,0,0,95.84955592153871,0.6348444219329453,0.0,
981,eco,P1,False,D4b_master_data,False,False,False,0,0,0,95.84955592153871,0.6348444219329453,0.0,
981,eco,P1,False,D4c_spc,False,False,False,0,0,0,95.84955592153871,0.6348444219329453,0.0,
981,eco,P1,False,D4bc_process_aware,False,False,False,0,0,0,95.84955592153871,0.6348444219329453,0.0,
981,eco,P1,False,FULL_D3+D4bc,False,False,False,0,0,0,95.84955592153871,0.6348444219329453,0.0,
982,eco,P2,False,D0_none,False,False,False,0,0,0,73.37758040957277,0.6865527607803291,0.0,
982,eco,P2,False,D3_safety_auth,False,False,False,0,0,0,73.37758040957277,0.6865527607803291,0.0,
982,eco,P2,False,D4b_master_data,False,False,False,0,0,0,73.37758040957277,0.6865527607803291,0.0,
982,eco,P2,False,D4c_spc,False,False,False,0,0,0,73.37758040957277,0.6865527607803291,0.0,
982,eco,P2,False,D4bc_process_aware,False,False,False,0,0,0,73.37758040957277,0.6865527607803291,0.0,
982,eco,P2,False,FULL_D3+D4bc,False,False,False,0,0,0,73.37758040957277,0.6865527607803291,0.0,
983,eco,P2,False,D0_none,False,False,False,0,0,0,73.37758040957277,0.6865527607803291,0.0,
983,eco,P2,False,D3_safety_auth,False,False,False,0,0,0,73.37758040957277,0.6865527607803291,0.0,
983,eco,P2,False,D4b_master_data,False,False,False,0,0,0,73.37758040957277,0.6865527607803291,0.0,
983,eco,P2,False,D4c_spc,False,False,False,0,0,0,73.37758040957277,0.6865527607803291,0.0,
983,eco,P2,False,D4bc_process_aware,False,False,False,0,0,0,73.37758040957277,0.6865527607803291,0.0,
983,eco,P2,False,FULL_D3+D4bc,False,False,False,0,0,0,73.37758040957277,0.6865527607803291,0.0,
984,eco,P3,False,D0_none,False,False,False,0,0,0,98.27795491975557,0.6235167893938096,0.0,
984,eco,P3,False,D3_safety_auth,False,False,False,0,0,0,98.27795491975557,0.6235167893938096,0.0,
984,eco,P3,False,D4b_master_data,False,False,False,0,0,0,98.27795491975557,0.6235167893938096,0.0,
984,eco,P3,False,D4c_spc,False,False,False,0,0,0,98.27795491975557,0.6235167893938096,0.0,
984,eco,P3,False,D4bc_process_aware,False,False,False,0,0,0,98.27795491975557,0.6235167893938096,0.0,
984,eco,P3,False,FULL_D3+D4bc,False,False,False,0,0,0,98.27795491975557,0.6235167893938096,0.0,
985,eco,P2,False,D0_none,False,False,False,0,0,0,73.37758040957277,0.6865527607803291,0.0,
985,eco,P2,False,D3_safety_auth,False,False,False,0,0,0,73.37758040957277,0.6865527607803291,0.0,
985,eco,P2,False,D4b_master_data,False,False,False,0,0,0,73.37758040957277,0.6865527607803291,0.0,
985,eco,P2,False,D4c_spc,False,False,False,0,0,0,73.37758040957277,0.6865527607803291,0.0,
985,eco,P2,False,D4bc_process_aware,False,False,False,0,0,0,73.37758040957277,0.6865527607803291,0.0,
985,eco,P2,False,FULL_D3+D4bc,False,False,False,0,0,0,73.37758040957277,0.6865527607803291,0.0,
986,eco,P3,False,D0_none,False,False,False,0,0,0,98.27795491975557,0.6235167893938096,0.0,
986,eco,P3,False,D3_safety_auth,False,False,False,0,0,0,98.27795491975557,0.6235167893938096,0.0,
986,eco,P3,False,D4b_master_data,False,False,False,0,0,0,98.27795491975557,0.6235167893938096,0.0,
986,eco,P3,False,D4c_spc,False,False,False,0,0,0,98.27795491975557,0.6235167893938096,0.0,
986,eco,P3,False,D4bc_process_aware,False,False,False,0,0,0,98.27795491975557,0.6235167893938096,0.0,
986,eco,P3,False,FULL_D3+D4bc,False,False,False,0,0,0,98.27795491975557,0.6235167893938096,0.0,
987,eco,P1,False,D0_none,False,False,False,0,0,0,95.84955592153871,0.6348444219329453,0.0,
987,eco,P1,False,D3_safety_auth,False,False,False,0,0,0,95.84955592153871,0.6348444219329453,0.0,
987,eco,P1,False,D4b_master_data,False,False,False,0,0,0,95.84955592153871,0.6348444219329453,0.0,
987,eco,P1,False,D4c_spc,False,False,False,0,0,0,95.84955592153871,0.6348444219329453,0.0,
987,eco,P1,False,D4bc_process_aware,False,False,False,0,0,0,95.84955592153871,0.6348444219329453,0.0,
987,eco,P1,False,FULL_D3+D4bc,False,False,False,0,0,0,95.84955592153871,0.6348444219329453,0.0,
988,eco,P1,False,D0_none,False,False,False,0,0,0,95.84955592153871,0.6348444219329453,0.0,
988,eco,P1,False,D3_safety_auth,False,False,False,0,0,0,95.84955592153871,0.6348444219329453,0.0,
988,eco,P1,False,D4b_master_data,False,False,False,0,0,0,95.84955592153871,0.6348444219329453,0.0,
988,eco,P1,False,D4c_spc,False,False,False,0,0,0,95.84955592153871,0.6348444219329453,0.0,
988,eco,P1,False,D4bc_process_aware,False,False,False,0,0,0,95.84955592153871,0.6348444219329453,0.0,
988,eco,P1,False,FULL_D3+D4bc,False,False,False,0,0,0,95.84955592153871,0.6348444219329453,0.0,
989,eco,P2,True,D0_none,False,False,False,0,0,0,73.37758040957277,0.6865527607803291,0.0,
989,eco,P2,True,D3_safety_auth,False,False,False,0,0,0,73.37758040957277,0.6865527607803291,0.0,
989,eco,P2,True,D4b_master_data,True,False,False,0,0,0,88.37758040957277,0.5700266988087405,15.0,program version not per master data
989,eco,P2,True,D4c_spc,False,False,False,0,0,0,73.37758040957277,0.6865527607803291,0.0,
989,eco,P2,True,D4bc_process_aware,True,False,False,0,0,0,88.37758040957277,0.5700266988087405,15.0,program version not per master data
989,eco,P2,True,FULL_D3+D4bc,True,False,False,0,0,0,88.37758040957277,0.5700266988087405,15.0,program version not per master data
990,eco,P3,False,D0_none,False,False,False,0,0,0,98.27795491975557,0.6235167893938096,0.0,
990,eco,P3,False,D3_safety_auth,False,False,False,0,0,0,98.27795491975557,0.6235167893938096,0.0,
990,eco,P3,False,D4b_master_data,False,False,False,0,0,0,98.27795491975557,0.6235167893938096,0.0,
990,eco,P3,False,D4c_spc,False,False,False,0,0,0,98.27795491975557,0.6235167893938096,0.0,
990,eco,P3,False,D4bc_process_aware,False,False,False,0,0,0,98.27795491975557,0.6235167893938096,0.0,
990,eco,P3,False,FULL_D3+D4bc,False,False,False,0,0,0,98.27795491975557,0.6235167893938096,0.0,
991,eco,P2,False,D0_none,False,False,False,0,0,0,73.37758040957277,0.6865527607803291,0.0,
991,eco,P2,False,D3_safety_auth,False,False,False,0,0,0,73.37758040957277,0.6865527607803291,0.0,
991,eco,P2,False,D4b_master_data,False,False,False,0,0,0,73.37758040957277,0.6865527607803291,0.0,
991,eco,P2,False,D4c_spc,False,False,False,0,0,0,73.37758040957277,0.6865527607803291,0.0,
991,eco,P2,False,D4bc_process_aware,False,False,False,0,0,0,73.37758040957277,0.6865527607803291,0.0,
991,eco,P2,False,FULL_D3+D4bc,False,False,False,0,0,0,73.37758040957277,0.6865527607803291,0.0,
992,eco,P2,False,D0_none,False,False,False,0,0,0,73.37758040957277,0.6865527607803291,0.0,
992,eco,P2,False,D3_safety_auth,False,False,False,0,0,0,73.37758040957277,0.6865527607803291,0.0,
992,eco,P2,False,D4b_master_data,False,False,False,0,0,0,73.37758040957277,0.6865527607803291,0.0,
992,eco,P2,False,D4c_spc,False,False,False,0,0,0,73.37758040957277,0.6865527607803291,0.0,
992,eco,P2,False,D4bc_process_aware,False,False,False,0,0,0,73.37758040957277,0.6865527607803291,0.0,
992,eco,P2,False,FULL_D3+D4bc,False,False,False,0,0,0,73.37758040957277,0.6865527607803291,0.0,
993,eco,P3,False,D0_none,False,False,False,0,0,0,98.27795491975557,0.6235167893938096,0.0,
993,eco,P3,False,D3_safety_auth,False,False,False,0,0,0,98.27795491975557,0.6235167893938096,0.0,
993,eco,P3,False,D4b_master_data,False,False,False,0,0,0,98.27795491975557,0.6235167893938096,0.0,
993,eco,P3,False,D4c_spc,False,False,False,0,0,0,98.27795491975557,0.6235167893938096,0.0,
993,eco,P3,False,D4bc_process_aware,False,False,False,0,0,0,98.27795491975557,0.6235167893938096,0.0,
993,eco,P3,False,FULL_D3+D4bc,False,False,False,0,0,0,98.27795491975557,0.6235167893938096,0.0,
994,eco,P1,False,D0_none,False,False,False,0,0,0,95.84955592153871,0.6348444219329453,0.0,
994,eco,P1,False,D3_safety_auth,False,False,False,0,0,0,95.84955592153871,0.6348444219329453,0.0,
994,eco,P1,False,D4b_master_data,False,False,False,0,0,0,95.84955592153871,0.6348444219329453,0.0,
994,eco,P1,False,D4c_spc,False,False,False,0,0,0,95.84955592153871,0.6348444219329453,0.0,
994,eco,P1,False,D4bc_process_aware,False,False,False,0,0,0,95.84955592153871,0.6348444219329453,0.0,
994,eco,P1,False,FULL_D3+D4bc,False,False,False,0,0,0,95.84955592153871,0.6348444219329453,0.0,
995,eco,P1,False,D0_none,False,False,False,0,0,0,95.84955592153871,0.6348444219329453,0.0,
995,eco,P1,False,D3_safety_auth,False,False,False,0,0,0,95.84955592153871,0.6348444219329453,0.0,
995,eco,P1,False,D4b_master_data,False,False,False,0,0,0,95.84955592153871,0.6348444219329453,0.0,
995,eco,P1,False,D4c_spc,False,False,False,0,0,0,95.84955592153871,0.6348444219329453,0.0,
995,eco,P1,False,D4bc_process_aware,False,False,False,0,0,0,95.84955592153871,0.6348444219329453,0.0,
995,eco,P1,False,FULL_D3+D4bc,False,False,False,0,0,0,95.84955592153871,0.6348444219329453,0.0,
996,eco,P3,False,D0_none,False,False,False,0,0,0,98.27795491975557,0.6235167893938096,0.0,
996,eco,P3,False,D3_safety_auth,False,False,False,0,0,0,98.27795491975557,0.6235167893938096,0.0,
996,eco,P3,False,D4b_master_data,False,False,False,0,0,0,98.27795491975557,0.6235167893938096,0.0,
996,eco,P3,False,D4c_spc,False,False,False,0,0,0,98.27795491975557,0.6235167893938096,0.0,
996,eco,P3,False,D4bc_process_aware,False,False,False,0,0,0,98.27795491975557,0.6235167893938096,0.0,
996,eco,P3,False,FULL_D3+D4bc,False,False,False,0,0,0,98.27795491975557,0.6235167893938096,0.0,
997,eco,P3,False,D0_none,False,False,False,0,0,0,98.27795491975557,0.6235167893938096,0.0,
997,eco,P3,False,D3_safety_auth,False,False,False,0,0,0,98.27795491975557,0.6235167893938096,0.0,
997,eco,P3,False,D4b_master_data,False,False,False,0,0,0,98.27795491975557,0.6235167893938096,0.0,
997,eco,P3,False,D4c_spc,False,False,False,0,0,0,98.27795491975557,0.6235167893938096,0.0,
997,eco,P3,False,D4bc_process_aware,False,False,False,0,0,0,98.27795491975557,0.6235167893938096,0.0,
997,eco,P3,False,FULL_D3+D4bc,False,False,False,0,0,0,98.27795491975557,0.6235167893938096,0.0,
998,eco,P1,False,D0_none,False,False,False,0,0,0,95.84955592153871,0.6348444219329453,0.0,
998,eco,P1,False,D3_safety_auth,False,False,False,0,0,0,95.84955592153871,0.6348444219329453,0.0,
998,eco,P1,False,D4b_master_data,False,False,False,0,0,0,95.84955592153871,0.6348444219329453,0.0,
998,eco,P1,False,D4c_spc,False,False,False,0,0,0,95.84955592153871,0.6348444219329453,0.0,
998,eco,P1,False,D4bc_process_aware,False,False,False,0,0,0,95.84955592153871,0.6348444219329453,0.0,
998,eco,P1,False,FULL_D3+D4bc,False,False,False,0,0,0,95.84955592153871,0.6348444219329453,0.0,
999,eco,P1,False,D0_none,False,False,False,0,0,0,95.84955592153871,0.6348444219329453,0.0,
999,eco,P1,False,D3_safety_auth,False,False,False,0,0,0,95.84955592153871,0.6348444219329453,0.0,
999,eco,P1,False,D4b_master_data,False,False,False,0,0,0,95.84955592153871,0.6348444219329453,0.0,
999,eco,P1,False,D4c_spc,False,False,False,0,0,0,95.84955592153871,0.6348444219329453,0.0,
999,eco,P1,False,D4bc_process_aware,False,False,False,0,0,0,95.84955592153871,0.6348444219329453,0.0,
999,eco,P1,False,FULL_D3+D4bc,False,False,False,0,0,0,95.84955592153871,0.6348444219329453,0.0,
1000,eco,P1,False,D0_none,False,False,False,0,0,0,95.84955592153871,0.6348444219329453,0.0,
1000,eco,P1,False,D3_safety_auth,False,False,False,0,0,0,95.84955592153871,0.6348444219329453,0.0,
1000,eco,P1,False,D4b_master_data,False,False,False,0,0,0,95.84955592153871,0.6348444219329453,0.0,
1000,eco,P1,False,D4c_spc,False,False,False,0,0,0,95.84955592153871,0.6348444219329453,0.0,
1000,eco,P1,False,D4bc_process_aware,False,False,False,0,0,0,95.84955592153871,0.6348444219329453,0.0,
1000,eco,P1,False,FULL_D3+D4bc,False,False,False,0,0,0,95.84955592153871,0.6348444219329453,0.0,
1001,eco,P3,False,D0_none,False,False,False,0,0,0,98.27795491975557,0.6235167893938096,0.0,
1001,eco,P3,False,D3_safety_auth,False,False,False,0,0,0,98.27795491975557,0.6235167893938096,0.0,
1001,eco,P3,False,D4b_master_data,False,False,False,0,0,0,98.27795491975557,0.6235167893938096,0.0,
1001,eco,P3,False,D4c_spc,False,False,False,0,0,0,98.27795491975557,0.6235167893938096,0.0,
1001,eco,P3,False,D4bc_process_aware,False,False,False,0,0,0,98.27795491975557,0.6235167893938096,0.0,
1001,eco,P3,False,FULL_D3+D4bc,False,False,False,0,0,0,98.27795491975557,0.6235167893938096,0.0,
1002,eco,P2,False,D0_none,False,False,False,0,0,0,73.37758040957277,0.6865527607803291,0.0,
1002,eco,P2,False,D3_safety_auth,False,False,False,0,0,0,73.37758040957277,0.6865527607803291,0.0,
1002,eco,P2,False,D4b_master_data,False,False,False,0,0,0,73.37758040957277,0.6865527607803291,0.0,
1002,eco,P2,False,D4c_spc,False,False,False,0,0,0,73.37758040957277,0.6865527607803291,0.0,
1002,eco,P2,False,D4bc_process_aware,False,False,False,0,0,0,73.37758040957277,0.6865527607803291,0.0,
1002,eco,P2,False,FULL_D3+D4bc,False,False,False,0,0,0,73.37758040957277,0.6865527607803291,0.0,
1003,eco,P3,False,D0_none,False,False,False,0,0,0,98.27795491975557,0.6235167893938096,0.0,
1003,eco,P3,False,D3_safety_auth,False,False,False,0,0,0,98.27795491975557,0.6235167893938096,0.0,
1003,eco,P3,False,D4b_master_data,False,False,False,0,0,0,98.27795491975557,0.6235167893938096,0.0,
1003,eco,P3,False,D4c_spc,False,False,False,0,0,0,98.27795491975557,0.6235167893938096,0.0,
1003,eco,P3,False,D4bc_process_aware,False,False,False,0,0,0,98.27795491975557,0.6235167893938096,0.0,
1003,eco,P3,False,FULL_D3+D4bc,False,False,False,0,0,0,98.27795491975557,0.6235167893938096,0.0,
1004,eco,P1,False,D0_none,False,False,False,0,0,0,95.84955592153871,0.6348444219329453,0.0,
1004,eco,P1,False,D3_safety_auth,False,False,False,0,0,0,95.84955592153871,0.6348444219329453,0.0,
1004,eco,P1,False,D4b_master_data,False,False,False,0,0,0,95.84955592153871,0.6348444219329453,0.0,
1004,eco,P1,False,D4c_spc,False,False,False,0,0,0,95.84955592153871,0.6348444219329453,0.0,
1004,eco,P1,False,D4bc_process_aware,False,False,False,0,0,0,95.84955592153871,0.6348444219329453,0.0,
1004,eco,P1,False,FULL_D3+D4bc,False,False,False,0,0,0,95.84955592153871,0.6348444219329453,0.0,
1005,eco,P1,False,D0_none,False,False,False,0,0,0,95.84955592153871,0.6348444219329453,0.0,
1005,eco,P1,False,D3_safety_auth,False,False,False,0,0,0,95.84955592153871,0.6348444219329453,0.0,
1005,eco,P1,False,D4b_master_data,False,False,False,0,0,0,95.84955592153871,0.6348444219329453,0.0,
1005,eco,P1,False,D4c_spc,False,False,False,0,0,0,95.84955592153871,0.6348444219329453,0.0,
1005,eco,P1,False,D4bc_process_aware,False,False,False,0,0,0,95.84955592153871,0.6348444219329453,0.0,
1005,eco,P1,False,FULL_D3+D4bc,False,False,False,0,0,0,95.84955592153871,0.6348444219329453,0.0,
1006,eco,P3,False,D0_none,False,False,False,0,0,0,98.27795491975557,0.6235167893938096,0.0,
1006,eco,P3,False,D3_safety_auth,False,False,False,0,0,0,98.27795491975557,0.6235167893938096,0.0,
1006,eco,P3,False,D4b_master_data,False,False,False,0,0,0,98.27795491975557,0.6235167893938096,0.0,
1006,eco,P3,False,D4c_spc,False,False,False,0,0,0,98.27795491975557,0.6235167893938096,0.0,
1006,eco,P3,False,D4bc_process_aware,False,False,False,0,0,0,98.27795491975557,0.6235167893938096,0.0,
1006,eco,P3,False,FULL_D3+D4bc,False,False,False,0,0,0,98.27795491975557,0.6235167893938096,0.0,
1007,eco,P2,False,D0_none,False,False,False,0,0,0,73.37758040957277,0.6865527607803291,0.0,
1007,eco,P2,False,D3_safety_auth,False,False,False,0,0,0,73.37758040957277,0.6865527607803291,0.0,
1007,eco,P2,False,D4b_master_data,False,False,False,0,0,0,73.37758040957277,0.6865527607803291,0.0,
1007,eco,P2,False,D4c_spc,False,False,False,0,0,0,73.37758040957277,0.6865527607803291,0.0,
1007,eco,P2,False,D4bc_process_aware,False,False,False,0,0,0,73.37758040957277,0.6865527607803291,0.0,
1007,eco,P2,False,FULL_D3+D4bc,False,False,False,0,0,0,73.37758040957277,0.6865527607803291,0.0,
1008,eco,P3,False,D0_none,False,False,False,0,0,0,98.27795491975557,0.6235167893938096,0.0,
1008,eco,P3,False,D3_safety_auth,False,False,False,0,0,0,98.27795491975557,0.6235167893938096,0.0,
1008,eco,P3,False,D4b_master_data,False,False,False,0,0,0,98.27795491975557,0.6235167893938096,0.0,
1008,eco,P3,False,D4c_spc,False,False,False,0,0,0,98.27795491975557,0.6235167893938096,0.0,
1008,eco,P3,False,D4bc_process_aware,False,False,False,0,0,0,98.27795491975557,0.6235167893938096,0.0,
1008,eco,P3,False,FULL_D3+D4bc,False,False,False,0,0,0,98.27795491975557,0.6235167893938096,0.0,
1009,eco,P1,False,D0_none,False,False,False,0,0,0,95.84955592153871,0.6348444219329453,0.0,
1009,eco,P1,False,D3_safety_auth,False,False,False,0,0,0,95.84955592153871,0.6348444219329453,0.0,
1009,eco,P1,False,D4b_master_data,False,False,False,0,0,0,95.84955592153871,0.6348444219329453,0.0,
1009,eco,P1,False,D4c_spc,False,False,False,0,0,0,95.84955592153871,0.6348444219329453,0.0,
1009,eco,P1,False,D4bc_process_aware,False,False,False,0,0,0,95.84955592153871,0.6348444219329453,0.0,
1009,eco,P1,False,FULL_D3+D4bc,False,False,False,0,0,0,95.84955592153871,0.6348444219329453,0.0,
1010,eco,P3,False,D0_none,False,False,False,0,0,0,98.27795491975557,0.6235167893938096,0.0,
1010,eco,P3,False,D3_safety_auth,False,False,False,0,0,0,98.27795491975557,0.6235167893938096,0.0,
1010,eco,P3,False,D4b_master_data,False,False,False,0,0,0,98.27795491975557,0.6235167893938096,0.0,
1010,eco,P3,False,D4c_spc,False,False,False,0,0,0,98.27795491975557,0.6235167893938096,0.0,
1010,eco,P3,False,D4bc_process_aware,False,False,False,0,0,0,98.27795491975557,0.6235167893938096,0.0,
1010,eco,P3,False,FULL_D3+D4bc,False,False,False,0,0,0,98.27795491975557,0.6235167893938096,0.0,
1011,eco,P1,False,D0_none,False,False,False,0,0,0,95.84955592153871,0.6348444219329453,0.0,
1011,eco,P1,False,D3_safety_auth,False,False,False,0,0,0,95.84955592153871,0.6348444219329453,0.0,
1011,eco,P1,False,D4b_master_data,False,False,False,0,0,0,95.84955592153871,0.6348444219329453,0.0,
1011,eco,P1,False,D4c_spc,False,False,False,0,0,0,95.84955592153871,0.6348444219329453,0.0,
1011,eco,P1,False,D4bc_process_aware,False,False,False,0,0,0,95.84955592153871,0.6348444219329453,0.0,
1011,eco,P1,False,FULL_D3+D4bc,False,False,False,0,0,0,95.84955592153871,0.6348444219329453,0.0,
1012,eco,P1,False,D0_none,False,False,False,0,0,0,95.84955592153871,0.6348444219329453,0.0,
1012,eco,P1,False,D3_safety_auth,False,False,False,0,0,0,95.84955592153871,0.6348444219329453,0.0,
1012,eco,P1,False,D4b_master_data,False,False,False,0,0,0,95.84955592153871,0.6348444219329453,0.0,
1012,eco,P1,False,D4c_spc,False,False,False,0,0,0,95.84955592153871,0.6348444219329453,0.0,
1012,eco,P1,False,D4bc_process_aware,False,False,False,0,0,0,95.84955592153871,0.6348444219329453,0.0,
1012,eco,P1,False,FULL_D3+D4bc,False,False,False,0,0,0,95.84955592153871,0.6348444219329453,0.0,
1013,eco,P1,False,D0_none,False,False,False,0,0,0,95.84955592153871,0.6348444219329453,0.0,
1013,eco,P1,False,D3_safety_auth,False,False,False,0,0,0,95.84955592153871,0.6348444219329453,0.0,
1013,eco,P1,False,D4b_master_data,False,False,False,0,0,0,95.84955592153871,0.6348444219329453,0.0,
1013,eco,P1,False,D4c_spc,False,False,False,0,0,0,95.84955592153871,0.6348444219329453,0.0,
1013,eco,P1,False,D4bc_process_aware,False,False,False,0,0,0,95.84955592153871,0.6348444219329453,0.0,
1013,eco,P1,False,FULL_D3+D4bc,False,False,False,0,0,0,95.84955592153871,0.6348444219329453,0.0,
1014,eco,P3,False,D0_none,False,False,False,0,0,0,98.27795491975557,0.6235167893938096,0.0,
1014,eco,P3,False,D3_safety_auth,False,False,False,0,0,0,98.27795491975557,0.6235167893938096,0.0,
1014,eco,P3,False,D4b_master_data,False,False,False,0,0,0,98.27795491975557,0.6235167893938096,0.0,
1014,eco,P3,False,D4c_spc,False,False,False,0,0,0,98.27795491975557,0.6235167893938096,0.0,
1014,eco,P3,False,D4bc_process_aware,False,False,False,0,0,0,98.27795491975557,0.6235167893938096,0.0,
1014,eco,P3,False,FULL_D3+D4bc,False,False,False,0,0,0,98.27795491975557,0.6235167893938096,0.0,
1015,eco,P2,False,D0_none,False,False,False,0,0,0,73.37758040957277,0.6865527607803291,0.0,
1015,eco,P2,False,D3_safety_auth,False,False,False,0,0,0,73.37758040957277,0.6865527607803291,0.0,
1015,eco,P2,False,D4b_master_data,False,False,False,0,0,0,73.37758040957277,0.6865527607803291,0.0,
1015,eco,P2,False,D4c_spc,False,False,False,0,0,0,73.37758040957277,0.6865527607803291,0.0,
1015,eco,P2,False,D4bc_process_aware,False,False,False,0,0,0,73.37758040957277,0.6865527607803291,0.0,
1015,eco,P2,False,FULL_D3+D4bc,False,False,False,0,0,0,73.37758040957277,0.6865527607803291,0.0,
1016,eco,P2,False,D0_none,False,False,False,0,0,0,73.37758040957277,0.6865527607803291,0.0,
1016,eco,P2,False,D3_safety_auth,False,False,False,0,0,0,73.37758040957277,0.6865527607803291,0.0,
1016,eco,P2,False,D4b_master_data,False,False,False,0,0,0,73.37758040957277,0.6865527607803291,0.0,
1016,eco,P2,False,D4c_spc,False,False,False,0,0,0,73.37758040957277,0.6865527607803291,0.0,
1016,eco,P2,False,D4bc_process_aware,False,False,False,0,0,0,73.37758040957277,0.6865527607803291,0.0,
1016,eco,P2,False,FULL_D3+D4bc,False,False,False,0,0,0,73.37758040957277,0.6865527607803291,0.0,
1017,eco,P3,False,D0_none,False,False,False,0,0,0,98.27795491975557,0.6235167893938096,0.0,
1017,eco,P3,False,D3_safety_auth,False,False,False,0,0,0,98.27795491975557,0.6235167893938096,0.0,
1017,eco,P3,False,D4b_master_data,False,False,False,0,0,0,98.27795491975557,0.6235167893938096,0.0,
1017,eco,P3,False,D4c_spc,False,False,False,0,0,0,98.27795491975557,0.6235167893938096,0.0,
1017,eco,P3,False,D4bc_process_aware,False,False,False,0,0,0,98.27795491975557,0.6235167893938096,0.0,
1017,eco,P3,False,FULL_D3+D4bc,False,False,False,0,0,0,98.27795491975557,0.6235167893938096,0.0,
1018,eco,P2,True,D0_none,False,False,False,0,0,0,73.37758040957277,0.6865527607803291,0.0,
1018,eco,P2,True,D3_safety_auth,False,False,False,0,0,0,73.37758040957277,0.6865527607803291,0.0,
1018,eco,P2,True,D4b_master_data,True,False,False,0,0,0,88.37758040957277,0.5700266988087405,15.0,program version not per master data
1018,eco,P2,True,D4c_spc,False,False,False,0,0,0,73.37758040957277,0.6865527607803291,0.0,
1018,eco,P2,True,D4bc_process_aware,True,False,False,0,0,0,88.37758040957277,0.5700266988087405,15.0,program version not per master data
1018,eco,P2,True,FULL_D3+D4bc,True,False,False,0,0,0,88.37758040957277,0.5700266988087405,15.0,program version not per master data
1019,eco,P1,False,D0_none,False,False,False,0,0,0,95.84955592153871,0.6348444219329453,0.0,
1019,eco,P1,False,D3_safety_auth,False,False,False,0,0,0,95.84955592153871,0.6348444219329453,0.0,
1019,eco,P1,False,D4b_master_data,False,False,False,0,0,0,95.84955592153871,0.6348444219329453,0.0,
1019,eco,P1,False,D4c_spc,False,False,False,0,0,0,95.84955592153871,0.6348444219329453,0.0,
1019,eco,P1,False,D4bc_process_aware,False,False,False,0,0,0,95.84955592153871,0.6348444219329453,0.0,
1019,eco,P1,False,FULL_D3+D4bc,False,False,False,0,0,0,95.84955592153871,0.6348444219329453,0.0,
1020,eco,P1,False,D0_none,False,False,False,0,0,0,95.84955592153871,0.6348444219329453,0.0,
1020,eco,P1,False,D3_safety_auth,False,False,False,0,0,0,95.84955592153871,0.6348444219329453,0.0,
1020,eco,P1,False,D4b_master_data,False,False,False,0,0,0,95.84955592153871,0.6348444219329453,0.0,
1020,eco,P1,False,D4c_spc,False,False,False,0,0,0,95.84955592153871,0.6348444219329453,0.0,
1020,eco,P1,False,D4bc_process_aware,False,False,False,0,0,0,95.84955592153871,0.6348444219329453,0.0,
1020,eco,P1,False,FULL_D3+D4bc,False,False,False,0,0,0,95.84955592153871,0.6348444219329453,0.0,
1021,eco,P3,False,D0_none,False,False,False,0,0,0,98.27795491975557,0.6235167893938096,0.0,
1021,eco,P3,False,D3_safety_auth,False,False,False,0,0,0,98.27795491975557,0.6235167893938096,0.0,
1021,eco,P3,False,D4b_master_data,False,False,False,0,0,0,98.27795491975557,0.6235167893938096,0.0,
1021,eco,P3,False,D4c_spc,False,False,False,0,0,0,98.27795491975557,0.6235167893938096,0.0,
1021,eco,P3,False,D4bc_process_aware,False,False,False,0,0,0,98.27795491975557,0.6235167893938096,0.0,
1021,eco,P3,False,FULL_D3+D4bc,False,False,False,0,0,0,98.27795491975557,0.6235167893938096,0.0,
1022,eco,P3,False,D0_none,False,False,False,0,1,0,98.27795491975557,0.602732896414016,0.0,
1022,eco,P3,False,D3_safety_auth,False,False,False,0,1,0,98.27795491975557,0.602732896414016,0.0,
1022,eco,P3,False,D4b_master_data,False,False,False,0,1,0,98.27795491975557,0.602732896414016,0.0,
1022,eco,P3,False,D4c_spc,False,True,True,0,1,0,113.27795491975557,0.5229204258179962,17.0,
1022,eco,P3,False,D4bc_process_aware,False,True,True,0,1,0,113.27795491975557,0.5229204258179962,17.0,
1022,eco,P3,False,FULL_D3+D4bc,False,True,True,0,1,0,113.27795491975557,0.5229204258179962,17.0,
1023,eco,P2,False,D0_none,False,False,False,0,0,0,73.37758040957277,0.6865527607803291,0.0,
1023,eco,P2,False,D3_safety_auth,False,False,False,0,0,0,73.37758040957277,0.6865527607803291,0.0,
1023,eco,P2,False,D4b_master_data,False,False,False,0,0,0,73.37758040957277,0.6865527607803291,0.0,
1023,eco,P2,False,D4c_spc,False,False,False,0,0,0,73.37758040957277,0.6865527607803291,0.0,
1023,eco,P2,False,D4bc_process_aware,False,False,False,0,0,0,73.37758040957277,0.6865527607803291,0.0,
1023,eco,P2,False,FULL_D3+D4bc,False,False,False,0,0,0,73.37758040957277,0.6865527607803291,0.0,
1024,eco,P1,False,D0_none,False,False,False,0,0,0,95.84955592153871,0.6348444219329453,0.0,
1024,eco,P1,False,D3_safety_auth,False,False,False,0,0,0,95.84955592153871,0.6348444219329453,0.0,
1024,eco,P1,False,D4b_master_data,False,False,False,0,0,0,95.84955592153871,0.6348444219329453,0.0,
1024,eco,P1,False,D4c_spc,False,False,False,0,0,0,95.84955592153871,0.6348444219329453,0.0,
1024,eco,P1,False,D4bc_process_aware,False,False,False,0,0,0,95.84955592153871,0.6348444219329453,0.0,
1024,eco,P1,False,FULL_D3+D4bc,False,False,False,0,0,0,95.84955592153871,0.6348444219329453,0.0,
1025,eco,P2,False,D0_none,False,False,False,0,1,0,73.37758040957277,0.6636676687543182,0.0,
1025,eco,P2,False,D3_safety_auth,False,False,False,0,1,0,73.37758040957277,0.6636676687543182,0.0,
1025,eco,P2,False,D4b_master_data,False,False,False,0,1,0,73.37758040957277,0.6636676687543182,0.0,
1025,eco,P2,False,D4c_spc,False,True,True,0,1,0,90.37758040957277,0.5388319482394062,17.0,
1025,eco,P2,False,D4bc_process_aware,False,True,True,0,1,0,90.37758040957277,0.5388319482394062,17.0,
1025,eco,P2,False,FULL_D3+D4bc,False,True,True,0,1,0,90.37758040957277,0.5388319482394062,17.0,
1026,eco,P3,False,D0_none,False,False,False,0,0,0,98.27795491975557,0.6235167893938096,0.0,
1026,eco,P3,False,D3_safety_auth,False,False,False,0,0,0,98.27795491975557,0.6235167893938096,0.0,
1026,eco,P3,False,D4b_master_data,False,False,False,0,0,0,98.27795491975557,0.6235167893938096,0.0,
1026,eco,P3,False,D4c_spc,False,False,False,0,0,0,98.27795491975557,0.6235167893938096,0.0,
1026,eco,P3,False,D4bc_process_aware,False,False,False,0,0,0,98.27795491975557,0.6235167893938096,0.0,
1026,eco,P3,False,FULL_D3+D4bc,False,False,False,0,0,0,98.27795491975557,0.6235167893938096,0.0,
1027,eco,P3,False,D0_none,False,False,False,0,0,0,98.27795491975557,0.6235167893938096,0.0,
1027,eco,P3,False,D3_safety_auth,False,False,False,0,0,0,98.27795491975557,0.6235167893938096,0.0,
1027,eco,P3,False,D4b_master_data,False,False,False,0,0,0,98.27795491975557,0.6235167893938096,0.0,
1027,eco,P3,False,D4c_spc,False,False,False,0,0,0,98.27795491975557,0.6235167893938096,0.0,
1027,eco,P3,False,D4bc_process_aware,False,False,False,0,0,0,98.27795491975557,0.6235167893938096,0.0,
1027,eco,P3,False,FULL_D3+D4bc,False,False,False,0,0,0,98.27795491975557,0.6235167893938096,0.0,
1028,eco,P2,False,D0_none,False,False,False,0,0,0,73.37758040957277,0.6865527607803291,0.0,
1028,eco,P2,False,D3_safety_auth,False,False,False,0,0,0,73.37758040957277,0.6865527607803291,0.0,
1028,eco,P2,False,D4b_master_data,False,False,False,0,0,0,73.37758040957277,0.6865527607803291,0.0,
1028,eco,P2,False,D4c_spc,False,False,False,0,0,0,73.37758040957277,0.6865527607803291,0.0,
1028,eco,P2,False,D4bc_process_aware,False,False,False,0,0,0,73.37758040957277,0.6865527607803291,0.0,
1028,eco,P2,False,FULL_D3+D4bc,False,False,False,0,0,0,73.37758040957277,0.6865527607803291,0.0,
1029,eco,P2,False,D0_none,False,False,False,0,0,0,73.37758040957277,0.6865527607803291,0.0,
1029,eco,P2,False,D3_safety_auth,False,False,False,0,0,0,73.37758040957277,0.6865527607803291,0.0,
1029,eco,P2,False,D4b_master_data,False,False,False,0,0,0,73.37758040957277,0.6865527607803291,0.0,
1029,eco,P2,False,D4c_spc,False,False,False,0,0,0,73.37758040957277,0.6865527607803291,0.0,
1029,eco,P2,False,D4bc_process_aware,False,False,False,0,0,0,73.37758040957277,0.6865527607803291,0.0,
1029,eco,P2,False,FULL_D3+D4bc,False,False,False,0,0,0,73.37758040957277,0.6865527607803291,0.0,
1030,eco,P3,False,D0_none,False,False,False,0,0,0,98.27795491975557,0.6235167893938096,0.0,
1030,eco,P3,False,D3_safety_auth,False,False,False,0,0,0,98.27795491975557,0.6235167893938096,0.0,
1030,eco,P3,False,D4b_master_data,False,False,False,0,0,0,98.27795491975557,0.6235167893938096,0.0,
1030,eco,P3,False,D4c_spc,False,False,False,0,0,0,98.27795491975557,0.6235167893938096,0.0,
1030,eco,P3,False,D4bc_process_aware,False,False,False,0,0,0,98.27795491975557,0.6235167893938096,0.0,
1030,eco,P3,False,FULL_D3+D4bc,False,False,False,0,0,0,98.27795491975557,0.6235167893938096,0.0,
1031,eco,P1,False,D0_none,False,False,False,0,0,0,95.84955592153871,0.6348444219329453,0.0,
1031,eco,P1,False,D3_safety_auth,False,False,False,0,0,0,95.84955592153871,0.6348444219329453,0.0,
1031,eco,P1,False,D4b_master_data,False,False,False,0,0,0,95.84955592153871,0.6348444219329453,0.0,
1031,eco,P1,False,D4c_spc,False,False,False,0,0,0,95.84955592153871,0.6348444219329453,0.0,
1031,eco,P1,False,D4bc_process_aware,False,False,False,0,0,0,95.84955592153871,0.6348444219329453,0.0,
1031,eco,P1,False,FULL_D3+D4bc,False,False,False,0,0,0,95.84955592153871,0.6348444219329453,0.0,
1032,eco,P2,False,D0_none,False,False,False,0,0,0,73.37758040957277,0.6865527607803291,0.0,
1032,eco,P2,False,D3_safety_auth,False,False,False,0,0,0,73.37758040957277,0.6865527607803291,0.0,
1032,eco,P2,False,D4b_master_data,False,False,False,0,0,0,73.37758040957277,0.6865527607803291,0.0,
1032,eco,P2,False,D4c_spc,False,False,False,0,0,0,73.37758040957277,0.6865527607803291,0.0,
1032,eco,P2,False,D4bc_process_aware,False,False,False,0,0,0,73.37758040957277,0.6865527607803291,0.0,
1032,eco,P2,False,FULL_D3+D4bc,False,False,False,0,0,0,73.37758040957277,0.6865527607803291,0.0,
1033,eco,P2,False,D0_none,False,False,False,0,0,0,73.37758040957277,0.6865527607803291,0.0,
1033,eco,P2,False,D3_safety_auth,False,False,False,0,0,0,73.37758040957277,0.6865527607803291,0.0,
1033,eco,P2,False,D4b_master_data,False,False,False,0,0,0,73.37758040957277,0.6865527607803291,0.0,
1033,eco,P2,False,D4c_spc,False,False,False,0,0,0,73.37758040957277,0.6865527607803291,0.0,
1033,eco,P2,False,D4bc_process_aware,False,False,False,0,0,0,73.37758040957277,0.6865527607803291,0.0,
1033,eco,P2,False,FULL_D3+D4bc,False,False,False,0,0,0,73.37758040957277,0.6865527607803291,0.0,
1034,eco,P3,False,D0_none,False,False,False,0,0,0,98.27795491975557,0.6235167893938096,0.0,
1034,eco,P3,False,D3_safety_auth,False,False,False,0,0,0,98.27795491975557,0.6235167893938096,0.0,
1034,eco,P3,False,D4b_master_data,False,False,False,0,0,0,98.27795491975557,0.6235167893938096,0.0,
1034,eco,P3,False,D4c_spc,False,False,False,0,0,0,98.27795491975557,0.6235167893938096,0.0,
1034,eco,P3,False,D4bc_process_aware,False,False,False,0,0,0,98.27795491975557,0.6235167893938096,0.0,
1034,eco,P3,False,FULL_D3+D4bc,False,False,False,0,0,0,98.27795491975557,0.6235167893938096,0.0,
1035,eco,P1,False,D0_none,False,False,False,0,0,0,95.84955592153871,0.6348444219329453,0.0,
1035,eco,P1,False,D3_safety_auth,False,False,False,0,0,0,95.84955592153871,0.6348444219329453,0.0,
1035,eco,P1,False,D4b_master_data,False,False,False,0,0,0,95.84955592153871,0.6348444219329453,0.0,
1035,eco,P1,False,D4c_spc,False,False,False,0,0,0,95.84955592153871,0.6348444219329453,0.0,
1035,eco,P1,False,D4bc_process_aware,False,False,False,0,0,0,95.84955592153871,0.6348444219329453,0.0,
1035,eco,P1,False,FULL_D3+D4bc,False,False,False,0,0,0,95.84955592153871,0.6348444219329453,0.0,
1036,eco,P3,False,D0_none,False,False,False,0,0,0,98.27795491975557,0.6235167893938096,0.0,
1036,eco,P3,False,D3_safety_auth,False,False,False,0,0,0,98.27795491975557,0.6235167893938096,0.0,
1036,eco,P3,False,D4b_master_data,False,False,False,0,0,0,98.27795491975557,0.6235167893938096,0.0,
1036,eco,P3,False,D4c_spc,False,False,False,0,0,0,98.27795491975557,0.6235167893938096,0.0,
1036,eco,P3,False,D4bc_process_aware,False,False,False,0,0,0,98.27795491975557,0.6235167893938096,0.0,
1036,eco,P3,False,FULL_D3+D4bc,False,False,False,0,0,0,98.27795491975557,0.6235167893938096,0.0,
1037,eco,P3,False,D0_none,False,False,False,1,0,0,98.27795491975557,0.602732896414016,0.0,
1037,eco,P3,False,D3_safety_auth,False,False,False,1,0,0,98.27795491975557,0.602732896414016,0.0,
1037,eco,P3,False,D4b_master_data,False,False,False,1,0,0,98.27795491975557,0.602732896414016,0.0,
1037,eco,P3,False,D4c_spc,False,True,True,1,0,0,115.27795491975557,0.5138480853834005,17.0,
1037,eco,P3,False,D4bc_process_aware,False,True,True,1,0,0,115.27795491975557,0.5138480853834005,17.0,
1037,eco,P3,False,FULL_D3+D4bc,False,True,True,1,0,0,115.27795491975557,0.5138480853834005,17.0,
1038,eco,P1,False,D0_none,False,False,False,0,0,0,95.84955592153871,0.6348444219329453,0.0,
1038,eco,P1,False,D3_safety_auth,False,False,False,0,0,0,95.84955592153871,0.6348444219329453,0.0,
1038,eco,P1,False,D4b_master_data,False,False,False,0,0,0,95.84955592153871,0.6348444219329453,0.0,
1038,eco,P1,False,D4c_spc,False,False,False,0,0,0,95.84955592153871,0.6348444219329453,0.0,
1038,eco,P1,False,D4bc_process_aware,False,False,False,0,0,0,95.84955592153871,0.6348444219329453,0.0,
1038,eco,P1,False,FULL_D3+D4bc,False,False,False,0,0,0,95.84955592153871,0.6348444219329453,0.0,
1039,eco,P1,False,D0_none,False,False,False,0,0,0,95.84955592153871,0.6348444219329453,0.0,
1039,eco,P1,False,D3_safety_auth,False,False,False,0,0,0,95.84955592153871,0.6348444219329453,0.0,
1039,eco,P1,False,D4b_master_data,False,False,False,0,0,0,95.84955592153871,0.6348444219329453,0.0,
1039,eco,P1,False,D4c_spc,False,False,False,0,0,0,95.84955592153871,0.6348444219329453,0.0,
1039,eco,P1,False,D4bc_process_aware,False,False,False,0,0,0,95.84955592153871,0.6348444219329453,0.0,
1039,eco,P1,False,FULL_D3+D4bc,False,False,False,0,0,0,95.84955592153871,0.6348444219329453,0.0,
1040,eco,P1,True,D0_none,False,False,False,0,0,0,95.84955592153871,0.6348444219329453,0.0,
1040,eco,P1,True,D3_safety_auth,False,False,False,0,0,0,95.84955592153871,0.6348444219329453,0.0,
1040,eco,P1,True,D4b_master_data,True,False,False,0,0,0,110.84955592153871,0.5489382020132688,15.0,program version not per master data
1040,eco,P1,True,D4c_spc,False,False,False,0,0,0,95.84955592153871,0.6348444219329453,0.0,
1040,eco,P1,True,D4bc_process_aware,True,False,False,0,0,0,110.84955592153871,0.5489382020132688,15.0,program version not per master data
1040,eco,P1,True,FULL_D3+D4bc,True,False,False,0,0,0,110.84955592153871,0.5489382020132688,15.0,program version not per master data
1041,eco,P1,False,D0_none,False,False,False,0,0,0,95.84955592153871,0.6348444219329453,0.0,
1041,eco,P1,False,D3_safety_auth,False,False,False,0,0,0,95.84955592153871,0.6348444219329453,0.0,
1041,eco,P1,False,D4b_master_data,False,False,False,0,0,0,95.84955592153871,0.6348444219329453,0.0,
1041,eco,P1,False,D4c_spc,False,False,False,0,0,0,95.84955592153871,0.6348444219329453,0.0,
1041,eco,P1,False,D4bc_process_aware,False,False,False,0,0,0,95.84955592153871,0.6348444219329453,0.0,
1041,eco,P1,False,FULL_D3+D4bc,False,False,False,0,0,0,95.84955592153871,0.6348444219329453,0.0,
1042,eco,P2,False,D0_none,False,False,False,0,0,0,73.37758040957277,0.6865527607803291,0.0,
1042,eco,P2,False,D3_safety_auth,False,False,False,0,0,0,73.37758040957277,0.6865527607803291,0.0,
1042,eco,P2,False,D4b_master_data,False,False,False,0,0,0,73.37758040957277,0.6865527607803291,0.0,
1042,eco,P2,False,D4c_spc,False,False,False,0,0,0,73.37758040957277,0.6865527607803291,0.0,
1042,eco,P2,False,D4bc_process_aware,False,False,False,0,0,0,73.37758040957277,0.6865527607803291,0.0,
1042,eco,P2,False,FULL_D3+D4bc,False,False,False,0,0,0,73.37758040957277,0.6865527607803291,0.0,
1043,eco,P3,False,D0_none,False,False,False,0,0,0,98.27795491975557,0.6235167893938096,0.0,
1043,eco,P3,False,D3_safety_auth,False,False,False,0,0,0,98.27795491975557,0.6235167893938096,0.0,
1043,eco,P3,False,D4b_master_data,False,False,False,0,0,0,98.27795491975557,0.6235167893938096,0.0,
1043,eco,P3,False,D4c_spc,False,False,False,0,0,0,98.27795491975557,0.6235167893938096,0.0,
1043,eco,P3,False,D4bc_process_aware,False,False,False,0,0,0,98.27795491975557,0.6235167893938096,0.0,
1043,eco,P3,False,FULL_D3+D4bc,False,False,False,0,0,0,98.27795491975557,0.6235167893938096,0.0,
1044,eco,P3,False,D0_none,False,False,False,0,0,0,98.27795491975557,0.6235167893938096,0.0,
1044,eco,P3,False,D3_safety_auth,False,False,False,0,0,0,98.27795491975557,0.6235167893938096,0.0,
1044,eco,P3,False,D4b_master_data,False,False,False,0,0,0,98.27795491975557,0.6235167893938096,0.0,
1044,eco,P3,False,D4c_spc,False,False,False,0,0,0,98.27795491975557,0.6235167893938096,0.0,
1044,eco,P3,False,D4bc_process_aware,False,False,False,0,0,0,98.27795491975557,0.6235167893938096,0.0,
1044,eco,P3,False,FULL_D3+D4bc,False,False,False,0,0,0,98.27795491975557,0.6235167893938096,0.0,
1045,eco,P1,False,D0_none,False,False,False,0,0,0,95.84955592153871,0.6348444219329453,0.0,
1045,eco,P1,False,D3_safety_auth,False,False,False,0,0,0,95.84955592153871,0.6348444219329453,0.0,
1045,eco,P1,False,D4b_master_data,False,False,False,0,0,0,95.84955592153871,0.6348444219329453,0.0,
1045,eco,P1,False,D4c_spc,False,False,False,0,0,0,95.84955592153871,0.6348444219329453,0.0,
1045,eco,P1,False,D4bc_process_aware,False,False,False,0,0,0,95.84955592153871,0.6348444219329453,0.0,
1045,eco,P1,False,FULL_D3+D4bc,False,False,False,0,0,0,95.84955592153871,0.6348444219329453,0.0,
1046,eco,P3,False,D0_none,False,False,False,0,0,0,98.27795491975557,0.6235167893938096,0.0,
1046,eco,P3,False,D3_safety_auth,False,False,False,0,0,0,98.27795491975557,0.6235167893938096,0.0,
1046,eco,P3,False,D4b_master_data,False,False,False,0,0,0,98.27795491975557,0.6235167893938096,0.0,
1046,eco,P3,False,D4c_spc,False,False,False,0,0,0,98.27795491975557,0.6235167893938096,0.0,
1046,eco,P3,False,D4bc_process_aware,False,False,False,0,0,0,98.27795491975557,0.6235167893938096,0.0,
1046,eco,P3,False,FULL_D3+D4bc,False,False,False,0,0,0,98.27795491975557,0.6235167893938096,0.0,
1047,eco,P1,False,D0_none,False,False,False,0,0,0,95.84955592153871,0.6348444219329453,0.0,
1047,eco,P1,False,D3_safety_auth,False,False,False,0,0,0,95.84955592153871,0.6348444219329453,0.0,
1047,eco,P1,False,D4b_master_data,False,False,False,0,0,0,95.84955592153871,0.6348444219329453,0.0,
1047,eco,P1,False,D4c_spc,False,False,False,0,0,0,95.84955592153871,0.6348444219329453,0.0,
1047,eco,P1,False,D4bc_process_aware,False,False,False,0,0,0,95.84955592153871,0.6348444219329453,0.0,
1047,eco,P1,False,FULL_D3+D4bc,False,False,False,0,0,0,95.84955592153871,0.6348444219329453,0.0,
1048,eco,P2,False,D0_none,False,False,False,0,0,0,73.37758040957277,0.6865527607803291,0.0,
1048,eco,P2,False,D3_safety_auth,False,False,False,0,0,0,73.37758040957277,0.6865527607803291,0.0,
1048,eco,P2,False,D4b_master_data,False,False,False,0,0,0,73.37758040957277,0.6865527607803291,0.0,
1048,eco,P2,False,D4c_spc,False,False,False,0,0,0,73.37758040957277,0.6865527607803291,0.0,
1048,eco,P2,False,D4bc_process_aware,False,False,False,0,0,0,73.37758040957277,0.6865527607803291,0.0,
1048,eco,P2,False,FULL_D3+D4bc,False,False,False,0,0,0,73.37758040957277,0.6865527607803291,0.0,
1049,eco,P3,False,D0_none,False,False,False,0,0,0,98.27795491975557,0.6235167893938096,0.0,
1049,eco,P3,False,D3_safety_auth,False,False,False,0,0,0,98.27795491975557,0.6235167893938096,0.0,
1049,eco,P3,False,D4b_master_data,False,False,False,0,0,0,98.27795491975557,0.6235167893938096,0.0,
1049,eco,P3,False,D4c_spc,False,False,False,0,0,0,98.27795491975557,0.6235167893938096,0.0,
1049,eco,P3,False,D4bc_process_aware,False,False,False,0,0,0,98.27795491975557,0.6235167893938096,0.0,
1049,eco,P3,False,FULL_D3+D4bc,False,False,False,0,0,0,98.27795491975557,0.6235167893938096,0.0,
1050,eco,P1,False,D0_none,False,False,False,0,0,0,95.84955592153871,0.6348444219329453,0.0,
1050,eco,P1,False,D3_safety_auth,False,False,False,0,0,0,95.84955592153871,0.6348444219329453,0.0,
1050,eco,P1,False,D4b_master_data,False,False,False,0,0,0,95.84955592153871,0.6348444219329453,0.0,
1050,eco,P1,False,D4c_spc,False,False,False,0,0,0,95.84955592153871,0.6348444219329453,0.0,
1050,eco,P1,False,D4bc_process_aware,False,False,False,0,0,0,95.84955592153871,0.6348444219329453,0.0,
1050,eco,P1,False,FULL_D3+D4bc,False,False,False,0,0,0,95.84955592153871,0.6348444219329453,0.0,
1051,eco,P2,False,D0_none,False,False,False,0,0,0,73.37758040957277,0.6865527607803291,0.0,
1051,eco,P2,False,D3_safety_auth,False,False,False,0,0,0,73.37758040957277,0.6865527607803291,0.0,
1051,eco,P2,False,D4b_master_data,False,False,False,0,0,0,73.37758040957277,0.6865527607803291,0.0,
1051,eco,P2,False,D4c_spc,False,False,False,0,0,0,73.37758040957277,0.6865527607803291,0.0,
1051,eco,P2,False,D4bc_process_aware,False,False,False,0,0,0,73.37758040957277,0.6865527607803291,0.0,
1051,eco,P2,False,FULL_D3+D4bc,False,False,False,0,0,0,73.37758040957277,0.6865527607803291,0.0,
1052,eco,P1,False,D0_none,False,False,False,0,0,0,95.84955592153871,0.6348444219329453,0.0,
1052,eco,P1,False,D3_safety_auth,False,False,False,0,0,0,95.84955592153871,0.6348444219329453,0.0,
1052,eco,P1,False,D4b_master_data,False,False,False,0,0,0,95.84955592153871,0.6348444219329453,0.0,
1052,eco,P1,False,D4c_spc,False,False,False,0,0,0,95.84955592153871,0.6348444219329453,0.0,
1052,eco,P1,False,D4bc_process_aware,False,False,False,0,0,0,95.84955592153871,0.6348444219329453,0.0,
1052,eco,P1,False,FULL_D3+D4bc,False,False,False,0,0,0,95.84955592153871,0.6348444219329453,0.0,
1053,eco,P3,False,D0_none,False,False,False,0,0,0,98.27795491975557,0.6235167893938096,0.0,
1053,eco,P3,False,D3_safety_auth,False,False,False,0,0,0,98.27795491975557,0.6235167893938096,0.0,
1053,eco,P3,False,D4b_master_data,False,False,False,0,0,0,98.27795491975557,0.6235167893938096,0.0,
1053,eco,P3,False,D4c_spc,False,False,False,0,0,0,98.27795491975557,0.6235167893938096,0.0,
1053,eco,P3,False,D4bc_process_aware,False,False,False,0,0,0,98.27795491975557,0.6235167893938096,0.0,
1053,eco,P3,False,FULL_D3+D4bc,False,False,False,0,0,0,98.27795491975557,0.6235167893938096,0.0,
1054,eco,P2,False,D0_none,False,False,False,0,0,0,73.37758040957277,0.6865527607803291,0.0,
1054,eco,P2,False,D3_safety_auth,False,False,False,0,0,0,73.37758040957277,0.6865527607803291,0.0,
1054,eco,P2,False,D4b_master_data,False,False,False,0,0,0,73.37758040957277,0.6865527607803291,0.0,
1054,eco,P2,False,D4c_spc,False,False,False,0,0,0,73.37758040957277,0.6865527607803291,0.0,
1054,eco,P2,False,D4bc_process_aware,False,False,False,0,0,0,73.37758040957277,0.6865527607803291,0.0,
1054,eco,P2,False,FULL_D3+D4bc,False,False,False,0,0,0,73.37758040957277,0.6865527607803291,0.0,
1055,eco,P2,False,D0_none,False,False,False,0,0,0,73.37758040957277,0.6865527607803291,0.0,
1055,eco,P2,False,D3_safety_auth,False,False,False,0,0,0,73.37758040957277,0.6865527607803291,0.0,
1055,eco,P2,False,D4b_master_data,False,False,False,0,0,0,73.37758040957277,0.6865527607803291,0.0,
1055,eco,P2,False,D4c_spc,False,False,False,0,0,0,73.37758040957277,0.6865527607803291,0.0,
1055,eco,P2,False,D4bc_process_aware,False,False,False,0,0,0,73.37758040957277,0.6865527607803291,0.0,
1055,eco,P2,False,FULL_D3+D4bc,False,False,False,0,0,0,73.37758040957277,0.6865527607803291,0.0,
1056,eco,P3,False,D0_none,False,False,False,1,0,0,98.27795491975557,0.602732896414016,0.0,
1056,eco,P3,False,D3_safety_auth,False,False,False,1,0,0,98.27795491975557,0.602732896414016,0.0,
1056,eco,P3,False,D4b_master_data,False,False,False,1,0,0,98.27795491975557,0.602732896414016,0.0,
1056,eco,P3,False,D4c_spc,False,False,False,1,0,0,98.27795491975557,0.602732896414016,0.0,
1056,eco,P3,False,D4bc_process_aware,False,False,False,1,0,0,98.27795491975557,0.602732896414016,0.0,
1056,eco,P3,False,FULL_D3+D4bc,False,False,False,1,0,0,98.27795491975557,0.602732896414016,0.0,
1057,eco,P1,False,D0_none,False,False,False,0,0,0,95.84955592153871,0.6348444219329453,0.0,
1057,eco,P1,False,D3_safety_auth,False,False,False,0,0,0,95.84955592153871,0.6348444219329453,0.0,
1057,eco,P1,False,D4b_master_data,False,False,False,0,0,0,95.84955592153871,0.6348444219329453,0.0,
1057,eco,P1,False,D4c_spc,False,False,False,0,0,0,95.84955592153871,0.6348444219329453,0.0,
1057,eco,P1,False,D4bc_process_aware,False,False,False,0,0,0,95.84955592153871,0.6348444219329453,0.0,
1057,eco,P1,False,FULL_D3+D4bc,False,False,False,0,0,0,95.84955592153871,0.6348444219329453,0.0,
1058,eco,P1,False,D0_none,False,False,False,0,0,0,95.84955592153871,0.6348444219329453,0.0,
1058,eco,P1,False,D3_safety_auth,False,False,False,0,0,0,95.84955592153871,0.6348444219329453,0.0,
1058,eco,P1,False,D4b_master_data,False,False,False,0,0,0,95.84955592153871,0.6348444219329453,0.0,
1058,eco,P1,False,D4c_spc,False,False,False,0,0,0,95.84955592153871,0.6348444219329453,0.0,
1058,eco,P1,False,D4bc_process_aware,False,False,False,0,0,0,95.84955592153871,0.6348444219329453,0.0,
1058,eco,P1,False,FULL_D3+D4bc,False,False,False,0,0,0,95.84955592153871,0.6348444219329453,0.0,
1059,eco,P1,False,D0_none,False,False,False,0,0,0,95.84955592153871,0.6348444219329453,0.0,
1059,eco,P1,False,D3_safety_auth,False,False,False,0,0,0,95.84955592153871,0.6348444219329453,0.0,
1059,eco,P1,False,D4b_master_data,False,False,False,0,0,0,95.84955592153871,0.6348444219329453,0.0,
1059,eco,P1,False,D4c_spc,False,False,False,0,0,0,95.84955592153871,0.6348444219329453,0.0,
1059,eco,P1,False,D4bc_process_aware,False,False,False,0,0,0,95.84955592153871,0.6348444219329453,0.0,
1059,eco,P1,False,FULL_D3+D4bc,False,False,False,0,0,0,95.84955592153871,0.6348444219329453,0.0,
1060,eco,P2,True,D0_none,False,False,False,1,0,0,73.37758040957277,0.6636676687543182,0.0,
1060,eco,P2,True,D3_safety_auth,False,False,False,1,0,0,73.37758040957277,0.6636676687543182,0.0,
1060,eco,P2,True,D4b_master_data,True,False,False,1,0,0,88.37758040957277,0.5510258088484491,15.0,program version not per master data
1060,eco,P2,True,D4c_spc,False,True,True,1,0,0,88.37758040957277,0.5510258088484491,17.0,
1060,eco,P2,True,D4bc_process_aware,True,True,True,1,0,0,103.37758040957277,0.47107242727403026,32.0,program version not per master data
1060,eco,P2,True,FULL_D3+D4bc,True,True,True,1,0,0,103.37758040957277,0.47107242727403026,32.0,program version not per master data
1061,eco,P1,False,D0_none,False,False,False,0,0,0,95.84955592153871,0.6348444219329453,0.0,
1061,eco,P1,False,D3_safety_auth,False,False,False,0,0,0,95.84955592153871,0.6348444219329453,0.0,
1061,eco,P1,False,D4b_master_data,False,False,False,0,0,0,95.84955592153871,0.6348444219329453,0.0,
1061,eco,P1,False,D4c_spc,False,False,False,0,0,0,95.84955592153871,0.6348444219329453,0.0,
1061,eco,P1,False,D4bc_process_aware,False,False,False,0,0,0,95.84955592153871,0.6348444219329453,0.0,
1061,eco,P1,False,FULL_D3+D4bc,False,False,False,0,0,0,95.84955592153871,0.6348444219329453,0.0,
1062,eco,P1,False,D0_none,False,False,False,0,0,0,95.84955592153871,0.6348444219329453,0.0,
1062,eco,P1,False,D3_safety_auth,False,False,False,0,0,0,95.84955592153871,0.6348444219329453,0.0,
1062,eco,P1,False,D4b_master_data,False,False,False,0,0,0,95.84955592153871,0.6348444219329453,0.0,
1062,eco,P1,False,D4c_spc,False,False,False,0,0,0,95.84955592153871,0.6348444219329453,0.0,
1062,eco,P1,False,D4bc_process_aware,False,False,False,0,0,0,95.84955592153871,0.6348444219329453,0.0,
1062,eco,P1,False,FULL_D3+D4bc,False,False,False,0,0,0,95.84955592153871,0.6348444219329453,0.0,
1063,eco,P3,False,D0_none,False,False,False,0,0,0,98.27795491975557,0.6235167893938096,0.0,
1063,eco,P3,False,D3_safety_auth,False,False,False,0,0,0,98.27795491975557,0.6235167893938096,0.0,
1063,eco,P3,False,D4b_master_data,False,False,False,0,0,0,98.27795491975557,0.6235167893938096,0.0,
1063,eco,P3,False,D4c_spc,False,False,False,0,0,0,98.27795491975557,0.6235167893938096,0.0,
1063,eco,P3,False,D4bc_process_aware,False,False,False,0,0,0,98.27795491975557,0.6235167893938096,0.0,
1063,eco,P3,False,FULL_D3+D4bc,False,False,False,0,0,0,98.27795491975557,0.6235167893938096,0.0,
1064,eco,P2,False,D0_none,False,False,False,0,0,0,73.37758040957277,0.6865527607803291,0.0,
1064,eco,P2,False,D3_safety_auth,False,False,False,0,0,0,73.37758040957277,0.6865527607803291,0.0,
1064,eco,P2,False,D4b_master_data,False,False,False,0,0,0,73.37758040957277,0.6865527607803291,0.0,
1064,eco,P2,False,D4c_spc,False,False,False,0,0,0,73.37758040957277,0.6865527607803291,0.0,
1064,eco,P2,False,D4bc_process_aware,False,False,False,0,0,0,73.37758040957277,0.6865527607803291,0.0,
1064,eco,P2,False,FULL_D3+D4bc,False,False,False,0,0,0,73.37758040957277,0.6865527607803291,0.0,
1065,eco,P3,False,D0_none,False,False,False,0,0,0,98.27795491975557,0.6235167893938096,0.0,
1065,eco,P3,False,D3_safety_auth,False,False,False,0,0,0,98.27795491975557,0.6235167893938096,0.0,
1065,eco,P3,False,D4b_master_data,False,False,False,0,0,0,98.27795491975557,0.6235167893938096,0.0,
1065,eco,P3,False,D4c_spc,False,False,False,0,0,0,98.27795491975557,0.6235167893938096,0.0,
1065,eco,P3,False,D4bc_process_aware,False,False,False,0,0,0,98.27795491975557,0.6235167893938096,0.0,
1065,eco,P3,False,FULL_D3+D4bc,False,False,False,0,0,0,98.27795491975557,0.6235167893938096,0.0,
1066,eco,P1,False,D0_none,False,False,False,0,0,0,95.84955592153871,0.6348444219329453,0.0,
1066,eco,P1,False,D3_safety_auth,False,False,False,0,0,0,95.84955592153871,0.6348444219329453,0.0,
1066,eco,P1,False,D4b_master_data,False,False,False,0,0,0,95.84955592153871,0.6348444219329453,0.0,
1066,eco,P1,False,D4c_spc,False,True,False,0,0,0,112.84955592153871,0.5392095292235428,17.0,
1066,eco,P1,False,D4bc_process_aware,False,True,False,0,0,0,112.84955592153871,0.5392095292235428,17.0,
1066,eco,P1,False,FULL_D3+D4bc,False,True,False,0,0,0,112.84955592153871,0.5392095292235428,17.0,
1067,eco,P3,False,D0_none,False,False,False,0,0,0,98.27795491975557,0.6235167893938096,0.0,
1067,eco,P3,False,D3_safety_auth,False,False,False,0,0,0,98.27795491975557,0.6235167893938096,0.0,
1067,eco,P3,False,D4b_master_data,False,False,False,0,0,0,98.27795491975557,0.6235167893938096,0.0,
1067,eco,P3,False,D4c_spc,False,False,False,0,0,0,98.27795491975557,0.6235167893938096,0.0,
1067,eco,P3,False,D4bc_process_aware,False,False,False,0,0,0,98.27795491975557,0.6235167893938096,0.0,
1067,eco,P3,False,FULL_D3+D4bc,False,False,False,0,0,0,98.27795491975557,0.6235167893938096,0.0,
1068,eco,P3,False,D0_none,False,False,False,0,0,0,98.27795491975557,0.6235167893938096,0.0,
1068,eco,P3,False,D3_safety_auth,False,False,False,0,0,0,98.27795491975557,0.6235167893938096,0.0,
1068,eco,P3,False,D4b_master_data,False,False,False,0,0,0,98.27795491975557,0.6235167893938096,0.0,
1068,eco,P3,False,D4c_spc,False,False,False,0,0,0,98.27795491975557,0.6235167893938096,0.0,
1068,eco,P3,False,D4bc_process_aware,False,False,False,0,0,0,98.27795491975557,0.6235167893938096,0.0,
1068,eco,P3,False,FULL_D3+D4bc,False,False,False,0,0,0,98.27795491975557,0.6235167893938096,0.0,
1069,eco,P2,False,D0_none,False,False,False,0,0,0,73.37758040957277,0.6865527607803291,0.0,
1069,eco,P2,False,D3_safety_auth,False,False,False,0,0,0,73.37758040957277,0.6865527607803291,0.0,
1069,eco,P2,False,D4b_master_data,False,False,False,0,0,0,73.37758040957277,0.6865527607803291,0.0,
1069,eco,P2,False,D4c_spc,False,False,False,0,0,0,73.37758040957277,0.6865527607803291,0.0,
1069,eco,P2,False,D4bc_process_aware,False,False,False,0,0,0,73.37758040957277,0.6865527607803291,0.0,
1069,eco,P2,False,FULL_D3+D4bc,False,False,False,0,0,0,73.37758040957277,0.6865527607803291,0.0,
1070,eco,P1,False,D0_none,False,False,False,0,0,0,95.84955592153871,0.6348444219329453,0.0,
1070,eco,P1,False,D3_safety_auth,False,False,False,0,0,0,95.84955592153871,0.6348444219329453,0.0,
1070,eco,P1,False,D4b_master_data,False,False,False,0,0,0,95.84955592153871,0.6348444219329453,0.0,
1070,eco,P1,False,D4c_spc,False,False,False,0,0,0,95.84955592153871,0.6348444219329453,0.0,
1070,eco,P1,False,D4bc_process_aware,False,False,False,0,0,0,95.84955592153871,0.6348444219329453,0.0,
1070,eco,P1,False,FULL_D3+D4bc,False,False,False,0,0,0,95.84955592153871,0.6348444219329453,0.0,
1071,eco,P2,False,D0_none,False,False,False,0,0,0,73.37758040957277,0.6865527607803291,0.0,
1071,eco,P2,False,D3_safety_auth,False,False,False,0,0,0,73.37758040957277,0.6865527607803291,0.0,
1071,eco,P2,False,D4b_master_data,False,False,False,0,0,0,73.37758040957277,0.6865527607803291,0.0,
1071,eco,P2,False,D4c_spc,False,True,False,0,0,0,88.37758040957277,0.5700266988087405,17.0,
1071,eco,P2,False,D4bc_process_aware,False,True,False,0,0,0,88.37758040957277,0.5700266988087405,17.0,
1071,eco,P2,False,FULL_D3+D4bc,False,True,False,0,0,0,88.37758040957277,0.5700266988087405,17.0,
1072,eco,P3,False,D0_none,False,False,False,0,0,0,98.27795491975557,0.6235167893938096,0.0,
1072,eco,P3,False,D3_safety_auth,False,False,False,0,0,0,98.27795491975557,0.6235167893938096,0.0,
1072,eco,P3,False,D4b_master_data,False,False,False,0,0,0,98.27795491975557,0.6235167893938096,0.0,
1072,eco,P3,False,D4c_spc,False,False,False,0,0,0,98.27795491975557,0.6235167893938096,0.0,
1072,eco,P3,False,D4bc_process_aware,False,False,False,0,0,0,98.27795491975557,0.6235167893938096,0.0,
1072,eco,P3,False,FULL_D3+D4bc,False,False,False,0,0,0,98.27795491975557,0.6235167893938096,0.0,
1073,eco,P3,False,D0_none,False,False,False,0,0,0,98.27795491975557,0.6235167893938096,0.0,
1073,eco,P3,False,D3_safety_auth,False,False,False,0,0,0,98.27795491975557,0.6235167893938096,0.0,
1073,eco,P3,False,D4b_master_data,False,False,False,0,0,0,98.27795491975557,0.6235167893938096,0.0,
1073,eco,P3,False,D4c_spc,False,True,False,0,0,0,115.27795491975559,0.5315669848793798,17.0,
1073,eco,P3,False,D4bc_process_aware,False,True,False,0,0,0,115.27795491975559,0.5315669848793798,17.0,
1073,eco,P3,False,FULL_D3+D4bc,False,True,False,0,0,0,115.27795491975559,0.5315669848793798,17.0,
1074,eco,P2,False,D0_none,False,False,False,0,0,0,73.37758040957277,0.6865527607803291,0.0,
1074,eco,P2,False,D3_safety_auth,False,False,False,0,0,0,73.37758040957277,0.6865527607803291,0.0,
1074,eco,P2,False,D4b_master_data,False,False,False,0,0,0,73.37758040957277,0.6865527607803291,0.0,
1074,eco,P2,False,D4c_spc,False,False,False,0,0,0,73.37758040957277,0.6865527607803291,0.0,
1074,eco,P2,False,D4bc_process_aware,False,False,False,0,0,0,73.37758040957277,0.6865527607803291,0.0,
1074,eco,P2,False,FULL_D3+D4bc,False,False,False,0,0,0,73.37758040957277,0.6865527607803291,0.0,
1075,eco,P3,False,D0_none,False,False,False,0,0,0,98.27795491975557,0.6235167893938096,0.0,
1075,eco,P3,False,D3_safety_auth,False,False,False,0,0,0,98.27795491975557,0.6235167893938096,0.0,
1075,eco,P3,False,D4b_master_data,False,False,False,0,0,0,98.27795491975557,0.6235167893938096,0.0,
1075,eco,P3,False,D4c_spc,False,False,False,0,0,0,98.27795491975557,0.6235167893938096,0.0,
1075,eco,P3,False,D4bc_process_aware,False,False,False,0,0,0,98.27795491975557,0.6235167893938096,0.0,
1075,eco,P3,False,FULL_D3+D4bc,False,False,False,0,0,0,98.27795491975557,0.6235167893938096,0.0,
1076,eco,P2,False,D0_none,False,False,False,0,0,0,73.37758040957277,0.6865527607803291,0.0,
1076,eco,P2,False,D3_safety_auth,False,False,False,0,0,0,73.37758040957277,0.6865527607803291,0.0,
1076,eco,P2,False,D4b_master_data,False,False,False,0,0,0,73.37758040957277,0.6865527607803291,0.0,
1076,eco,P2,False,D4c_spc,False,False,False,0,0,0,73.37758040957277,0.6865527607803291,0.0,
1076,eco,P2,False,D4bc_process_aware,False,False,False,0,0,0,73.37758040957277,0.6865527607803291,0.0,
1076,eco,P2,False,FULL_D3+D4bc,False,False,False,0,0,0,73.37758040957277,0.6865527607803291,0.0,
1077,eco,P3,False,D0_none,False,False,False,0,0,0,98.27795491975557,0.6235167893938096,0.0,
1077,eco,P3,False,D3_safety_auth,False,False,False,0,0,0,98.27795491975557,0.6235167893938096,0.0,
1077,eco,P3,False,D4b_master_data,False,False,False,0,0,0,98.27795491975557,0.6235167893938096,0.0,
1077,eco,P3,False,D4c_spc,False,False,False,0,0,0,98.27795491975557,0.6235167893938096,0.0,
1077,eco,P3,False,D4bc_process_aware,False,False,False,0,0,0,98.27795491975557,0.6235167893938096,0.0,
1077,eco,P3,False,FULL_D3+D4bc,False,False,False,0,0,0,98.27795491975557,0.6235167893938096,0.0,
1078,eco,P1,False,D0_none,False,False,False,0,0,0,95.84955592153871,0.6348444219329453,0.0,
1078,eco,P1,False,D3_safety_auth,False,False,False,0,0,0,95.84955592153871,0.6348444219329453,0.0,
1078,eco,P1,False,D4b_master_data,False,False,False,0,0,0,95.84955592153871,0.6348444219329453,0.0,
1078,eco,P1,False,D4c_spc,False,False,False,0,0,0,95.84955592153871,0.6348444219329453,0.0,
1078,eco,P1,False,D4bc_process_aware,False,False,False,0,0,0,95.84955592153871,0.6348444219329453,0.0,
1078,eco,P1,False,FULL_D3+D4bc,False,False,False,0,0,0,95.84955592153871,0.6348444219329453,0.0,
1079,eco,P2,False,D0_none,False,False,False,0,0,0,73.37758040957277,0.6865527607803291,0.0,
1079,eco,P2,False,D3_safety_auth,False,False,False,0,0,0,73.37758040957277,0.6865527607803291,0.0,
1079,eco,P2,False,D4b_master_data,False,False,False,0,0,0,73.37758040957277,0.6865527607803291,0.0,
1079,eco,P2,False,D4c_spc,False,False,False,0,0,0,73.37758040957277,0.6865527607803291,0.0,
1079,eco,P2,False,D4bc_process_aware,False,False,False,0,0,0,73.37758040957277,0.6865527607803291,0.0,
1079,eco,P2,False,FULL_D3+D4bc,False,False,False,0,0,0,73.37758040957277,0.6865527607803291,0.0,
1080,eco,P1,False,D0_none,False,False,False,0,0,0,95.84955592153871,0.6348444219329453,0.0,
1080,eco,P1,False,D3_safety_auth,False,False,False,0,0,0,95.84955592153871,0.6348444219329453,0.0,
1080,eco,P1,False,D4b_master_data,False,False,False,0,0,0,95.84955592153871,0.6348444219329453,0.0,
1080,eco,P1,False,D4c_spc,False,False,False,0,0,0,95.84955592153871,0.6348444219329453,0.0,
1080,eco,P1,False,D4bc_process_aware,False,False,False,0,0,0,95.84955592153871,0.6348444219329453,0.0,
1080,eco,P1,False,FULL_D3+D4bc,False,False,False,0,0,0,95.84955592153871,0.6348444219329453,0.0,
1081,eco,P3,False,D0_none,False,False,False,0,0,0,98.27795491975557,0.6235167893938096,0.0,
1081,eco,P3,False,D3_safety_auth,False,False,False,0,0,0,98.27795491975557,0.6235167893938096,0.0,
1081,eco,P3,False,D4b_master_data,False,False,False,0,0,0,98.27795491975557,0.6235167893938096,0.0,
1081,eco,P3,False,D4c_spc,False,False,False,0,0,0,98.27795491975557,0.6235167893938096,0.0,
1081,eco,P3,False,D4bc_process_aware,False,False,False,0,0,0,98.27795491975557,0.6235167893938096,0.0,
1081,eco,P3,False,FULL_D3+D4bc,False,False,False,0,0,0,98.27795491975557,0.6235167893938096,0.0,
1082,eco,P2,False,D0_none,False,False,False,0,0,0,73.37758040957277,0.6865527607803291,0.0,
1082,eco,P2,False,D3_safety_auth,False,False,False,0,0,0,73.37758040957277,0.6865527607803291,0.0,
1082,eco,P2,False,D4b_master_data,False,False,False,0,0,0,73.37758040957277,0.6865527607803291,0.0,
1082,eco,P2,False,D4c_spc,False,False,False,0,0,0,73.37758040957277,0.6865527607803291,0.0,
1082,eco,P2,False,D4bc_process_aware,False,False,False,0,0,0,73.37758040957277,0.6865527607803291,0.0,
1082,eco,P2,False,FULL_D3+D4bc,False,False,False,0,0,0,73.37758040957277,0.6865527607803291,0.0,
1083,eco,P1,False,D0_none,False,False,False,0,0,0,95.84955592153871,0.6348444219329453,0.0,
1083,eco,P1,False,D3_safety_auth,False,False,False,0,0,0,95.84955592153871,0.6348444219329453,0.0,
1083,eco,P1,False,D4b_master_data,False,False,False,0,0,0,95.84955592153871,0.6348444219329453,0.0,
1083,eco,P1,False,D4c_spc,False,False,False,0,0,0,95.84955592153871,0.6348444219329453,0.0,
1083,eco,P1,False,D4bc_process_aware,False,False,False,0,0,0,95.84955592153871,0.6348444219329453,0.0,
1083,eco,P1,False,FULL_D3+D4bc,False,False,False,0,0,0,95.84955592153871,0.6348444219329453,0.0,
1084,eco,P3,False,D0_none,False,False,False,0,0,0,98.27795491975557,0.6235167893938096,0.0,
1084,eco,P3,False,D3_safety_auth,False,False,False,0,0,0,98.27795491975557,0.6235167893938096,0.0,
1084,eco,P3,False,D4b_master_data,False,False,False,0,0,0,98.27795491975557,0.6235167893938096,0.0,
1084,eco,P3,False,D4c_spc,False,False,False,0,0,0,98.27795491975557,0.6235167893938096,0.0,
1084,eco,P3,False,D4bc_process_aware,False,False,False,0,0,0,98.27795491975557,0.6235167893938096,0.0,
1084,eco,P3,False,FULL_D3+D4bc,False,False,False,0,0,0,98.27795491975557,0.6235167893938096,0.0,
1085,eco,P3,False,D0_none,False,False,False,0,0,0,98.27795491975557,0.6235167893938096,0.0,
1085,eco,P3,False,D3_safety_auth,False,False,False,0,0,0,98.27795491975557,0.6235167893938096,0.0,
1085,eco,P3,False,D4b_master_data,False,False,False,0,0,0,98.27795491975557,0.6235167893938096,0.0,
1085,eco,P3,False,D4c_spc,False,False,False,0,0,0,98.27795491975557,0.6235167893938096,0.0,
1085,eco,P3,False,D4bc_process_aware,False,False,False,0,0,0,98.27795491975557,0.6235167893938096,0.0,
1085,eco,P3,False,FULL_D3+D4bc,False,False,False,0,0,0,98.27795491975557,0.6235167893938096,0.0,
1086,eco,P3,False,D0_none,False,False,False,0,0,0,98.27795491975557,0.6235167893938096,0.0,
1086,eco,P3,False,D3_safety_auth,False,False,False,0,0,0,98.27795491975557,0.6235167893938096,0.0,
1086,eco,P3,False,D4b_master_data,False,False,False,0,0,0,98.27795491975557,0.6235167893938096,0.0,
1086,eco,P3,False,D4c_spc,False,False,False,0,0,0,98.27795491975557,0.6235167893938096,0.0,
1086,eco,P3,False,D4bc_process_aware,False,False,False,0,0,0,98.27795491975557,0.6235167893938096,0.0,
1086,eco,P3,False,FULL_D3+D4bc,False,False,False,0,0,0,98.27795491975557,0.6235167893938096,0.0,
1087,eco,P2,False,D0_none,False,False,False,0,0,0,73.37758040957277,0.6865527607803291,0.0,
1087,eco,P2,False,D3_safety_auth,False,False,False,0,0,0,73.37758040957277,0.6865527607803291,0.0,
1087,eco,P2,False,D4b_master_data,False,False,False,0,0,0,73.37758040957277,0.6865527607803291,0.0,
1087,eco,P2,False,D4c_spc,False,False,False,0,0,0,73.37758040957277,0.6865527607803291,0.0,
1087,eco,P2,False,D4bc_process_aware,False,False,False,0,0,0,73.37758040957277,0.6865527607803291,0.0,
1087,eco,P2,False,FULL_D3+D4bc,False,False,False,0,0,0,73.37758040957277,0.6865527607803291,0.0,
1088,eco,P2,False,D0_none,False,False,False,0,0,0,73.37758040957277,0.6865527607803291,0.0,
1088,eco,P2,False,D3_safety_auth,False,False,False,0,0,0,73.37758040957277,0.6865527607803291,0.0,
1088,eco,P2,False,D4b_master_data,False,False,False,0,0,0,73.37758040957277,0.6865527607803291,0.0,
1088,eco,P2,False,D4c_spc,False,False,False,0,0,0,73.37758040957277,0.6865527607803291,0.0,
1088,eco,P2,False,D4bc_process_aware,False,False,False,0,0,0,73.37758040957277,0.6865527607803291,0.0,
1088,eco,P2,False,FULL_D3+D4bc,False,False,False,0,0,0,73.37758040957277,0.6865527607803291,0.0,
1089,eco,P2,False,D0_none,False,False,False,0,0,0,73.37758040957277,0.6865527607803291,0.0,
1089,eco,P2,False,D3_safety_auth,False,False,False,0,0,0,73.37758040957277,0.6865527607803291,0.0,
1089,eco,P2,False,D4b_master_data,False,False,False,0,0,0,73.37758040957277,0.6865527607803291,0.0,
1089,eco,P2,False,D4c_spc,False,False,False,0,0,0,73.37758040957277,0.6865527607803291,0.0,
1089,eco,P2,False,D4bc_process_aware,False,False,False,0,0,0,73.37758040957277,0.6865527607803291,0.0,
1089,eco,P2,False,FULL_D3+D4bc,False,False,False,0,0,0,73.37758040957277,0.6865527607803291,0.0,
1090,eco,P2,False,D0_none,False,False,False,0,0,0,73.37758040957277,0.6865527607803291,0.0,
1090,eco,P2,False,D3_safety_auth,False,False,False,0,0,0,73.37758040957277,0.6865527607803291,0.0,
1090,eco,P2,False,D4b_master_data,False,False,False,0,0,0,73.37758040957277,0.6865527607803291,0.0,
1090,eco,P2,False,D4c_spc,False,False,False,0,0,0,73.37758040957277,0.6865527607803291,0.0,
1090,eco,P2,False,D4bc_process_aware,False,False,False,0,0,0,73.37758040957277,0.6865527607803291,0.0,
1090,eco,P2,False,FULL_D3+D4bc,False,False,False,0,0,0,73.37758040957277,0.6865527607803291,0.0,
1091,eco,P1,False,D0_none,False,False,False,0,0,0,95.84955592153871,0.6348444219329453,0.0,
1091,eco,P1,False,D3_safety_auth,False,False,False,0,0,0,95.84955592153871,0.6348444219329453,0.0,
1091,eco,P1,False,D4b_master_data,False,False,False,0,0,0,95.84955592153871,0.6348444219329453,0.0,
1091,eco,P1,False,D4c_spc,False,False,False,0,0,0,95.84955592153871,0.6348444219329453,0.0,
1091,eco,P1,False,D4bc_process_aware,False,False,False,0,0,0,95.84955592153871,0.6348444219329453,0.0,
1091,eco,P1,False,FULL_D3+D4bc,False,False,False,0,0,0,95.84955592153871,0.6348444219329453,0.0,
1092,eco,P1,False,D0_none,False,False,False,0,0,0,95.84955592153871,0.6348444219329453,0.0,
1092,eco,P1,False,D3_safety_auth,False,False,False,0,0,0,95.84955592153871,0.6348444219329453,0.0,
1092,eco,P1,False,D4b_master_data,False,False,False,0,0,0,95.84955592153871,0.6348444219329453,0.0,
1092,eco,P1,False,D4c_spc,False,False,False,0,0,0,95.84955592153871,0.6348444219329453,0.0,
1092,eco,P1,False,D4bc_process_aware,False,False,False,0,0,0,95.84955592153871,0.6348444219329453,0.0,
1092,eco,P1,False,FULL_D3+D4bc,False,False,False,0,0,0,95.84955592153871,0.6348444219329453,0.0,
1093,eco,P3,False,D0_none,False,False,False,0,0,0,98.27795491975557,0.6235167893938096,0.0,
1093,eco,P3,False,D3_safety_auth,False,False,False,0,0,0,98.27795491975557,0.6235167893938096,0.0,
1093,eco,P3,False,D4b_master_data,False,False,False,0,0,0,98.27795491975557,0.6235167893938096,0.0,
1093,eco,P3,False,D4c_spc,False,False,False,0,0,0,98.27795491975557,0.6235167893938096,0.0,
1093,eco,P3,False,D4bc_process_aware,False,False,False,0,0,0,98.27795491975557,0.6235167893938096,0.0,
1093,eco,P3,False,FULL_D3+D4bc,False,False,False,0,0,0,98.27795491975557,0.6235167893938096,0.0,
1094,eco,P3,False,D0_none,False,False,False,0,0,0,98.27795491975557,0.6235167893938096,0.0,
1094,eco,P3,False,D3_safety_auth,False,False,False,0,0,0,98.27795491975557,0.6235167893938096,0.0,
1094,eco,P3,False,D4b_master_data,False,False,False,0,0,0,98.27795491975557,0.6235167893938096,0.0,
1094,eco,P3,False,D4c_spc,False,False,False,0,0,0,98.27795491975557,0.6235167893938096,0.0,
1094,eco,P3,False,D4bc_process_aware,False,False,False,0,0,0,98.27795491975557,0.6235167893938096,0.0,
1094,eco,P3,False,FULL_D3+D4bc,False,False,False,0,0,0,98.27795491975557,0.6235167893938096,0.0,
1095,eco,P3,False,D0_none,False,False,False,0,0,0,98.27795491975557,0.6235167893938096,0.0,
1095,eco,P3,False,D3_safety_auth,False,False,False,0,0,0,98.27795491975557,0.6235167893938096,0.0,
1095,eco,P3,False,D4b_master_data,False,False,False,0,0,0,98.27795491975557,0.6235167893938096,0.0,
1095,eco,P3,False,D4c_spc,False,False,False,0,0,0,98.27795491975557,0.6235167893938096,0.0,
1095,eco,P3,False,D4bc_process_aware,False,False,False,0,0,0,98.27795491975557,0.6235167893938096,0.0,
1095,eco,P3,False,FULL_D3+D4bc,False,False,False,0,0,0,98.27795491975557,0.6235167893938096,0.0,
1096,eco,P2,False,D0_none,False,False,False,0,0,0,73.37758040957277,0.6865527607803291,0.0,
1096,eco,P2,False,D3_safety_auth,False,False,False,0,0,0,73.37758040957277,0.6865527607803291,0.0,
1096,eco,P2,False,D4b_master_data,False,False,False,0,0,0,73.37758040957277,0.6865527607803291,0.0,
1096,eco,P2,False,D4c_spc,False,False,False,0,0,0,73.37758040957277,0.6865527607803291,0.0,
1096,eco,P2,False,D4bc_process_aware,False,False,False,0,0,0,73.37758040957277,0.6865527607803291,0.0,
1096,eco,P2,False,FULL_D3+D4bc,False,False,False,0,0,0,73.37758040957277,0.6865527607803291,0.0,
1097,eco,P1,False,D0_none,False,False,False,0,0,0,95.84955592153871,0.6348444219329453,0.0,
1097,eco,P1,False,D3_safety_auth,False,False,False,0,0,0,95.84955592153871,0.6348444219329453,0.0,
1097,eco,P1,False,D4b_master_data,False,False,False,0,0,0,95.84955592153871,0.6348444219329453,0.0,
1097,eco,P1,False,D4c_spc,False,False,False,0,0,0,95.84955592153871,0.6348444219329453,0.0,
1097,eco,P1,False,D4bc_process_aware,False,False,False,0,0,0,95.84955592153871,0.6348444219329453,0.0,
1097,eco,P1,False,FULL_D3+D4bc,False,False,False,0,0,0,95.84955592153871,0.6348444219329453,0.0,
1098,eco,P1,False,D0_none,False,False,False,0,0,0,95.84955592153871,0.6348444219329453,0.0,
1098,eco,P1,False,D3_safety_auth,False,False,False,0,0,0,95.84955592153871,0.6348444219329453,0.0,
1098,eco,P1,False,D4b_master_data,False,False,False,0,0,0,95.84955592153871,0.6348444219329453,0.0,
1098,eco,P1,False,D4c_spc,False,False,False,0,0,0,95.84955592153871,0.6348444219329453,0.0,
1098,eco,P1,False,D4bc_process_aware,False,False,False,0,0,0,95.84955592153871,0.6348444219329453,0.0,
1098,eco,P1,False,FULL_D3+D4bc,False,False,False,0,0,0,95.84955592153871,0.6348444219329453,0.0,
1099,eco,P1,False,D0_none,False,False,False,0,1,0,95.84955592153871,0.6136829412018471,0.0,
1099,eco,P1,False,D3_safety_auth,False,False,False,0,1,0,95.84955592153871,0.6136829412018471,0.0,
1099,eco,P1,False,D4b_master_data,False,False,False,0,1,0,95.84955592153871,0.6136829412018471,0.0,
1099,eco,P1,False,D4c_spc,False,True,True,0,1,0,112.84955592153871,0.5212358782494247,17.0,
1099,eco,P1,False,D4bc_process_aware,False,True,True,0,1,0,112.84955592153871,0.5212358782494247,17.0,
1099,eco,P1,False,FULL_D3+D4bc,False,True,True,0,1,0,112.84955592153871,0.5212358782494247,17.0,
1100,eco,P1,True,D0_none,False,False,False,0,0,0,95.84955592153871,0.6348444219329453,0.0,
1100,eco,P1,True,D3_safety_auth,False,False,False,0,0,0,95.84955592153871,0.6348444219329453,0.0,
1100,eco,P1,True,D4b_master_data,True,False,False,0,0,0,110.84955592153871,0.5489382020132688,15.0,program version not per master data
1100,eco,P1,True,D4c_spc,False,False,False,0,0,0,95.84955592153871,0.6348444219329453,0.0,
1100,eco,P1,True,D4bc_process_aware,True,False,False,0,0,0,110.84955592153871,0.5489382020132688,15.0,program version not per master data
1100,eco,P1,True,FULL_D3+D4bc,True,False,False,0,0,0,110.84955592153871,0.5489382020132688,15.0,program version not per master data
1101,eco,P2,False,D0_none,False,False,False,0,0,0,73.37758040957277,0.6865527607803291,0.0,
1101,eco,P2,False,D3_safety_auth,False,False,False,0,0,0,73.37758040957277,0.6865527607803291,0.0,
1101,eco,P2,False,D4b_master_data,False,False,False,0,0,0,73.37758040957277,0.6865527607803291,0.0,
1101,eco,P2,False,D4c_spc,False,False,False,0,0,0,73.37758040957277,0.6865527607803291,0.0,
1101,eco,P2,False,D4bc_process_aware,False,False,False,0,0,0,73.37758040957277,0.6865527607803291,0.0,
1101,eco,P2,False,FULL_D3+D4bc,False,False,False,0,0,0,73.37758040957277,0.6865527607803291,0.0,
1102,eco,P3,False,D0_none,False,False,False,0,0,0,98.27795491975557,0.6235167893938096,0.0,
1102,eco,P3,False,D3_safety_auth,False,False,False,0,0,0,98.27795491975557,0.6235167893938096,0.0,
1102,eco,P3,False,D4b_master_data,False,False,False,0,0,0,98.27795491975557,0.6235167893938096,0.0,
1102,eco,P3,False,D4c_spc,False,False,False,0,0,0,98.27795491975557,0.6235167893938096,0.0,
1102,eco,P3,False,D4bc_process_aware,False,False,False,0,0,0,98.27795491975557,0.6235167893938096,0.0,
1102,eco,P3,False,FULL_D3+D4bc,False,False,False,0,0,0,98.27795491975557,0.6235167893938096,0.0,
1103,eco,P2,False,D0_none,False,False,False,0,0,0,73.37758040957277,0.6865527607803291,0.0,
1103,eco,P2,False,D3_safety_auth,False,False,False,0,0,0,73.37758040957277,0.6865527607803291,0.0,
1103,eco,P2,False,D4b_master_data,False,False,False,0,0,0,73.37758040957277,0.6865527607803291,0.0,
1103,eco,P2,False,D4c_spc,False,False,False,0,0,0,73.37758040957277,0.6865527607803291,0.0,
1103,eco,P2,False,D4bc_process_aware,False,False,False,0,0,0,73.37758040957277,0.6865527607803291,0.0,
1103,eco,P2,False,FULL_D3+D4bc,False,False,False,0,0,0,73.37758040957277,0.6865527607803291,0.0,
1104,eco,P1,False,D0_none,False,False,False,0,0,0,95.84955592153871,0.6348444219329453,0.0,
1104,eco,P1,False,D3_safety_auth,False,False,False,0,0,0,95.84955592153871,0.6348444219329453,0.0,
1104,eco,P1,False,D4b_master_data,False,False,False,0,0,0,95.84955592153871,0.6348444219329453,0.0,
1104,eco,P1,False,D4c_spc,False,False,False,0,0,0,95.84955592153871,0.6348444219329453,0.0,
1104,eco,P1,False,D4bc_process_aware,False,False,False,0,0,0,95.84955592153871,0.6348444219329453,0.0,
1104,eco,P1,False,FULL_D3+D4bc,False,False,False,0,0,0,95.84955592153871,0.6348444219329453,0.0,
1105,eco,P1,False,D0_none,False,False,False,0,0,0,95.84955592153871,0.6348444219329453,0.0,
1105,eco,P1,False,D3_safety_auth,False,False,False,0,0,0,95.84955592153871,0.6348444219329453,0.0,
1105,eco,P1,False,D4b_master_data,False,False,False,0,0,0,95.84955592153871,0.6348444219329453,0.0,
1105,eco,P1,False,D4c_spc,False,False,False,0,0,0,95.84955592153871,0.6348444219329453,0.0,
1105,eco,P1,False,D4bc_process_aware,False,False,False,0,0,0,95.84955592153871,0.6348444219329453,0.0,
1105,eco,P1,False,FULL_D3+D4bc,False,False,False,0,0,0,95.84955592153871,0.6348444219329453,0.0,
1106,eco,P2,False,D0_none,False,False,False,0,0,0,73.37758040957277,0.6865527607803291,0.0,
1106,eco,P2,False,D3_safety_auth,False,False,False,0,0,0,73.37758040957277,0.6865527607803291,0.0,
1106,eco,P2,False,D4b_master_data,False,False,False,0,0,0,73.37758040957277,0.6865527607803291,0.0,
1106,eco,P2,False,D4c_spc,False,False,False,0,0,0,73.37758040957277,0.6865527607803291,0.0,
1106,eco,P2,False,D4bc_process_aware,False,False,False,0,0,0,73.37758040957277,0.6865527607803291,0.0,
1106,eco,P2,False,FULL_D3+D4bc,False,False,False,0,0,0,73.37758040957277,0.6865527607803291,0.0,
1107,eco,P1,False,D0_none,False,False,False,0,0,0,95.84955592153871,0.6348444219329453,0.0,
1107,eco,P1,False,D3_safety_auth,False,False,False,0,0,0,95.84955592153871,0.6348444219329453,0.0,
1107,eco,P1,False,D4b_master_data,False,False,False,0,0,0,95.84955592153871,0.6348444219329453,0.0,
1107,eco,P1,False,D4c_spc,False,False,False,0,0,0,95.84955592153871,0.6348444219329453,0.0,
1107,eco,P1,False,D4bc_process_aware,False,False,False,0,0,0,95.84955592153871,0.6348444219329453,0.0,
1107,eco,P1,False,FULL_D3+D4bc,False,False,False,0,0,0,95.84955592153871,0.6348444219329453,0.0,
1108,eco,P3,False,D0_none,False,False,False,0,0,0,98.27795491975557,0.6235167893938096,0.0,
1108,eco,P3,False,D3_safety_auth,False,False,False,0,0,0,98.27795491975557,0.6235167893938096,0.0,
1108,eco,P3,False,D4b_master_data,False,False,False,0,0,0,98.27795491975557,0.6235167893938096,0.0,
1108,eco,P3,False,D4c_spc,False,False,False,0,0,0,98.27795491975557,0.6235167893938096,0.0,
1108,eco,P3,False,D4bc_process_aware,False,False,False,0,0,0,98.27795491975557,0.6235167893938096,0.0,
1108,eco,P3,False,FULL_D3+D4bc,False,False,False,0,0,0,98.27795491975557,0.6235167893938096,0.0,
1109,eco,P2,False,D0_none,False,False,False,0,0,0,73.37758040957277,0.6865527607803291,0.0,
1109,eco,P2,False,D3_safety_auth,False,False,False,0,0,0,73.37758040957277,0.6865527607803291,0.0,
1109,eco,P2,False,D4b_master_data,False,False,False,0,0,0,73.37758040957277,0.6865527607803291,0.0,
1109,eco,P2,False,D4c_spc,False,True,False,0,0,0,90.37758040957277,0.5574123602476616,17.0,
1109,eco,P2,False,D4bc_process_aware,False,True,False,0,0,0,90.37758040957277,0.5574123602476616,17.0,
1109,eco,P2,False,FULL_D3+D4bc,False,True,False,0,0,0,90.37758040957277,0.5574123602476616,17.0,
1110,eco,P2,False,D0_none,False,False,False,0,0,0,73.37758040957277,0.6865527607803291,0.0,
1110,eco,P2,False,D3_safety_auth,False,False,False,0,0,0,73.37758040957277,0.6865527607803291,0.0,
1110,eco,P2,False,D4b_master_data,False,False,False,0,0,0,73.37758040957277,0.6865527607803291,0.0,
1110,eco,P2,False,D4c_spc,False,True,False,0,0,0,88.37758040957277,0.5700266988087405,17.0,
1110,eco,P2,False,D4bc_process_aware,False,True,False,0,0,0,88.37758040957277,0.5700266988087405,17.0,
1110,eco,P2,False,FULL_D3+D4bc,False,True,False,0,0,0,88.37758040957277,0.5700266988087405,17.0,
1111,eco,P3,False,D0_none,False,False,False,1,0,0,98.27795491975557,0.602732896414016,0.0,
1111,eco,P3,False,D3_safety_auth,False,False,False,1,0,0,98.27795491975557,0.602732896414016,0.0,
1111,eco,P3,False,D4b_master_data,False,False,False,1,0,0,98.27795491975557,0.602732896414016,0.0,
1111,eco,P3,False,D4c_spc,False,False,False,1,0,0,98.27795491975557,0.602732896414016,0.0,
1111,eco,P3,False,D4bc_process_aware,False,False,False,1,0,0,98.27795491975557,0.602732896414016,0.0,
1111,eco,P3,False,FULL_D3+D4bc,False,False,False,1,0,0,98.27795491975557,0.602732896414016,0.0,
1112,eco,P1,False,D0_none,False,False,False,1,0,0,95.84955592153871,0.6136829412018471,0.0,
1112,eco,P1,False,D3_safety_auth,False,False,False,1,0,0,95.84955592153871,0.6136829412018471,0.0,
1112,eco,P1,False,D4b_master_data,False,False,False,1,0,0,95.84955592153871,0.6136829412018471,0.0,
1112,eco,P1,False,D4c_spc,False,True,True,1,0,0,112.84955592153871,0.5212358782494247,17.0,
1112,eco,P1,False,D4bc_process_aware,False,True,True,1,0,0,112.84955592153871,0.5212358782494247,17.0,
1112,eco,P1,False,FULL_D3+D4bc,False,True,True,1,0,0,112.84955592153871,0.5212358782494247,17.0,
1113,eco,P2,False,D0_none,False,False,False,0,0,0,73.37758040957277,0.6865527607803291,0.0,
1113,eco,P2,False,D3_safety_auth,False,False,False,0,0,0,73.37758040957277,0.6865527607803291,0.0,
1113,eco,P2,False,D4b_master_data,False,False,False,0,0,0,73.37758040957277,0.6865527607803291,0.0,
1113,eco,P2,False,D4c_spc,False,False,False,0,0,0,73.37758040957277,0.6865527607803291,0.0,
1113,eco,P2,False,D4bc_process_aware,False,False,False,0,0,0,73.37758040957277,0.6865527607803291,0.0,
1113,eco,P2,False,FULL_D3+D4bc,False,False,False,0,0,0,73.37758040957277,0.6865527607803291,0.0,
1114,eco,P2,False,D0_none,False,False,False,0,1,0,73.37758040957277,0.6636676687543182,0.0,
1114,eco,P2,False,D3_safety_auth,False,False,False,0,1,0,73.37758040957277,0.6636676687543182,0.0,
1114,eco,P2,False,D4b_master_data,False,False,False,0,1,0,73.37758040957277,0.6636676687543182,0.0,
1114,eco,P2,False,D4c_spc,False,True,True,0,1,0,88.37758040957277,0.5510258088484491,17.0,
1114,eco,P2,False,D4bc_process_aware,False,True,True,0,1,0,88.37758040957277,0.5510258088484491,17.0,
1114,eco,P2,False,FULL_D3+D4bc,False,True,True,0,1,0,88.37758040957277,0.5510258088484491,17.0,
1115,eco,P2,False,D0_none,False,False,False,0,0,0,73.37758040957277,0.6865527607803291,0.0,
1115,eco,P2,False,D3_safety_auth,False,False,False,0,0,0,73.37758040957277,0.6865527607803291,0.0,
1115,eco,P2,False,D4b_master_data,False,False,False,0,0,0,73.37758040957277,0.6865527607803291,0.0,
1115,eco,P2,False,D4c_spc,False,False,False,0,0,0,73.37758040957277,0.6865527607803291,0.0,
1115,eco,P2,False,D4bc_process_aware,False,False,False,0,0,0,73.37758040957277,0.6865527607803291,0.0,
1115,eco,P2,False,FULL_D3+D4bc,False,False,False,0,0,0,73.37758040957277,0.6865527607803291,0.0,
1116,eco,P3,False,D0_none,False,False,False,0,0,0,98.27795491975557,0.6235167893938096,0.0,
1116,eco,P3,False,D3_safety_auth,False,False,False,0,0,0,98.27795491975557,0.6235167893938096,0.0,
1116,eco,P3,False,D4b_master_data,False,False,False,0,0,0,98.27795491975557,0.6235167893938096,0.0,
1116,eco,P3,False,D4c_spc,False,False,False,0,0,0,98.27795491975557,0.6235167893938096,0.0,
1116,eco,P3,False,D4bc_process_aware,False,False,False,0,0,0,98.27795491975557,0.6235167893938096,0.0,
1116,eco,P3,False,FULL_D3+D4bc,False,False,False,0,0,0,98.27795491975557,0.6235167893938096,0.0,
1117,eco,P3,False,D0_none,False,False,False,0,0,0,98.27795491975557,0.6235167893938096,0.0,
1117,eco,P3,False,D3_safety_auth,False,False,False,0,0,0,98.27795491975557,0.6235167893938096,0.0,
1117,eco,P3,False,D4b_master_data,False,False,False,0,0,0,98.27795491975557,0.6235167893938096,0.0,
1117,eco,P3,False,D4c_spc,False,False,False,0,0,0,98.27795491975557,0.6235167893938096,0.0,
1117,eco,P3,False,D4bc_process_aware,False,False,False,0,0,0,98.27795491975557,0.6235167893938096,0.0,
1117,eco,P3,False,FULL_D3+D4bc,False,False,False,0,0,0,98.27795491975557,0.6235167893938096,0.0,
1118,eco,P2,False,D0_none,False,False,False,0,0,0,73.37758040957277,0.6865527607803291,0.0,
1118,eco,P2,False,D3_safety_auth,False,False,False,0,0,0,73.37758040957277,0.6865527607803291,0.0,
1118,eco,P2,False,D4b_master_data,False,False,False,0,0,0,73.37758040957277,0.6865527607803291,0.0,
1118,eco,P2,False,D4c_spc,False,False,False,0,0,0,73.37758040957277,0.6865527607803291,0.0,
1118,eco,P2,False,D4bc_process_aware,False,False,False,0,0,0,73.37758040957277,0.6865527607803291,0.0,
1118,eco,P2,False,FULL_D3+D4bc,False,False,False,0,0,0,73.37758040957277,0.6865527607803291,0.0,
1119,eco,P1,False,D0_none,False,False,False,0,0,0,95.84955592153871,0.6348444219329453,0.0,
1119,eco,P1,False,D3_safety_auth,False,False,False,0,0,0,95.84955592153871,0.6348444219329453,0.0,
1119,eco,P1,False,D4b_master_data,False,False,False,0,0,0,95.84955592153871,0.6348444219329453,0.0,
1119,eco,P1,False,D4c_spc,False,False,False,0,0,0,95.84955592153871,0.6348444219329453,0.0,
1119,eco,P1,False,D4bc_process_aware,False,False,False,0,0,0,95.84955592153871,0.6348444219329453,0.0,
1119,eco,P1,False,FULL_D3+D4bc,False,False,False,0,0,0,95.84955592153871,0.6348444219329453,0.0,
1120,eco,P2,False,D0_none,False,False,False,0,0,0,73.37758040957277,0.6865527607803291,0.0,
1120,eco,P2,False,D3_safety_auth,False,False,False,0,0,0,73.37758040957277,0.6865527607803291,0.0,
1120,eco,P2,False,D4b_master_data,False,False,False,0,0,0,73.37758040957277,0.6865527607803291,0.0,
1120,eco,P2,False,D4c_spc,False,False,False,0,0,0,73.37758040957277,0.6865527607803291,0.0,
1120,eco,P2,False,D4bc_process_aware,False,False,False,0,0,0,73.37758040957277,0.6865527607803291,0.0,
1120,eco,P2,False,FULL_D3+D4bc,False,False,False,0,0,0,73.37758040957277,0.6865527607803291,0.0,
1121,eco,P1,False,D0_none,False,False,False,0,0,0,95.84955592153871,0.6348444219329453,0.0,
1121,eco,P1,False,D3_safety_auth,False,False,False,0,0,0,95.84955592153871,0.6348444219329453,0.0,
1121,eco,P1,False,D4b_master_data,False,False,False,0,0,0,95.84955592153871,0.6348444219329453,0.0,
1121,eco,P1,False,D4c_spc,False,False,False,0,0,0,95.84955592153871,0.6348444219329453,0.0,
1121,eco,P1,False,D4bc_process_aware,False,False,False,0,0,0,95.84955592153871,0.6348444219329453,0.0,
1121,eco,P1,False,FULL_D3+D4bc,False,False,False,0,0,0,95.84955592153871,0.6348444219329453,0.0,
1122,eco,P3,False,D0_none,False,False,False,0,0,0,98.27795491975557,0.6235167893938096,0.0,
1122,eco,P3,False,D3_safety_auth,False,False,False,0,0,0,98.27795491975557,0.6235167893938096,0.0,
1122,eco,P3,False,D4b_master_data,False,False,False,0,0,0,98.27795491975557,0.6235167893938096,0.0,
1122,eco,P3,False,D4c_spc,False,False,False,0,0,0,98.27795491975557,0.6235167893938096,0.0,
1122,eco,P3,False,D4bc_process_aware,False,False,False,0,0,0,98.27795491975557,0.6235167893938096,0.0,
1122,eco,P3,False,FULL_D3+D4bc,False,False,False,0,0,0,98.27795491975557,0.6235167893938096,0.0,
1123,eco,P2,False,D0_none,False,False,False,1,0,0,73.37758040957277,0.6636676687543182,0.0,
1123,eco,P2,False,D3_safety_auth,False,False,False,1,0,0,73.37758040957277,0.6636676687543182,0.0,
1123,eco,P2,False,D4b_master_data,False,False,False,1,0,0,73.37758040957277,0.6636676687543182,0.0,
1123,eco,P2,False,D4c_spc,False,True,True,1,0,0,88.37758040957277,0.5510258088484491,17.0,
1123,eco,P2,False,D4bc_process_aware,False,True,True,1,0,0,88.37758040957277,0.5510258088484491,17.0,
1123,eco,P2,False,FULL_D3+D4bc,False,True,True,1,0,0,88.37758040957277,0.5510258088484491,17.0,
1124,eco,P1,False,D0_none,False,False,False,0,0,0,95.84955592153871,0.6348444219329453,0.0,
1124,eco,P1,False,D3_safety_auth,False,False,False,0,0,0,95.84955592153871,0.6348444219329453,0.0,
1124,eco,P1,False,D4b_master_data,False,False,False,0,0,0,95.84955592153871,0.6348444219329453,0.0,
1124,eco,P1,False,D4c_spc,False,False,False,0,0,0,95.84955592153871,0.6348444219329453,0.0,
1124,eco,P1,False,D4bc_process_aware,False,False,False,0,0,0,95.84955592153871,0.6348444219329453,0.0,
1124,eco,P1,False,FULL_D3+D4bc,False,False,False,0,0,0,95.84955592153871,0.6348444219329453,0.0,
1125,eco,P2,False,D0_none,False,False,False,0,0,0,73.37758040957277,0.6865527607803291,0.0,
1125,eco,P2,False,D3_safety_auth,False,False,False,0,0,0,73.37758040957277,0.6865527607803291,0.0,
1125,eco,P2,False,D4b_master_data,False,False,False,0,0,0,73.37758040957277,0.6865527607803291,0.0,
1125,eco,P2,False,D4c_spc,False,False,False,0,0,0,73.37758040957277,0.6865527607803291,0.0,
1125,eco,P2,False,D4bc_process_aware,False,False,False,0,0,0,73.37758040957277,0.6865527607803291,0.0,
1125,eco,P2,False,FULL_D3+D4bc,False,False,False,0,0,0,73.37758040957277,0.6865527607803291,0.0,
1126,eco,P1,False,D0_none,False,False,False,0,1,0,95.84955592153871,0.6136829412018471,0.0,
1126,eco,P1,False,D3_safety_auth,False,False,False,0,1,0,95.84955592153871,0.6136829412018471,0.0,
1126,eco,P1,False,D4b_master_data,False,False,False,0,1,0,95.84955592153871,0.6136829412018471,0.0,
1126,eco,P1,False,D4c_spc,False,True,True,0,1,0,112.84955592153871,0.5212358782494247,17.0,
1126,eco,P1,False,D4bc_process_aware,False,True,True,0,1,0,112.84955592153871,0.5212358782494247,17.0,
1126,eco,P1,False,FULL_D3+D4bc,False,True,True,0,1,0,112.84955592153871,0.5212358782494247,17.0,
1127,eco,P1,False,D0_none,False,False,False,0,0,0,95.84955592153871,0.6348444219329453,0.0,
1127,eco,P1,False,D3_safety_auth,False,False,False,0,0,0,95.84955592153871,0.6348444219329453,0.0,
1127,eco,P1,False,D4b_master_data,False,False,False,0,0,0,95.84955592153871,0.6348444219329453,0.0,
1127,eco,P1,False,D4c_spc,False,False,False,0,0,0,95.84955592153871,0.6348444219329453,0.0,
1127,eco,P1,False,D4bc_process_aware,False,False,False,0,0,0,95.84955592153871,0.6348444219329453,0.0,
1127,eco,P1,False,FULL_D3+D4bc,False,False,False,0,0,0,95.84955592153871,0.6348444219329453,0.0,
1128,eco,P3,False,D0_none,False,False,False,1,0,0,98.27795491975557,0.602732896414016,0.0,
1128,eco,P3,False,D3_safety_auth,False,False,False,1,0,0,98.27795491975557,0.602732896414016,0.0,
1128,eco,P3,False,D4b_master_data,False,False,False,1,0,0,98.27795491975557,0.602732896414016,0.0,
1128,eco,P3,False,D4c_spc,False,True,True,1,0,0,115.27795491975557,0.5138480853834005,17.0,
1128,eco,P3,False,D4bc_process_aware,False,True,True,1,0,0,115.27795491975557,0.5138480853834005,17.0,
1128,eco,P3,False,FULL_D3+D4bc,False,True,True,1,0,0,115.27795491975557,0.5138480853834005,17.0,
1129,eco,P3,False,D0_none,False,False,False,0,0,0,98.27795491975557,0.6235167893938096,0.0,
1129,eco,P3,False,D3_safety_auth,False,False,False,0,0,0,98.27795491975557,0.6235167893938096,0.0,
1129,eco,P3,False,D4b_master_data,False,False,False,0,0,0,98.27795491975557,0.6235167893938096,0.0,
1129,eco,P3,False,D4c_spc,False,False,False,0,0,0,98.27795491975557,0.6235167893938096,0.0,
1129,eco,P3,False,D4bc_process_aware,False,False,False,0,0,0,98.27795491975557,0.6235167893938096,0.0,
1129,eco,P3,False,FULL_D3+D4bc,False,False,False,0,0,0,98.27795491975557,0.6235167893938096,0.0,
1130,eco,P2,False,D0_none,False,False,False,0,0,0,73.37758040957277,0.6865527607803291,0.0,
1130,eco,P2,False,D3_safety_auth,False,False,False,0,0,0,73.37758040957277,0.6865527607803291,0.0,
1130,eco,P2,False,D4b_master_data,False,False,False,0,0,0,73.37758040957277,0.6865527607803291,0.0,
1130,eco,P2,False,D4c_spc,False,False,False,0,0,0,73.37758040957277,0.6865527607803291,0.0,
1130,eco,P2,False,D4bc_process_aware,False,False,False,0,0,0,73.37758040957277,0.6865527607803291,0.0,
1130,eco,P2,False,FULL_D3+D4bc,False,False,False,0,0,0,73.37758040957277,0.6865527607803291,0.0,
1131,eco,P2,False,D0_none,False,False,False,0,0,0,73.37758040957277,0.6865527607803291,0.0,
1131,eco,P2,False,D3_safety_auth,False,False,False,0,0,0,73.37758040957277,0.6865527607803291,0.0,
1131,eco,P2,False,D4b_master_data,False,False,False,0,0,0,73.37758040957277,0.6865527607803291,0.0,
1131,eco,P2,False,D4c_spc,False,False,False,0,0,0,73.37758040957277,0.6865527607803291,0.0,
1131,eco,P2,False,D4bc_process_aware,False,False,False,0,0,0,73.37758040957277,0.6865527607803291,0.0,
1131,eco,P2,False,FULL_D3+D4bc,False,False,False,0,0,0,73.37758040957277,0.6865527607803291,0.0,
1132,eco,P2,False,D0_none,False,False,False,0,0,0,73.37758040957277,0.6865527607803291,0.0,
1132,eco,P2,False,D3_safety_auth,False,False,False,0,0,0,73.37758040957277,0.6865527607803291,0.0,
1132,eco,P2,False,D4b_master_data,False,False,False,0,0,0,73.37758040957277,0.6865527607803291,0.0,
1132,eco,P2,False,D4c_spc,False,False,False,0,0,0,73.37758040957277,0.6865527607803291,0.0,
1132,eco,P2,False,D4bc_process_aware,False,False,False,0,0,0,73.37758040957277,0.6865527607803291,0.0,
1132,eco,P2,False,FULL_D3+D4bc,False,False,False,0,0,0,73.37758040957277,0.6865527607803291,0.0,
1133,eco,P1,False,D0_none,False,False,False,0,0,0,95.84955592153871,0.6348444219329453,0.0,
1133,eco,P1,False,D3_safety_auth,False,False,False,0,0,0,95.84955592153871,0.6348444219329453,0.0,
1133,eco,P1,False,D4b_master_data,False,False,False,0,0,0,95.84955592153871,0.6348444219329453,0.0,
1133,eco,P1,False,D4c_spc,False,False,False,0,0,0,95.84955592153871,0.6348444219329453,0.0,
1133,eco,P1,False,D4bc_process_aware,False,False,False,0,0,0,95.84955592153871,0.6348444219329453,0.0,
1133,eco,P1,False,FULL_D3+D4bc,False,False,False,0,0,0,95.84955592153871,0.6348444219329453,0.0,
1134,eco,P2,False,D0_none,False,False,False,0,0,0,73.37758040957277,0.6865527607803291,0.0,
1134,eco,P2,False,D3_safety_auth,False,False,False,0,0,0,73.37758040957277,0.6865527607803291,0.0,
1134,eco,P2,False,D4b_master_data,False,False,False,0,0,0,73.37758040957277,0.6865527607803291,0.0,
1134,eco,P2,False,D4c_spc,False,False,False,0,0,0,73.37758040957277,0.6865527607803291,0.0,
1134,eco,P2,False,D4bc_process_aware,False,False,False,0,0,0,73.37758040957277,0.6865527607803291,0.0,
1134,eco,P2,False,FULL_D3+D4bc,False,False,False,0,0,0,73.37758040957277,0.6865527607803291,0.0,
1135,eco,P2,False,D0_none,False,False,False,0,0,0,73.37758040957277,0.6865527607803291,0.0,
1135,eco,P2,False,D3_safety_auth,False,False,False,0,0,0,73.37758040957277,0.6865527607803291,0.0,
1135,eco,P2,False,D4b_master_data,False,False,False,0,0,0,73.37758040957277,0.6865527607803291,0.0,
1135,eco,P2,False,D4c_spc,False,False,False,0,0,0,73.37758040957277,0.6865527607803291,0.0,
1135,eco,P2,False,D4bc_process_aware,False,False,False,0,0,0,73.37758040957277,0.6865527607803291,0.0,
1135,eco,P2,False,FULL_D3+D4bc,False,False,False,0,0,0,73.37758040957277,0.6865527607803291,0.0,
1136,eco,P2,False,D0_none,False,False,False,0,0,0,73.37758040957277,0.6865527607803291,0.0,
1136,eco,P2,False,D3_safety_auth,False,False,False,0,0,0,73.37758040957277,0.6865527607803291,0.0,
1136,eco,P2,False,D4b_master_data,False,False,False,0,0,0,73.37758040957277,0.6865527607803291,0.0,
1136,eco,P2,False,D4c_spc,False,False,False,0,0,0,73.37758040957277,0.6865527607803291,0.0,
1136,eco,P2,False,D4bc_process_aware,False,False,False,0,0,0,73.37758040957277,0.6865527607803291,0.0,
1136,eco,P2,False,FULL_D3+D4bc,False,False,False,0,0,0,73.37758040957277,0.6865527607803291,0.0,
1137,eco,P1,False,D0_none,False,False,False,0,0,0,95.84955592153871,0.6348444219329453,0.0,
1137,eco,P1,False,D3_safety_auth,False,False,False,0,0,0,95.84955592153871,0.6348444219329453,0.0,
1137,eco,P1,False,D4b_master_data,False,False,False,0,0,0,95.84955592153871,0.6348444219329453,0.0,
1137,eco,P1,False,D4c_spc,False,True,False,0,0,0,112.8495559215387,0.5392095292235429,17.0,
1137,eco,P1,False,D4bc_process_aware,False,True,False,0,0,0,112.8495559215387,0.5392095292235429,17.0,
1137,eco,P1,False,FULL_D3+D4bc,False,True,False,0,0,0,112.8495559215387,0.5392095292235429,17.0,
1138,eco,P2,False,D0_none,False,False,False,0,0,0,73.37758040957277,0.6865527607803291,0.0,
1138,eco,P2,False,D3_safety_auth,False,False,False,0,0,0,73.37758040957277,0.6865527607803291,0.0,
1138,eco,P2,False,D4b_master_data,False,False,False,0,0,0,73.37758040957277,0.6865527607803291,0.0,
1138,eco,P2,False,D4c_spc,False,False,False,0,0,0,73.37758040957277,0.6865527607803291,0.0,
1138,eco,P2,False,D4bc_process_aware,False,False,False,0,0,0,73.37758040957277,0.6865527607803291,0.0,
1138,eco,P2,False,FULL_D3+D4bc,False,False,False,0,0,0,73.37758040957277,0.6865527607803291,0.0,
1139,eco,P2,False,D0_none,False,False,False,0,0,0,73.37758040957277,0.6865527607803291,0.0,
1139,eco,P2,False,D3_safety_auth,False,False,False,0,0,0,73.37758040957277,0.6865527607803291,0.0,
1139,eco,P2,False,D4b_master_data,False,False,False,0,0,0,73.37758040957277,0.6865527607803291,0.0,
1139,eco,P2,False,D4c_spc,False,False,False,0,0,0,73.37758040957277,0.6865527607803291,0.0,
1139,eco,P2,False,D4bc_process_aware,False,False,False,0,0,0,73.37758040957277,0.6865527607803291,0.0,
1139,eco,P2,False,FULL_D3+D4bc,False,False,False,0,0,0,73.37758040957277,0.6865527607803291,0.0,
1140,eco,P3,False,D0_none,False,False,False,0,0,0,98.27795491975557,0.6235167893938096,0.0,
1140,eco,P3,False,D3_safety_auth,False,False,False,0,0,0,98.27795491975557,0.6235167893938096,0.0,
1140,eco,P3,False,D4b_master_data,False,False,False,0,0,0,98.27795491975557,0.6235167893938096,0.0,
1140,eco,P3,False,D4c_spc,False,False,False,0,0,0,98.27795491975557,0.6235167893938096,0.0,
1140,eco,P3,False,D4bc_process_aware,False,False,False,0,0,0,98.27795491975557,0.6235167893938096,0.0,
1140,eco,P3,False,FULL_D3+D4bc,False,False,False,0,0,0,98.27795491975557,0.6235167893938096,0.0,
1141,eco,P1,False,D0_none,False,False,False,0,0,0,95.84955592153871,0.6348444219329453,0.0,
1141,eco,P1,False,D3_safety_auth,False,False,False,0,0,0,95.84955592153871,0.6348444219329453,0.0,
1141,eco,P1,False,D4b_master_data,False,False,False,0,0,0,95.84955592153871,0.6348444219329453,0.0,
1141,eco,P1,False,D4c_spc,False,False,False,0,0,0,95.84955592153871,0.6348444219329453,0.0,
1141,eco,P1,False,D4bc_process_aware,False,False,False,0,0,0,95.84955592153871,0.6348444219329453,0.0,
1141,eco,P1,False,FULL_D3+D4bc,False,False,False,0,0,0,95.84955592153871,0.6348444219329453,0.0,
1142,eco,P3,False,D0_none,False,False,False,0,0,0,98.27795491975557,0.6235167893938096,0.0,
1142,eco,P3,False,D3_safety_auth,False,False,False,0,0,0,98.27795491975557,0.6235167893938096,0.0,
1142,eco,P3,False,D4b_master_data,False,False,False,0,0,0,98.27795491975557,0.6235167893938096,0.0,
1142,eco,P3,False,D4c_spc,False,False,False,0,0,0,98.27795491975557,0.6235167893938096,0.0,
1142,eco,P3,False,D4bc_process_aware,False,False,False,0,0,0,98.27795491975557,0.6235167893938096,0.0,
1142,eco,P3,False,FULL_D3+D4bc,False,False,False,0,0,0,98.27795491975557,0.6235167893938096,0.0,
1143,eco,P3,False,D0_none,False,False,False,0,0,0,98.27795491975557,0.6235167893938096,0.0,
1143,eco,P3,False,D3_safety_auth,False,False,False,0,0,0,98.27795491975557,0.6235167893938096,0.0,
1143,eco,P3,False,D4b_master_data,False,False,False,0,0,0,98.27795491975557,0.6235167893938096,0.0,
1143,eco,P3,False,D4c_spc,False,False,False,0,0,0,98.27795491975557,0.6235167893938096,0.0,
1143,eco,P3,False,D4bc_process_aware,False,False,False,0,0,0,98.27795491975557,0.6235167893938096,0.0,
1143,eco,P3,False,FULL_D3+D4bc,False,False,False,0,0,0,98.27795491975557,0.6235167893938096,0.0,
1144,eco,P2,False,D0_none,False,False,False,0,0,0,73.37758040957277,0.6865527607803291,0.0,
1144,eco,P2,False,D3_safety_auth,False,False,False,0,0,0,73.37758040957277,0.6865527607803291,0.0,
1144,eco,P2,False,D4b_master_data,False,False,False,0,0,0,73.37758040957277,0.6865527607803291,0.0,
1144,eco,P2,False,D4c_spc,False,False,False,0,0,0,73.37758040957277,0.6865527607803291,0.0,
1144,eco,P2,False,D4bc_process_aware,False,False,False,0,0,0,73.37758040957277,0.6865527607803291,0.0,
1144,eco,P2,False,FULL_D3+D4bc,False,False,False,0,0,0,73.37758040957277,0.6865527607803291,0.0,
1145,eco,P3,False,D0_none,False,False,False,0,0,0,98.27795491975557,0.6235167893938096,0.0,
1145,eco,P3,False,D3_safety_auth,False,False,False,0,0,0,98.27795491975557,0.6235167893938096,0.0,
1145,eco,P3,False,D4b_master_data,False,False,False,0,0,0,98.27795491975557,0.6235167893938096,0.0,
1145,eco,P3,False,D4c_spc,False,False,False,0,0,0,98.27795491975557,0.6235167893938096,0.0,
1145,eco,P3,False,D4bc_process_aware,False,False,False,0,0,0,98.27795491975557,0.6235167893938096,0.0,
1145,eco,P3,False,FULL_D3+D4bc,False,False,False,0,0,0,98.27795491975557,0.6235167893938096,0.0,
1146,eco,P1,False,D0_none,False,False,False,0,0,0,95.84955592153871,0.6348444219329453,0.0,
1146,eco,P1,False,D3_safety_auth,False,False,False,0,0,0,95.84955592153871,0.6348444219329453,0.0,
1146,eco,P1,False,D4b_master_data,False,False,False,0,0,0,95.84955592153871,0.6348444219329453,0.0,
1146,eco,P1,False,D4c_spc,False,True,False,0,0,0,112.84955592153871,0.5392095292235428,17.0,
1146,eco,P1,False,D4bc_process_aware,False,True,False,0,0,0,112.84955592153871,0.5392095292235428,17.0,
1146,eco,P1,False,FULL_D3+D4bc,False,True,False,0,0,0,112.84955592153871,0.5392095292235428,17.0,
1147,eco,P2,False,D0_none,False,False,False,0,0,0,73.37758040957277,0.6865527607803291,0.0,
1147,eco,P2,False,D3_safety_auth,False,False,False,0,0,0,73.37758040957277,0.6865527607803291,0.0,
1147,eco,P2,False,D4b_master_data,False,False,False,0,0,0,73.37758040957277,0.6865527607803291,0.0,
1147,eco,P2,False,D4c_spc,False,False,False,0,0,0,73.37758040957277,0.6865527607803291,0.0,
1147,eco,P2,False,D4bc_process_aware,False,False,False,0,0,0,73.37758040957277,0.6865527607803291,0.0,
1147,eco,P2,False,FULL_D3+D4bc,False,False,False,0,0,0,73.37758040957277,0.6865527607803291,0.0,
1148,eco,P1,False,D0_none,False,False,False,0,0,0,95.84955592153871,0.6348444219329453,0.0,
1148,eco,P1,False,D3_safety_auth,False,False,False,0,0,0,95.84955592153871,0.6348444219329453,0.0,
1148,eco,P1,False,D4b_master_data,False,False,False,0,0,0,95.84955592153871,0.6348444219329453,0.0,
1148,eco,P1,False,D4c_spc,False,False,False,0,0,0,95.84955592153871,0.6348444219329453,0.0,
1148,eco,P1,False,D4bc_process_aware,False,False,False,0,0,0,95.84955592153871,0.6348444219329453,0.0,
1148,eco,P1,False,FULL_D3+D4bc,False,False,False,0,0,0,95.84955592153871,0.6348444219329453,0.0,
1149,eco,P3,False,D0_none,False,False,False,0,0,0,98.27795491975557,0.6235167893938096,0.0,
1149,eco,P3,False,D3_safety_auth,False,False,False,0,0,0,98.27795491975557,0.6235167893938096,0.0,
1149,eco,P3,False,D4b_master_data,False,False,False,0,0,0,98.27795491975557,0.6235167893938096,0.0,
1149,eco,P3,False,D4c_spc,False,False,False,0,0,0,98.27795491975557,0.6235167893938096,0.0,
1149,eco,P3,False,D4bc_process_aware,False,False,False,0,0,0,98.27795491975557,0.6235167893938096,0.0,
1149,eco,P3,False,FULL_D3+D4bc,False,False,False,0,0,0,98.27795491975557,0.6235167893938096,0.0,
1150,eco,P2,False,D0_none,False,False,False,0,0,0,73.37758040957277,0.6865527607803291,0.0,
1150,eco,P2,False,D3_safety_auth,False,False,False,0,0,0,73.37758040957277,0.6865527607803291,0.0,
1150,eco,P2,False,D4b_master_data,False,False,False,0,0,0,73.37758040957277,0.6865527607803291,0.0,
1150,eco,P2,False,D4c_spc,False,False,False,0,0,0,73.37758040957277,0.6865527607803291,0.0,
1150,eco,P2,False,D4bc_process_aware,False,False,False,0,0,0,73.37758040957277,0.6865527607803291,0.0,
1150,eco,P2,False,FULL_D3+D4bc,False,False,False,0,0,0,73.37758040957277,0.6865527607803291,0.0,
1151,eco,P2,True,D0_none,False,False,False,0,0,0,73.37758040957277,0.6865527607803291,0.0,
1151,eco,P2,True,D3_safety_auth,False,False,False,0,0,0,73.37758040957277,0.6865527607803291,0.0,
1151,eco,P2,True,D4b_master_data,True,False,False,0,0,0,88.37758040957277,0.5700266988087405,15.0,program version not per master data
1151,eco,P2,True,D4c_spc,False,False,False,0,0,0,73.37758040957277,0.6865527607803291,0.0,
1151,eco,P2,True,D4bc_process_aware,True,False,False,0,0,0,88.37758040957277,0.5700266988087405,15.0,program version not per master data
1151,eco,P2,True,FULL_D3+D4bc,True,False,False,0,0,0,88.37758040957277,0.5700266988087405,15.0,program version not per master data
1152,eco,P1,False,D0_none,False,False,False,0,0,0,95.84955592153871,0.6348444219329453,0.0,
1152,eco,P1,False,D3_safety_auth,False,False,False,0,0,0,95.84955592153871,0.6348444219329453,0.0,
1152,eco,P1,False,D4b_master_data,False,False,False,0,0,0,95.84955592153871,0.6348444219329453,0.0,
1152,eco,P1,False,D4c_spc,False,False,False,0,0,0,95.84955592153871,0.6348444219329453,0.0,
1152,eco,P1,False,D4bc_process_aware,False,False,False,0,0,0,95.84955592153871,0.6348444219329453,0.0,
1152,eco,P1,False,FULL_D3+D4bc,False,False,False,0,0,0,95.84955592153871,0.6348444219329453,0.0,
1153,eco,P3,False,D0_none,False,False,False,0,0,0,98.27795491975557,0.6235167893938096,0.0,
1153,eco,P3,False,D3_safety_auth,False,False,False,0,0,0,98.27795491975557,0.6235167893938096,0.0,
1153,eco,P3,False,D4b_master_data,False,False,False,0,0,0,98.27795491975557,0.6235167893938096,0.0,
1153,eco,P3,False,D4c_spc,False,False,False,0,0,0,98.27795491975557,0.6235167893938096,0.0,
1153,eco,P3,False,D4bc_process_aware,False,False,False,0,0,0,98.27795491975557,0.6235167893938096,0.0,
1153,eco,P3,False,FULL_D3+D4bc,False,False,False,0,0,0,98.27795491975557,0.6235167893938096,0.0,
1154,eco,P1,False,D0_none,False,False,False,0,0,0,95.84955592153871,0.6348444219329453,0.0,
1154,eco,P1,False,D3_safety_auth,False,False,False,0,0,0,95.84955592153871,0.6348444219329453,0.0,
1154,eco,P1,False,D4b_master_data,False,False,False,0,0,0,95.84955592153871,0.6348444219329453,0.0,
1154,eco,P1,False,D4c_spc,False,False,False,0,0,0,95.84955592153871,0.6348444219329453,0.0,
1154,eco,P1,False,D4bc_process_aware,False,False,False,0,0,0,95.84955592153871,0.6348444219329453,0.0,
1154,eco,P1,False,FULL_D3+D4bc,False,False,False,0,0,0,95.84955592153871,0.6348444219329453,0.0,
1155,eco,P1,False,D0_none,False,False,False,0,0,0,95.84955592153871,0.6348444219329453,0.0,
1155,eco,P1,False,D3_safety_auth,False,False,False,0,0,0,95.84955592153871,0.6348444219329453,0.0,
1155,eco,P1,False,D4b_master_data,False,False,False,0,0,0,95.84955592153871,0.6348444219329453,0.0,
1155,eco,P1,False,D4c_spc,False,True,False,0,0,0,112.84955592153871,0.5392095292235428,17.0,
1155,eco,P1,False,D4bc_process_aware,False,True,False,0,0,0,112.84955592153871,0.5392095292235428,17.0,
1155,eco,P1,False,FULL_D3+D4bc,False,True,False,0,0,0,112.84955592153871,0.5392095292235428,17.0,
1156,eco,P3,False,D0_none,False,False,False,0,0,0,98.27795491975557,0.6235167893938096,0.0,
1156,eco,P3,False,D3_safety_auth,False,False,False,0,0,0,98.27795491975557,0.6235167893938096,0.0,
1156,eco,P3,False,D4b_master_data,False,False,False,0,0,0,98.27795491975557,0.6235167893938096,0.0,
1156,eco,P3,False,D4c_spc,False,False,False,0,0,0,98.27795491975557,0.6235167893938096,0.0,
1156,eco,P3,False,D4bc_process_aware,False,False,False,0,0,0,98.27795491975557,0.6235167893938096,0.0,
1156,eco,P3,False,FULL_D3+D4bc,False,False,False,0,0,0,98.27795491975557,0.6235167893938096,0.0,
1157,eco,P3,False,D0_none,False,False,False,0,0,0,98.27795491975557,0.6235167893938096,0.0,
1157,eco,P3,False,D3_safety_auth,False,False,False,0,0,0,98.27795491975557,0.6235167893938096,0.0,
1157,eco,P3,False,D4b_master_data,False,False,False,0,0,0,98.27795491975557,0.6235167893938096,0.0,
1157,eco,P3,False,D4c_spc,False,False,False,0,0,0,98.27795491975557,0.6235167893938096,0.0,
1157,eco,P3,False,D4bc_process_aware,False,False,False,0,0,0,98.27795491975557,0.6235167893938096,0.0,
1157,eco,P3,False,FULL_D3+D4bc,False,False,False,0,0,0,98.27795491975557,0.6235167893938096,0.0,
1158,eco,P1,False,D0_none,False,False,False,0,0,0,95.84955592153871,0.6348444219329453,0.0,
1158,eco,P1,False,D3_safety_auth,False,False,False,0,0,0,95.84955592153871,0.6348444219329453,0.0,
1158,eco,P1,False,D4b_master_data,False,False,False,0,0,0,95.84955592153871,0.6348444219329453,0.0,
1158,eco,P1,False,D4c_spc,False,False,False,0,0,0,95.84955592153871,0.6348444219329453,0.0,
1158,eco,P1,False,D4bc_process_aware,False,False,False,0,0,0,95.84955592153871,0.6348444219329453,0.0,
1158,eco,P1,False,FULL_D3+D4bc,False,False,False,0,0,0,95.84955592153871,0.6348444219329453,0.0,
1159,eco,P1,False,D0_none,False,False,False,1,0,0,95.84955592153871,0.6136829412018471,0.0,
1159,eco,P1,False,D3_safety_auth,False,False,False,1,0,0,95.84955592153871,0.6136829412018471,0.0,
1159,eco,P1,False,D4b_master_data,False,False,False,1,0,0,95.84955592153871,0.6136829412018471,0.0,
1159,eco,P1,False,D4c_spc,False,True,True,1,0,0,112.8495559215387,0.5212358782494247,17.0,
1159,eco,P1,False,D4bc_process_aware,False,True,True,1,0,0,112.8495559215387,0.5212358782494247,17.0,
1159,eco,P1,False,FULL_D3+D4bc,False,True,True,1,0,0,112.8495559215387,0.5212358782494247,17.0,
1160,eco,P2,False,D0_none,False,False,False,0,0,0,73.37758040957277,0.6865527607803291,0.0,
1160,eco,P2,False,D3_safety_auth,False,False,False,0,0,0,73.37758040957277,0.6865527607803291,0.0,
1160,eco,P2,False,D4b_master_data,False,False,False,0,0,0,73.37758040957277,0.6865527607803291,0.0,
1160,eco,P2,False,D4c_spc,False,False,False,0,0,0,73.37758040957277,0.6865527607803291,0.0,
1160,eco,P2,False,D4bc_process_aware,False,False,False,0,0,0,73.37758040957277,0.6865527607803291,0.0,
1160,eco,P2,False,FULL_D3+D4bc,False,False,False,0,0,0,73.37758040957277,0.6865527607803291,0.0,
1161,eco,P2,False,D0_none,False,False,False,0,0,0,73.37758040957277,0.6865527607803291,0.0,
1161,eco,P2,False,D3_safety_auth,False,False,False,0,0,0,73.37758040957277,0.6865527607803291,0.0,
1161,eco,P2,False,D4b_master_data,False,False,False,0,0,0,73.37758040957277,0.6865527607803291,0.0,
1161,eco,P2,False,D4c_spc,False,False,False,0,0,0,73.37758040957277,0.6865527607803291,0.0,
1161,eco,P2,False,D4bc_process_aware,False,False,False,0,0,0,73.37758040957277,0.6865527607803291,0.0,
1161,eco,P2,False,FULL_D3+D4bc,False,False,False,0,0,0,73.37758040957277,0.6865527607803291,0.0,
1162,eco,P3,False,D0_none,False,False,False,0,0,0,98.27795491975557,0.6235167893938096,0.0,
1162,eco,P3,False,D3_safety_auth,False,False,False,0,0,0,98.27795491975557,0.6235167893938096,0.0,
1162,eco,P3,False,D4b_master_data,False,False,False,0,0,0,98.27795491975557,0.6235167893938096,0.0,
1162,eco,P3,False,D4c_spc,False,False,False,0,0,0,98.27795491975557,0.6235167893938096,0.0,
1162,eco,P3,False,D4bc_process_aware,False,False,False,0,0,0,98.27795491975557,0.6235167893938096,0.0,
1162,eco,P3,False,FULL_D3+D4bc,False,False,False,0,0,0,98.27795491975557,0.6235167893938096,0.0,
1163,eco,P2,False,D0_none,False,False,False,0,0,0,73.37758040957277,0.6865527607803291,0.0,
1163,eco,P2,False,D3_safety_auth,False,False,False,0,0,0,73.37758040957277,0.6865527607803291,0.0,
1163,eco,P2,False,D4b_master_data,False,False,False,0,0,0,73.37758040957277,0.6865527607803291,0.0,
1163,eco,P2,False,D4c_spc,False,False,False,0,0,0,73.37758040957277,0.6865527607803291,0.0,
1163,eco,P2,False,D4bc_process_aware,False,False,False,0,0,0,73.37758040957277,0.6865527607803291,0.0,
1163,eco,P2,False,FULL_D3+D4bc,False,False,False,0,0,0,73.37758040957277,0.6865527607803291,0.0,
1164,eco,P3,False,D0_none,False,False,False,0,0,0,98.27795491975557,0.6235167893938096,0.0,
1164,eco,P3,False,D3_safety_auth,False,False,False,0,0,0,98.27795491975557,0.6235167893938096,0.0,
1164,eco,P3,False,D4b_master_data,False,False,False,0,0,0,98.27795491975557,0.6235167893938096,0.0,
1164,eco,P3,False,D4c_spc,False,True,False,0,0,0,113.27795491975562,0.5409521646393063,17.0,
1164,eco,P3,False,D4bc_process_aware,False,True,False,0,0,0,113.27795491975562,0.5409521646393063,17.0,
1164,eco,P3,False,FULL_D3+D4bc,False,True,False,0,0,0,113.27795491975562,0.5409521646393063,17.0,
1165,eco,P1,False,D0_none,False,False,False,0,0,0,95.84955592153871,0.6348444219329453,0.0,
1165,eco,P1,False,D3_safety_auth,False,False,False,0,0,0,95.84955592153871,0.6348444219329453,0.0,
1165,eco,P1,False,D4b_master_data,False,False,False,0,0,0,95.84955592153871,0.6348444219329453,0.0,
1165,eco,P1,False,D4c_spc,False,False,False,0,0,0,95.84955592153871,0.6348444219329453,0.0,
1165,eco,P1,False,D4bc_process_aware,False,False,False,0,0,0,95.84955592153871,0.6348444219329453,0.0,
1165,eco,P1,False,FULL_D3+D4bc,False,False,False,0,0,0,95.84955592153871,0.6348444219329453,0.0,
1166,eco,P1,False,D0_none,False,False,False,0,0,0,95.84955592153871,0.6348444219329453,0.0,
1166,eco,P1,False,D3_safety_auth,False,False,False,0,0,0,95.84955592153871,0.6348444219329453,0.0,
1166,eco,P1,False,D4b_master_data,False,False,False,0,0,0,95.84955592153871,0.6348444219329453,0.0,
1166,eco,P1,False,D4c_spc,False,False,False,0,0,0,95.84955592153871,0.6348444219329453,0.0,
1166,eco,P1,False,D4bc_process_aware,False,False,False,0,0,0,95.84955592153871,0.6348444219329453,0.0,
1166,eco,P1,False,FULL_D3+D4bc,False,False,False,0,0,0,95.84955592153871,0.6348444219329453,0.0,
1167,eco,P3,False,D0_none,False,False,False,1,0,0,98.27795491975557,0.602732896414016,0.0,
1167,eco,P3,False,D3_safety_auth,False,False,False,1,0,0,98.27795491975557,0.602732896414016,0.0,
1167,eco,P3,False,D4b_master_data,False,False,False,1,0,0,98.27795491975557,0.602732896414016,0.0,
1167,eco,P3,False,D4c_spc,False,True,True,1,0,0,115.27795491975557,0.5138480853834005,17.0,
1167,eco,P3,False,D4bc_process_aware,False,True,True,1,0,0,115.27795491975557,0.5138480853834005,17.0,
1167,eco,P3,False,FULL_D3+D4bc,False,True,True,1,0,0,115.27795491975557,0.5138480853834005,17.0,
1168,eco,P3,False,D0_none,False,False,False,0,0,0,98.27795491975557,0.6235167893938096,0.0,
1168,eco,P3,False,D3_safety_auth,False,False,False,0,0,0,98.27795491975557,0.6235167893938096,0.0,
1168,eco,P3,False,D4b_master_data,False,False,False,0,0,0,98.27795491975557,0.6235167893938096,0.0,
1168,eco,P3,False,D4c_spc,False,False,False,0,0,0,98.27795491975557,0.6235167893938096,0.0,
1168,eco,P3,False,D4bc_process_aware,False,False,False,0,0,0,98.27795491975557,0.6235167893938096,0.0,
1168,eco,P3,False,FULL_D3+D4bc,False,False,False,0,0,0,98.27795491975557,0.6235167893938096,0.0,
1169,eco,P1,False,D0_none,False,False,False,0,0,0,95.84955592153871,0.6348444219329453,0.0,
1169,eco,P1,False,D3_safety_auth,False,False,False,0,0,0,95.84955592153871,0.6348444219329453,0.0,
1169,eco,P1,False,D4b_master_data,False,False,False,0,0,0,95.84955592153871,0.6348444219329453,0.0,
1169,eco,P1,False,D4c_spc,False,False,False,0,0,0,95.84955592153871,0.6348444219329453,0.0,
1169,eco,P1,False,D4bc_process_aware,False,False,False,0,0,0,95.84955592153871,0.6348444219329453,0.0,
1169,eco,P1,False,FULL_D3+D4bc,False,False,False,0,0,0,95.84955592153871,0.6348444219329453,0.0,
1170,eco,P3,False,D0_none,False,False,False,0,0,0,98.27795491975557,0.6235167893938096,0.0,
1170,eco,P3,False,D3_safety_auth,False,False,False,0,0,0,98.27795491975557,0.6235167893938096,0.0,
1170,eco,P3,False,D4b_master_data,False,False,False,0,0,0,98.27795491975557,0.6235167893938096,0.0,
1170,eco,P3,False,D4c_spc,False,False,False,0,0,0,98.27795491975557,0.6235167893938096,0.0,
1170,eco,P3,False,D4bc_process_aware,False,False,False,0,0,0,98.27795491975557,0.6235167893938096,0.0,
1170,eco,P3,False,FULL_D3+D4bc,False,False,False,0,0,0,98.27795491975557,0.6235167893938096,0.0,
1171,eco,P1,False,D0_none,False,False,False,0,0,0,95.84955592153871,0.6348444219329453,0.0,
1171,eco,P1,False,D3_safety_auth,False,False,False,0,0,0,95.84955592153871,0.6348444219329453,0.0,
1171,eco,P1,False,D4b_master_data,False,False,False,0,0,0,95.84955592153871,0.6348444219329453,0.0,
1171,eco,P1,False,D4c_spc,False,False,False,0,0,0,95.84955592153871,0.6348444219329453,0.0,
1171,eco,P1,False,D4bc_process_aware,False,False,False,0,0,0,95.84955592153871,0.6348444219329453,0.0,
1171,eco,P1,False,FULL_D3+D4bc,False,False,False,0,0,0,95.84955592153871,0.6348444219329453,0.0,
1172,eco,P2,False,D0_none,False,False,False,0,0,0,73.37758040957277,0.6865527607803291,0.0,
1172,eco,P2,False,D3_safety_auth,False,False,False,0,0,0,73.37758040957277,0.6865527607803291,0.0,
1172,eco,P2,False,D4b_master_data,False,False,False,0,0,0,73.37758040957277,0.6865527607803291,0.0,
1172,eco,P2,False,D4c_spc,False,False,False,0,0,0,73.37758040957277,0.6865527607803291,0.0,
1172,eco,P2,False,D4bc_process_aware,False,False,False,0,0,0,73.37758040957277,0.6865527607803291,0.0,
1172,eco,P2,False,FULL_D3+D4bc,False,False,False,0,0,0,73.37758040957277,0.6865527607803291,0.0,
1173,eco,P2,False,D0_none,False,False,False,0,0,0,73.37758040957277,0.6865527607803291,0.0,
1173,eco,P2,False,D3_safety_auth,False,False,False,0,0,0,73.37758040957277,0.6865527607803291,0.0,
1173,eco,P2,False,D4b_master_data,False,False,False,0,0,0,73.37758040957277,0.6865527607803291,0.0,
1173,eco,P2,False,D4c_spc,False,False,False,0,0,0,73.37758040957277,0.6865527607803291,0.0,
1173,eco,P2,False,D4bc_process_aware,False,False,False,0,0,0,73.37758040957277,0.6865527607803291,0.0,
1173,eco,P2,False,FULL_D3+D4bc,False,False,False,0,0,0,73.37758040957277,0.6865527607803291,0.0,
1174,eco,P3,False,D0_none,False,False,False,0,0,0,98.27795491975557,0.6235167893938096,0.0,
1174,eco,P3,False,D3_safety_auth,False,False,False,0,0,0,98.27795491975557,0.6235167893938096,0.0,
1174,eco,P3,False,D4b_master_data,False,False,False,0,0,0,98.27795491975557,0.6235167893938096,0.0,
1174,eco,P3,False,D4c_spc,False,False,False,0,0,0,98.27795491975557,0.6235167893938096,0.0,
1174,eco,P3,False,D4bc_process_aware,False,False,False,0,0,0,98.27795491975557,0.6235167893938096,0.0,
1174,eco,P3,False,FULL_D3+D4bc,False,False,False,0,0,0,98.27795491975557,0.6235167893938096,0.0,
1175,eco,P1,True,D0_none,False,False,False,0,0,0,95.84955592153871,0.6348444219329453,0.0,
1175,eco,P1,True,D3_safety_auth,False,False,False,0,0,0,95.84955592153871,0.6348444219329453,0.0,
1175,eco,P1,True,D4b_master_data,True,False,False,0,0,0,110.84955592153871,0.5489382020132688,15.0,program version not per master data
1175,eco,P1,True,D4c_spc,False,False,False,0,0,0,95.84955592153871,0.6348444219329453,0.0,
1175,eco,P1,True,D4bc_process_aware,True,False,False,0,0,0,110.84955592153871,0.5489382020132688,15.0,program version not per master data
1175,eco,P1,True,FULL_D3+D4bc,True,False,False,0,0,0,110.84955592153871,0.5489382020132688,15.0,program version not per master data
1176,eco,P3,False,D0_none,False,False,False,0,0,0,98.27795491975557,0.6235167893938096,0.0,
1176,eco,P3,False,D3_safety_auth,False,False,False,0,0,0,98.27795491975557,0.6235167893938096,0.0,
1176,eco,P3,False,D4b_master_data,False,False,False,0,0,0,98.27795491975557,0.6235167893938096,0.0,
1176,eco,P3,False,D4c_spc,False,False,False,0,0,0,98.27795491975557,0.6235167893938096,0.0,
1176,eco,P3,False,D4bc_process_aware,False,False,False,0,0,0,98.27795491975557,0.6235167893938096,0.0,
1176,eco,P3,False,FULL_D3+D4bc,False,False,False,0,0,0,98.27795491975557,0.6235167893938096,0.0,
1177,eco,P2,False,D0_none,False,False,False,0,0,0,73.37758040957277,0.6865527607803291,0.0,
1177,eco,P2,False,D3_safety_auth,False,False,False,0,0,0,73.37758040957277,0.6865527607803291,0.0,
1177,eco,P2,False,D4b_master_data,False,False,False,0,0,0,73.37758040957277,0.6865527607803291,0.0,
1177,eco,P2,False,D4c_spc,False,False,False,0,0,0,73.37758040957277,0.6865527607803291,0.0,
1177,eco,P2,False,D4bc_process_aware,False,False,False,0,0,0,73.37758040957277,0.6865527607803291,0.0,
1177,eco,P2,False,FULL_D3+D4bc,False,False,False,0,0,0,73.37758040957277,0.6865527607803291,0.0,
1178,eco,P1,False,D0_none,False,False,False,0,0,0,95.84955592153871,0.6348444219329453,0.0,
1178,eco,P1,False,D3_safety_auth,False,False,False,0,0,0,95.84955592153871,0.6348444219329453,0.0,
1178,eco,P1,False,D4b_master_data,False,False,False,0,0,0,95.84955592153871,0.6348444219329453,0.0,
1178,eco,P1,False,D4c_spc,False,False,False,0,0,0,95.84955592153871,0.6348444219329453,0.0,
1178,eco,P1,False,D4bc_process_aware,False,False,False,0,0,0,95.84955592153871,0.6348444219329453,0.0,
1178,eco,P1,False,FULL_D3+D4bc,False,False,False,0,0,0,95.84955592153871,0.6348444219329453,0.0,
1179,eco,P2,False,D0_none,False,False,False,0,0,0,73.37758040957277,0.6865527607803291,0.0,
1179,eco,P2,False,D3_safety_auth,False,False,False,0,0,0,73.37758040957277,0.6865527607803291,0.0,
1179,eco,P2,False,D4b_master_data,False,False,False,0,0,0,73.37758040957277,0.6865527607803291,0.0,
1179,eco,P2,False,D4c_spc,False,False,False,0,0,0,73.37758040957277,0.6865527607803291,0.0,
1179,eco,P2,False,D4bc_process_aware,False,False,False,0,0,0,73.37758040957277,0.6865527607803291,0.0,
1179,eco,P2,False,FULL_D3+D4bc,False,False,False,0,0,0,73.37758040957277,0.6865527607803291,0.0,
1180,eco,P2,False,D0_none,False,False,False,0,0,0,73.37758040957277,0.6865527607803291,0.0,
1180,eco,P2,False,D3_safety_auth,False,False,False,0,0,0,73.37758040957277,0.6865527607803291,0.0,
1180,eco,P2,False,D4b_master_data,False,False,False,0,0,0,73.37758040957277,0.6865527607803291,0.0,
1180,eco,P2,False,D4c_spc,False,False,False,0,0,0,73.37758040957277,0.6865527607803291,0.0,
1180,eco,P2,False,D4bc_process_aware,False,False,False,0,0,0,73.37758040957277,0.6865527607803291,0.0,
1180,eco,P2,False,FULL_D3+D4bc,False,False,False,0,0,0,73.37758040957277,0.6865527607803291,0.0,
1181,eco,P1,False,D0_none,False,False,False,0,0,0,95.84955592153871,0.6348444219329453,0.0,
1181,eco,P1,False,D3_safety_auth,False,False,False,0,0,0,95.84955592153871,0.6348444219329453,0.0,
1181,eco,P1,False,D4b_master_data,False,False,False,0,0,0,95.84955592153871,0.6348444219329453,0.0,
1181,eco,P1,False,D4c_spc,False,False,False,0,0,0,95.84955592153871,0.6348444219329453,0.0,
1181,eco,P1,False,D4bc_process_aware,False,False,False,0,0,0,95.84955592153871,0.6348444219329453,0.0,
1181,eco,P1,False,FULL_D3+D4bc,False,False,False,0,0,0,95.84955592153871,0.6348444219329453,0.0,
1182,eco,P3,False,D0_none,False,False,False,0,0,0,98.27795491975557,0.6235167893938096,0.0,
1182,eco,P3,False,D3_safety_auth,False,False,False,0,0,0,98.27795491975557,0.6235167893938096,0.0,
1182,eco,P3,False,D4b_master_data,False,False,False,0,0,0,98.27795491975557,0.6235167893938096,0.0,
1182,eco,P3,False,D4c_spc,False,False,False,0,0,0,98.27795491975557,0.6235167893938096,0.0,
1182,eco,P3,False,D4bc_process_aware,False,False,False,0,0,0,98.27795491975557,0.6235167893938096,0.0,
1182,eco,P3,False,FULL_D3+D4bc,False,False,False,0,0,0,98.27795491975557,0.6235167893938096,0.0,
1183,eco,P2,False,D0_none,False,False,False,0,0,0,73.37758040957277,0.6865527607803291,0.0,
1183,eco,P2,False,D3_safety_auth,False,False,False,0,0,0,73.37758040957277,0.6865527607803291,0.0,
1183,eco,P2,False,D4b_master_data,False,False,False,0,0,0,73.37758040957277,0.6865527607803291,0.0,
1183,eco,P2,False,D4c_spc,False,False,False,0,0,0,73.37758040957277,0.6865527607803291,0.0,
1183,eco,P2,False,D4bc_process_aware,False,False,False,0,0,0,73.37758040957277,0.6865527607803291,0.0,
1183,eco,P2,False,FULL_D3+D4bc,False,False,False,0,0,0,73.37758040957277,0.6865527607803291,0.0,
1184,eco,P1,False,D0_none,False,False,False,0,0,0,95.84955592153871,0.6348444219329453,0.0,
1184,eco,P1,False,D3_safety_auth,False,False,False,0,0,0,95.84955592153871,0.6348444219329453,0.0,
1184,eco,P1,False,D4b_master_data,False,False,False,0,0,0,95.84955592153871,0.6348444219329453,0.0,
1184,eco,P1,False,D4c_spc,False,False,False,0,0,0,95.84955592153871,0.6348444219329453,0.0,
1184,eco,P1,False,D4bc_process_aware,False,False,False,0,0,0,95.84955592153871,0.6348444219329453,0.0,
1184,eco,P1,False,FULL_D3+D4bc,False,False,False,0,0,0,95.84955592153871,0.6348444219329453,0.0,
1185,eco,P3,False,D0_none,False,False,False,0,0,0,98.27795491975557,0.6235167893938096,0.0,
1185,eco,P3,False,D3_safety_auth,False,False,False,0,0,0,98.27795491975557,0.6235167893938096,0.0,
1185,eco,P3,False,D4b_master_data,False,False,False,0,0,0,98.27795491975557,0.6235167893938096,0.0,
1185,eco,P3,False,D4c_spc,False,False,False,0,0,0,98.27795491975557,0.6235167893938096,0.0,
1185,eco,P3,False,D4bc_process_aware,False,False,False,0,0,0,98.27795491975557,0.6235167893938096,0.0,
1185,eco,P3,False,FULL_D3+D4bc,False,False,False,0,0,0,98.27795491975557,0.6235167893938096,0.0,
1186,eco,P2,False,D0_none,False,False,False,0,0,0,73.37758040957277,0.6865527607803291,0.0,
1186,eco,P2,False,D3_safety_auth,False,False,False,0,0,0,73.37758040957277,0.6865527607803291,0.0,
1186,eco,P2,False,D4b_master_data,False,False,False,0,0,0,73.37758040957277,0.6865527607803291,0.0,
1186,eco,P2,False,D4c_spc,False,False,False,0,0,0,73.37758040957277,0.6865527607803291,0.0,
1186,eco,P2,False,D4bc_process_aware,False,False,False,0,0,0,73.37758040957277,0.6865527607803291,0.0,
1186,eco,P2,False,FULL_D3+D4bc,False,False,False,0,0,0,73.37758040957277,0.6865527607803291,0.0,
1187,eco,P3,False,D0_none,False,False,False,0,0,0,98.27795491975557,0.6235167893938096,0.0,
1187,eco,P3,False,D3_safety_auth,False,False,False,0,0,0,98.27795491975557,0.6235167893938096,0.0,
1187,eco,P3,False,D4b_master_data,False,False,False,0,0,0,98.27795491975557,0.6235167893938096,0.0,
1187,eco,P3,False,D4c_spc,False,False,False,0,0,0,98.27795491975557,0.6235167893938096,0.0,
1187,eco,P3,False,D4bc_process_aware,False,False,False,0,0,0,98.27795491975557,0.6235167893938096,0.0,
1187,eco,P3,False,FULL_D3+D4bc,False,False,False,0,0,0,98.27795491975557,0.6235167893938096,0.0,
1188,eco,P2,True,D0_none,False,False,False,0,0,0,73.37758040957277,0.6865527607803291,0.0,
1188,eco,P2,True,D3_safety_auth,False,False,False,0,0,0,73.37758040957277,0.6865527607803291,0.0,
1188,eco,P2,True,D4b_master_data,True,False,False,0,0,0,88.37758040957277,0.5700266988087405,15.0,program version not per master data
1188,eco,P2,True,D4c_spc,False,False,False,0,0,0,73.37758040957277,0.6865527607803291,0.0,
1188,eco,P2,True,D4bc_process_aware,True,False,False,0,0,0,88.37758040957277,0.5700266988087405,15.0,program version not per master data
1188,eco,P2,True,FULL_D3+D4bc,True,False,False,0,0,0,88.37758040957277,0.5700266988087405,15.0,program version not per master data
1189,eco,P1,False,D0_none,False,False,False,0,0,0,95.84955592153871,0.6348444219329453,0.0,
1189,eco,P1,False,D3_safety_auth,False,False,False,0,0,0,95.84955592153871,0.6348444219329453,0.0,
1189,eco,P1,False,D4b_master_data,False,False,False,0,0,0,95.84955592153871,0.6348444219329453,0.0,
1189,eco,P1,False,D4c_spc,False,False,False,0,0,0,95.84955592153871,0.6348444219329453,0.0,
1189,eco,P1,False,D4bc_process_aware,False,False,False,0,0,0,95.84955592153871,0.6348444219329453,0.0,
1189,eco,P1,False,FULL_D3+D4bc,False,False,False,0,0,0,95.84955592153871,0.6348444219329453,0.0,
1190,eco,P1,False,D0_none,False,False,False,1,0,0,95.84955592153871,0.6136829412018471,0.0,
1190,eco,P1,False,D3_safety_auth,False,False,False,1,0,0,95.84955592153871,0.6136829412018471,0.0,
1190,eco,P1,False,D4b_master_data,False,False,False,1,0,0,95.84955592153871,0.6136829412018471,0.0,
1190,eco,P1,False,D4c_spc,False,True,True,1,0,0,112.84955592153871,0.5212358782494247,17.0,
1190,eco,P1,False,D4bc_process_aware,False,True,True,1,0,0,112.84955592153871,0.5212358782494247,17.0,
1190,eco,P1,False,FULL_D3+D4bc,False,True,True,1,0,0,112.84955592153871,0.5212358782494247,17.0,
1191,eco,P1,False,D0_none,False,False,False,1,0,0,95.84955592153871,0.6136829412018471,0.0,
1191,eco,P1,False,D3_safety_auth,False,False,False,1,0,0,95.84955592153871,0.6136829412018471,0.0,
1191,eco,P1,False,D4b_master_data,False,False,False,1,0,0,95.84955592153871,0.6136829412018471,0.0,
1191,eco,P1,False,D4c_spc,False,True,True,1,0,0,112.84955592153871,0.5212358782494247,17.0,
1191,eco,P1,False,D4bc_process_aware,False,True,True,1,0,0,112.84955592153871,0.5212358782494247,17.0,
1191,eco,P1,False,FULL_D3+D4bc,False,True,True,1,0,0,112.84955592153871,0.5212358782494247,17.0,
1192,eco,P3,False,D0_none,False,False,False,0,0,0,98.27795491975557,0.6235167893938096,0.0,
1192,eco,P3,False,D3_safety_auth,False,False,False,0,0,0,98.27795491975557,0.6235167893938096,0.0,
1192,eco,P3,False,D4b_master_data,False,False,False,0,0,0,98.27795491975557,0.6235167893938096,0.0,
1192,eco,P3,False,D4c_spc,False,False,False,0,0,0,98.27795491975557,0.6235167893938096,0.0,
1192,eco,P3,False,D4bc_process_aware,False,False,False,0,0,0,98.27795491975557,0.6235167893938096,0.0,
1192,eco,P3,False,FULL_D3+D4bc,False,False,False,0,0,0,98.27795491975557,0.6235167893938096,0.0,
1193,eco,P3,False,D0_none,False,False,False,0,0,0,98.27795491975557,0.6235167893938096,0.0,
1193,eco,P3,False,D3_safety_auth,False,False,False,0,0,0,98.27795491975557,0.6235167893938096,0.0,
1193,eco,P3,False,D4b_master_data,False,False,False,0,0,0,98.27795491975557,0.6235167893938096,0.0,
1193,eco,P3,False,D4c_spc,False,False,False,0,0,0,98.27795491975557,0.6235167893938096,0.0,
1193,eco,P3,False,D4bc_process_aware,False,False,False,0,0,0,98.27795491975557,0.6235167893938096,0.0,
1193,eco,P3,False,FULL_D3+D4bc,False,False,False,0,0,0,98.27795491975557,0.6235167893938096,0.0,
1194,eco,P1,True,D0_none,False,False,False,0,0,0,95.84955592153871,0.6348444219329453,0.0,
1194,eco,P1,True,D3_safety_auth,False,False,False,0,0,0,95.84955592153871,0.6348444219329453,0.0,
1194,eco,P1,True,D4b_master_data,True,False,False,0,0,0,110.84955592153871,0.5489382020132688,15.0,program version not per master data
1194,eco,P1,True,D4c_spc,False,False,False,0,0,0,95.84955592153871,0.6348444219329453,0.0,
1194,eco,P1,True,D4bc_process_aware,True,False,False,0,0,0,110.84955592153871,0.5489382020132688,15.0,program version not per master data
1194,eco,P1,True,FULL_D3+D4bc,True,False,False,0,0,0,110.84955592153871,0.5489382020132688,15.0,program version not per master data
1195,eco,P1,False,D0_none,False,False,False,0,0,0,95.84955592153871,0.6348444219329453,0.0,
1195,eco,P1,False,D3_safety_auth,False,False,False,0,0,0,95.84955592153871,0.6348444219329453,0.0,
1195,eco,P1,False,D4b_master_data,False,False,False,0,0,0,95.84955592153871,0.6348444219329453,0.0,
1195,eco,P1,False,D4c_spc,False,False,False,0,0,0,95.84955592153871,0.6348444219329453,0.0,
1195,eco,P1,False,D4bc_process_aware,False,False,False,0,0,0,95.84955592153871,0.6348444219329453,0.0,
1195,eco,P1,False,FULL_D3+D4bc,False,False,False,0,0,0,95.84955592153871,0.6348444219329453,0.0,
1196,eco,P2,False,D0_none,False,False,False,0,1,0,73.37758040957277,0.6636676687543182,0.0,
1196,eco,P2,False,D3_safety_auth,False,False,False,0,1,0,73.37758040957277,0.6636676687543182,0.0,
1196,eco,P2,False,D4b_master_data,False,False,False,0,1,0,73.37758040957277,0.6636676687543182,0.0,
1196,eco,P2,False,D4c_spc,False,True,True,0,1,0,88.37758040957277,0.5510258088484491,17.0,
1196,eco,P2,False,D4bc_process_aware,False,True,True,0,1,0,88.37758040957277,0.5510258088484491,17.0,
1196,eco,P2,False,FULL_D3+D4bc,False,True,True,0,1,0,88.37758040957277,0.5510258088484491,17.0,
1197,eco,P1,False,D0_none,False,False,False,0,0,0,95.84955592153871,0.6348444219329453,0.0,
1197,eco,P1,False,D3_safety_auth,False,False,False,0,0,0,95.84955592153871,0.6348444219329453,0.0,
1197,eco,P1,False,D4b_master_data,False,False,False,0,0,0,95.84955592153871,0.6348444219329453,0.0,
1197,eco,P1,False,D4c_spc,False,False,False,0,0,0,95.84955592153871,0.6348444219329453,0.0,
1197,eco,P1,False,D4bc_process_aware,False,False,False,0,0,0,95.84955592153871,0.6348444219329453,0.0,
1197,eco,P1,False,FULL_D3+D4bc,False,False,False,0,0,0,95.84955592153871,0.6348444219329453,0.0,
1198,eco,P3,False,D0_none,False,False,False,0,0,0,98.27795491975557,0.6235167893938096,0.0,
1198,eco,P3,False,D3_safety_auth,False,False,False,0,0,0,98.27795491975557,0.6235167893938096,0.0,
1198,eco,P3,False,D4b_master_data,False,False,False,0,0,0,98.27795491975557,0.6235167893938096,0.0,
1198,eco,P3,False,D4c_spc,False,False,False,0,0,0,98.27795491975557,0.6235167893938096,0.0,
1198,eco,P3,False,D4bc_process_aware,False,False,False,0,0,0,98.27795491975557,0.6235167893938096,0.0,
1198,eco,P3,False,FULL_D3+D4bc,False,False,False,0,0,0,98.27795491975557,0.6235167893938096,0.0,
1199,eco,P1,False,D0_none,False,False,False,0,0,0,95.84955592153871,0.6348444219329453,0.0,
1199,eco,P1,False,D3_safety_auth,False,False,False,0,0,0,95.84955592153871,0.6348444219329453,0.0,
1199,eco,P1,False,D4b_master_data,False,False,False,0,0,0,95.84955592153871,0.6348444219329453,0.0,
1199,eco,P1,False,D4c_spc,False,False,False,0,0,0,95.84955592153871,0.6348444219329453,0.0,
1199,eco,P1,False,D4bc_process_aware,False,False,False,0,0,0,95.84955592153871,0.6348444219329453,0.0,
1199,eco,P1,False,FULL_D3+D4bc,False,False,False,0,0,0,95.84955592153871,0.6348444219329453,0.0,
1200,eco,P2,False,D0_none,False,False,False,0,0,0,73.37758040957277,0.6865527607803291,0.0,
1200,eco,P2,False,D3_safety_auth,False,False,False,0,0,0,73.37758040957277,0.6865527607803291,0.0,
1200,eco,P2,False,D4b_master_data,False,False,False,0,0,0,73.37758040957277,0.6865527607803291,0.0,
1200,eco,P2,False,D4c_spc,False,False,False,0,0,0,73.37758040957277,0.6865527607803291,0.0,
1200,eco,P2,False,D4bc_process_aware,False,False,False,0,0,0,73.37758040957277,0.6865527607803291,0.0,
1200,eco,P2,False,FULL_D3+D4bc,False,False,False,0,0,0,73.37758040957277,0.6865527607803291,0.0,
1201,rush,P2,False,D0_none,False,False,False,0,0,0,66.17758040957281,0.7612484484592231,0.0,
1201,rush,P2,False,D3_safety_auth,False,False,False,0,0,0,66.17758040957281,0.7612484484592231,0.0,
1201,rush,P2,False,D4b_master_data,False,False,False,0,0,0,66.17758040957281,0.7612484484592231,0.0,
1201,rush,P2,False,D4c_spc,False,False,False,0,0,0,66.17758040957281,0.7612484484592231,0.0,
1201,rush,P2,False,D4bc_process_aware,False,False,False,0,0,0,66.17758040957281,0.7612484484592231,0.0,
1201,rush,P2,False,FULL_D3+D4bc,False,False,False,0,0,0,66.17758040957281,0.7612484484592231,0.0,
1202,rush,P3,False,D0_none,False,False,False,0,0,0,91.07795491975551,0.6728077609312227,0.0,
1202,rush,P3,False,D3_safety_auth,False,False,False,0,0,0,91.07795491975551,0.6728077609312227,0.0,
1202,rush,P3,False,D4b_master_data,False,False,False,0,0,0,91.07795491975551,0.6728077609312227,0.0,
1202,rush,P3,False,D4c_spc,False,False,False,0,0,0,91.07795491975551,0.6728077609312227,0.0,
1202,rush,P3,False,D4bc_process_aware,False,False,False,0,0,0,91.07795491975551,0.6728077609312227,0.0,
1202,rush,P3,False,FULL_D3+D4bc,False,False,False,0,0,0,91.07795491975551,0.6728077609312227,0.0,
1203,rush,P1,False,D0_none,False,False,False,0,0,0,88.64955592153876,0.686405648499751,0.0,
1203,rush,P1,False,D3_safety_auth,False,False,False,0,0,0,88.64955592153876,0.686405648499751,0.0,
1203,rush,P1,False,D4b_master_data,False,False,False,0,0,0,88.64955592153876,0.686405648499751,0.0,
1203,rush,P1,False,D4c_spc,False,False,False,0,0,0,88.64955592153876,0.686405648499751,0.0,
1203,rush,P1,False,D4bc_process_aware,False,False,False,0,0,0,88.64955592153876,0.686405648499751,0.0,
1203,rush,P1,False,FULL_D3+D4bc,False,False,False,0,0,0,88.64955592153876,0.686405648499751,0.0,
1204,rush,P2,False,D0_none,False,False,False,0,0,0,66.17758040957281,0.7612484484592231,0.0,
1204,rush,P2,False,D3_safety_auth,False,False,False,0,0,0,66.17758040957281,0.7612484484592231,0.0,
1204,rush,P2,False,D4b_master_data,False,False,False,0,0,0,66.17758040957281,0.7612484484592231,0.0,
1204,rush,P2,False,D4c_spc,False,False,False,0,0,0,66.17758040957281,0.7612484484592231,0.0,
1204,rush,P2,False,D4bc_process_aware,False,False,False,0,0,0,66.17758040957281,0.7612484484592231,0.0,
1204,rush,P2,False,FULL_D3+D4bc,False,False,False,0,0,0,66.17758040957281,0.7612484484592231,0.0,
1205,rush,P3,False,D0_none,False,False,False,0,0,0,91.07795491975551,0.6728077609312227,0.0,
1205,rush,P3,False,D3_safety_auth,False,False,False,0,0,0,91.07795491975551,0.6728077609312227,0.0,
1205,rush,P3,False,D4b_master_data,False,False,False,0,0,0,91.07795491975551,0.6728077609312227,0.0,
1205,rush,P3,False,D4c_spc,False,False,False,0,0,0,91.07795491975551,0.6728077609312227,0.0,
1205,rush,P3,False,D4bc_process_aware,False,False,False,0,0,0,91.07795491975551,0.6728077609312227,0.0,
1205,rush,P3,False,FULL_D3+D4bc,False,False,False,0,0,0,91.07795491975551,0.6728077609312227,0.0,
1206,rush,P1,False,D0_none,False,False,False,0,0,0,88.64955592153876,0.686405648499751,0.0,
1206,rush,P1,False,D3_safety_auth,False,False,False,0,0,0,88.64955592153876,0.686405648499751,0.0,
1206,rush,P1,False,D4b_master_data,False,False,False,0,0,0,88.64955592153876,0.686405648499751,0.0,
1206,rush,P1,False,D4c_spc,False,False,False,0,0,0,88.64955592153876,0.686405648499751,0.0,
1206,rush,P1,False,D4bc_process_aware,False,False,False,0,0,0,88.64955592153876,0.686405648499751,0.0,
1206,rush,P1,False,FULL_D3+D4bc,False,False,False,0,0,0,88.64955592153876,0.686405648499751,0.0,
1207,rush,P1,False,D0_none,False,False,False,0,0,0,88.64955592153876,0.686405648499751,0.0,
1207,rush,P1,False,D3_safety_auth,False,False,False,0,0,0,88.64955592153876,0.686405648499751,0.0,
1207,rush,P1,False,D4b_master_data,False,False,False,0,0,0,88.64955592153876,0.686405648499751,0.0,
1207,rush,P1,False,D4c_spc,False,True,False,0,0,0,105.64955592153876,0.575956570671523,17.0,
1207,rush,P1,False,D4bc_process_aware,False,True,False,0,0,0,105.64955592153876,0.575956570671523,17.0,
1207,rush,P1,False,FULL_D3+D4bc,False,True,False,0,0,0,105.64955592153876,0.575956570671523,17.0,
1208,rush,P3,False,D0_none,False,False,False,0,0,0,91.07795491975551,0.6728077609312227,0.0,
1208,rush,P3,False,D3_safety_auth,False,False,False,0,0,0,91.07795491975551,0.6728077609312227,0.0,
1208,rush,P3,False,D4b_master_data,False,False,False,0,0,0,91.07795491975551,0.6728077609312227,0.0,
1208,rush,P3,False,D4c_spc,False,False,False,0,0,0,91.07795491975551,0.6728077609312227,0.0,
1208,rush,P3,False,D4bc_process_aware,False,False,False,0,0,0,91.07795491975551,0.6728077609312227,0.0,
1208,rush,P3,False,FULL_D3+D4bc,False,False,False,0,0,0,91.07795491975551,0.6728077609312227,0.0,
1209,rush,P3,False,D0_none,False,False,False,0,0,0,91.07795491975551,0.6728077609312227,0.0,
1209,rush,P3,False,D3_safety_auth,False,False,False,0,0,0,91.07795491975551,0.6728077609312227,0.0,
1209,rush,P3,False,D4b_master_data,False,False,False,0,0,0,91.07795491975551,0.6728077609312227,0.0,
1209,rush,P3,False,D4c_spc,False,False,False,0,0,0,91.07795491975551,0.6728077609312227,0.0,
1209,rush,P3,False,D4bc_process_aware,False,False,False,0,0,0,91.07795491975551,0.6728077609312227,0.0,
1209,rush,P3,False,FULL_D3+D4bc,False,False,False,0,0,0,91.07795491975551,0.6728077609312227,0.0,
1210,rush,P3,False,D0_none,False,False,False,0,0,0,91.07795491975551,0.6728077609312227,0.0,
1210,rush,P3,False,D3_safety_auth,False,False,False,0,0,0,91.07795491975551,0.6728077609312227,0.0,
1210,rush,P3,False,D4b_master_data,False,False,False,0,0,0,91.07795491975551,0.6728077609312227,0.0,
1210,rush,P3,False,D4c_spc,False,True,False,0,0,0,106.07795491975551,0.5776690827619207,17.0,
1210,rush,P3,False,D4bc_process_aware,False,True,False,0,0,0,106.07795491975551,0.5776690827619207,17.0,
1210,rush,P3,False,FULL_D3+D4bc,False,True,False,0,0,0,106.07795491975551,0.5776690827619207,17.0,
1211,rush,P2,False,D0_none,False,False,False,0,0,0,66.17758040957281,0.7612484484592231,0.0,
1211,rush,P2,False,D3_safety_auth,False,False,False,0,0,0,66.17758040957281,0.7612484484592231,0.0,
1211,rush,P2,False,D4b_master_data,False,False,False,0,0,0,66.17758040957281,0.7612484484592231,0.0,
1211,rush,P2,False,D4c_spc,False,False,False,0,0,0,66.17758040957281,0.7612484484592231,0.0,
1211,rush,P2,False,D4bc_process_aware,False,False,False,0,0,0,66.17758040957281,0.7612484484592231,0.0,
1211,rush,P2,False,FULL_D3+D4bc,False,False,False,0,0,0,66.17758040957281,0.7612484484592231,0.0,
1212,rush,P2,False,D0_none,False,False,False,0,0,0,66.17758040957281,0.7612484484592231,0.0,
1212,rush,P2,False,D3_safety_auth,False,False,False,0,0,0,66.17758040957281,0.7612484484592231,0.0,
1212,rush,P2,False,D4b_master_data,False,False,False,0,0,0,66.17758040957281,0.7612484484592231,0.0,
1212,rush,P2,False,D4c_spc,False,False,False,0,0,0,66.17758040957281,0.7612484484592231,0.0,
1212,rush,P2,False,D4bc_process_aware,False,False,False,0,0,0,66.17758040957281,0.7612484484592231,0.0,
1212,rush,P2,False,FULL_D3+D4bc,False,False,False,0,0,0,66.17758040957281,0.7612484484592231,0.0,
1213,rush,P2,False,D0_none,False,False,False,0,0,0,66.17758040957281,0.7612484484592231,0.0,
1213,rush,P2,False,D3_safety_auth,False,False,False,0,0,0,66.17758040957281,0.7612484484592231,0.0,
1213,rush,P2,False,D4b_master_data,False,False,False,0,0,0,66.17758040957281,0.7612484484592231,0.0,
1213,rush,P2,False,D4c_spc,False,False,False,0,0,0,66.17758040957281,0.7612484484592231,0.0,
1213,rush,P2,False,D4bc_process_aware,False,False,False,0,0,0,66.17758040957281,0.7612484484592231,0.0,
1213,rush,P2,False,FULL_D3+D4bc,False,False,False,0,0,0,66.17758040957281,0.7612484484592231,0.0,
1214,rush,P1,False,D0_none,False,False,False,0,0,0,88.64955592153876,0.686405648499751,0.0,
1214,rush,P1,False,D3_safety_auth,False,False,False,0,0,0,88.64955592153876,0.686405648499751,0.0,
1214,rush,P1,False,D4b_master_data,False,False,False,0,0,0,88.64955592153876,0.686405648499751,0.0,
1214,rush,P1,False,D4c_spc,False,False,False,0,0,0,88.64955592153876,0.686405648499751,0.0,
1214,rush,P1,False,D4bc_process_aware,False,False,False,0,0,0,88.64955592153876,0.686405648499751,0.0,
1214,rush,P1,False,FULL_D3+D4bc,False,False,False,0,0,0,88.64955592153876,0.686405648499751,0.0,
1215,rush,P3,False,D0_none,False,False,False,0,0,0,91.07795491975551,0.6728077609312227,0.0,
1215,rush,P3,False,D3_safety_auth,False,False,False,0,0,0,91.07795491975551,0.6728077609312227,0.0,
1215,rush,P3,False,D4b_master_data,False,False,False,0,0,0,91.07795491975551,0.6728077609312227,0.0,
1215,rush,P3,False,D4c_spc,False,False,False,0,0,0,91.07795491975551,0.6728077609312227,0.0,
1215,rush,P3,False,D4bc_process_aware,False,False,False,0,0,0,91.07795491975551,0.6728077609312227,0.0,
1215,rush,P3,False,FULL_D3+D4bc,False,False,False,0,0,0,91.07795491975551,0.6728077609312227,0.0,
1216,rush,P2,False,D0_none,False,False,False,0,0,0,66.17758040957281,0.7612484484592231,0.0,
1216,rush,P2,False,D3_safety_auth,False,False,False,0,0,0,66.17758040957281,0.7612484484592231,0.0,
1216,rush,P2,False,D4b_master_data,False,False,False,0,0,0,66.17758040957281,0.7612484484592231,0.0,
1216,rush,P2,False,D4c_spc,False,False,False,0,0,0,66.17758040957281,0.7612484484592231,0.0,
1216,rush,P2,False,D4bc_process_aware,False,False,False,0,0,0,66.17758040957281,0.7612484484592231,0.0,
1216,rush,P2,False,FULL_D3+D4bc,False,False,False,0,0,0,66.17758040957281,0.7612484484592231,0.0,
1217,rush,P1,False,D0_none,False,False,False,0,0,0,88.64955592153876,0.686405648499751,0.0,
1217,rush,P1,False,D3_safety_auth,False,False,False,0,0,0,88.64955592153876,0.686405648499751,0.0,
1217,rush,P1,False,D4b_master_data,False,False,False,0,0,0,88.64955592153876,0.686405648499751,0.0,
1217,rush,P1,False,D4c_spc,False,False,False,0,0,0,88.64955592153876,0.686405648499751,0.0,
1217,rush,P1,False,D4bc_process_aware,False,False,False,0,0,0,88.64955592153876,0.686405648499751,0.0,
1217,rush,P1,False,FULL_D3+D4bc,False,False,False,0,0,0,88.64955592153876,0.686405648499751,0.0,
1218,rush,P2,False,D0_none,False,False,False,0,0,0,66.17758040957281,0.7612484484592231,0.0,
1218,rush,P2,False,D3_safety_auth,False,False,False,0,0,0,66.17758040957281,0.7612484484592231,0.0,
1218,rush,P2,False,D4b_master_data,False,False,False,0,0,0,66.17758040957281,0.7612484484592231,0.0,
1218,rush,P2,False,D4c_spc,False,False,False,0,0,0,66.17758040957281,0.7612484484592231,0.0,
1218,rush,P2,False,D4bc_process_aware,False,False,False,0,0,0,66.17758040957281,0.7612484484592231,0.0,
1218,rush,P2,False,FULL_D3+D4bc,False,False,False,0,0,0,66.17758040957281,0.7612484484592231,0.0,
1219,rush,P3,False,D0_none,False,False,False,0,0,0,91.07795491975551,0.6728077609312227,0.0,
1219,rush,P3,False,D3_safety_auth,False,False,False,0,0,0,91.07795491975551,0.6728077609312227,0.0,
1219,rush,P3,False,D4b_master_data,False,False,False,0,0,0,91.07795491975551,0.6728077609312227,0.0,
1219,rush,P3,False,D4c_spc,False,False,False,0,0,0,91.07795491975551,0.6728077609312227,0.0,
1219,rush,P3,False,D4bc_process_aware,False,False,False,0,0,0,91.07795491975551,0.6728077609312227,0.0,
1219,rush,P3,False,FULL_D3+D4bc,False,False,False,0,0,0,91.07795491975551,0.6728077609312227,0.0,
1220,rush,P3,False,D0_none,False,False,False,0,0,0,91.07795491975551,0.6728077609312227,0.0,
1220,rush,P3,False,D3_safety_auth,False,False,False,0,0,0,91.07795491975551,0.6728077609312227,0.0,
1220,rush,P3,False,D4b_master_data,False,False,False,0,0,0,91.07795491975551,0.6728077609312227,0.0,
1220,rush,P3,False,D4c_spc,False,False,False,0,0,0,91.07795491975551,0.6728077609312227,0.0,
1220,rush,P3,False,D4bc_process_aware,False,False,False,0,0,0,91.07795491975551,0.6728077609312227,0.0,
1220,rush,P3,False,FULL_D3+D4bc,False,False,False,0,0,0,91.07795491975551,0.6728077609312227,0.0,
1221,rush,P2,False,D0_none,False,False,False,0,0,0,66.17758040957281,0.7612484484592231,0.0,
1221,rush,P2,False,D3_safety_auth,False,False,False,0,0,0,66.17758040957281,0.7612484484592231,0.0,
1221,rush,P2,False,D4b_master_data,False,False,False,0,0,0,66.17758040957281,0.7612484484592231,0.0,
1221,rush,P2,False,D4c_spc,False,False,False,0,0,0,66.17758040957281,0.7612484484592231,0.0,
1221,rush,P2,False,D4bc_process_aware,False,False,False,0,0,0,66.17758040957281,0.7612484484592231,0.0,
1221,rush,P2,False,FULL_D3+D4bc,False,False,False,0,0,0,66.17758040957281,0.7612484484592231,0.0,
1222,rush,P2,False,D0_none,False,False,False,0,0,0,66.17758040957281,0.7612484484592231,0.0,
1222,rush,P2,False,D3_safety_auth,False,False,False,0,0,0,66.17758040957281,0.7612484484592231,0.0,
1222,rush,P2,False,D4b_master_data,False,False,False,0,0,0,66.17758040957281,0.7612484484592231,0.0,
1222,rush,P2,False,D4c_spc,False,False,False,0,0,0,66.17758040957281,0.7612484484592231,0.0,
1222,rush,P2,False,D4bc_process_aware,False,False,False,0,0,0,66.17758040957281,0.7612484484592231,0.0,
1222,rush,P2,False,FULL_D3+D4bc,False,False,False,0,0,0,66.17758040957281,0.7612484484592231,0.0,
1223,rush,P2,False,D0_none,False,False,False,0,0,0,66.17758040957281,0.7612484484592231,0.0,
1223,rush,P2,False,D3_safety_auth,False,False,False,0,0,0,66.17758040957281,0.7612484484592231,0.0,
1223,rush,P2,False,D4b_master_data,False,False,False,0,0,0,66.17758040957281,0.7612484484592231,0.0,
1223,rush,P2,False,D4c_spc,False,False,False,0,0,0,66.17758040957281,0.7612484484592231,0.0,
1223,rush,P2,False,D4bc_process_aware,False,False,False,0,0,0,66.17758040957281,0.7612484484592231,0.0,
1223,rush,P2,False,FULL_D3+D4bc,False,False,False,0,0,0,66.17758040957281,0.7612484484592231,0.0,
1224,rush,P2,False,D0_none,False,False,False,0,0,0,66.17758040957281,0.7612484484592231,0.0,
1224,rush,P2,False,D3_safety_auth,False,False,False,0,0,0,66.17758040957281,0.7612484484592231,0.0,
1224,rush,P2,False,D4b_master_data,False,False,False,0,0,0,66.17758040957281,0.7612484484592231,0.0,
1224,rush,P2,False,D4c_spc,False,False,False,0,0,0,66.17758040957281,0.7612484484592231,0.0,
1224,rush,P2,False,D4bc_process_aware,False,False,False,0,0,0,66.17758040957281,0.7612484484592231,0.0,
1224,rush,P2,False,FULL_D3+D4bc,False,False,False,0,0,0,66.17758040957281,0.7612484484592231,0.0,
1225,rush,P1,False,D0_none,False,False,False,0,0,0,88.64955592153876,0.686405648499751,0.0,
1225,rush,P1,False,D3_safety_auth,False,False,False,0,0,0,88.64955592153876,0.686405648499751,0.0,
1225,rush,P1,False,D4b_master_data,False,False,False,0,0,0,88.64955592153876,0.686405648499751,0.0,
1225,rush,P1,False,D4c_spc,False,False,False,0,0,0,88.64955592153876,0.686405648499751,0.0,
1225,rush,P1,False,D4bc_process_aware,False,False,False,0,0,0,88.64955592153876,0.686405648499751,0.0,
1225,rush,P1,False,FULL_D3+D4bc,False,False,False,0,0,0,88.64955592153876,0.686405648499751,0.0,
1226,rush,P2,False,D0_none,False,False,False,0,0,0,66.17758040957281,0.7612484484592231,0.0,
1226,rush,P2,False,D3_safety_auth,False,False,False,0,0,0,66.17758040957281,0.7612484484592231,0.0,
1226,rush,P2,False,D4b_master_data,False,False,False,0,0,0,66.17758040957281,0.7612484484592231,0.0,
1226,rush,P2,False,D4c_spc,False,False,False,0,0,0,66.17758040957281,0.7612484484592231,0.0,
1226,rush,P2,False,D4bc_process_aware,False,False,False,0,0,0,66.17758040957281,0.7612484484592231,0.0,
1226,rush,P2,False,FULL_D3+D4bc,False,False,False,0,0,0,66.17758040957281,0.7612484484592231,0.0,
1227,rush,P1,False,D0_none,False,False,False,1,0,0,88.64955592153876,0.663525460216426,0.0,
1227,rush,P1,False,D3_safety_auth,False,False,False,1,0,0,88.64955592153876,0.663525460216426,0.0,
1227,rush,P1,False,D4b_master_data,False,False,False,1,0,0,88.64955592153876,0.663525460216426,0.0,
1227,rush,P1,False,D4c_spc,False,True,True,1,0,0,105.64955592153876,0.5567580183158055,17.0,
1227,rush,P1,False,D4bc_process_aware,False,True,True,1,0,0,105.64955592153876,0.5567580183158055,17.0,
1227,rush,P1,False,FULL_D3+D4bc,False,True,True,1,0,0,105.64955592153876,0.5567580183158055,17.0,
1228,rush,P3,False,D0_none,False,False,False,0,0,0,91.07795491975551,0.6728077609312227,0.0,
1228,rush,P3,False,D3_safety_auth,False,False,False,0,0,0,91.07795491975551,0.6728077609312227,0.0,
1228,rush,P3,False,D4b_master_data,False,False,False,0,0,0,91.07795491975551,0.6728077609312227,0.0,
1228,rush,P3,False,D4c_spc,False,False,False,0,0,0,91.07795491975551,0.6728077609312227,0.0,
1228,rush,P3,False,D4bc_process_aware,False,False,False,0,0,0,91.07795491975551,0.6728077609312227,0.0,
1228,rush,P3,False,FULL_D3+D4bc,False,False,False,0,0,0,91.07795491975551,0.6728077609312227,0.0,
1229,rush,P3,False,D0_none,False,False,False,0,0,0,91.07795491975551,0.6728077609312227,0.0,
1229,rush,P3,False,D3_safety_auth,False,False,False,0,0,0,91.07795491975551,0.6728077609312227,0.0,
1229,rush,P3,False,D4b_master_data,False,False,False,0,0,0,91.07795491975551,0.6728077609312227,0.0,
1229,rush,P3,False,D4c_spc,False,False,False,0,0,0,91.07795491975551,0.6728077609312227,0.0,
1229,rush,P3,False,D4bc_process_aware,False,False,False,0,0,0,91.07795491975551,0.6728077609312227,0.0,
1229,rush,P3,False,FULL_D3+D4bc,False,False,False,0,0,0,91.07795491975551,0.6728077609312227,0.0,
1230,rush,P3,False,D0_none,False,False,False,0,0,0,91.07795491975551,0.6728077609312227,0.0,
1230,rush,P3,False,D3_safety_auth,False,False,False,0,0,0,91.07795491975551,0.6728077609312227,0.0,
1230,rush,P3,False,D4b_master_data,False,False,False,0,0,0,91.07795491975551,0.6728077609312227,0.0,
1230,rush,P3,False,D4c_spc,False,False,False,0,0,0,91.07795491975551,0.6728077609312227,0.0,
1230,rush,P3,False,D4bc_process_aware,False,False,False,0,0,0,91.07795491975551,0.6728077609312227,0.0,
1230,rush,P3,False,FULL_D3+D4bc,False,False,False,0,0,0,91.07795491975551,0.6728077609312227,0.0,
1231,rush,P1,False,D0_none,False,False,False,1,0,0,88.64955592153876,0.663525460216426,0.0,
1231,rush,P1,False,D3_safety_auth,False,False,False,1,0,0,88.64955592153876,0.663525460216426,0.0,
1231,rush,P1,False,D4b_master_data,False,False,False,1,0,0,88.64955592153876,0.663525460216426,0.0,
1231,rush,P1,False,D4c_spc,False,True,True,1,0,0,105.64955592153876,0.5567580183158055,17.0,
1231,rush,P1,False,D4bc_process_aware,False,True,True,1,0,0,105.64955592153876,0.5567580183158055,17.0,
1231,rush,P1,False,FULL_D3+D4bc,False,True,True,1,0,0,105.64955592153876,0.5567580183158055,17.0,
1232,rush,P1,False,D0_none,False,False,False,0,0,0,88.64955592153876,0.686405648499751,0.0,
1232,rush,P1,False,D3_safety_auth,False,False,False,0,0,0,88.64955592153876,0.686405648499751,0.0,
1232,rush,P1,False,D4b_master_data,False,False,False,0,0,0,88.64955592153876,0.686405648499751,0.0,
1232,rush,P1,False,D4c_spc,False,False,False,0,0,0,88.64955592153876,0.686405648499751,0.0,
1232,rush,P1,False,D4bc_process_aware,False,False,False,0,0,0,88.64955592153876,0.686405648499751,0.0,
1232,rush,P1,False,FULL_D3+D4bc,False,False,False,0,0,0,88.64955592153876,0.686405648499751,0.0,
1233,rush,P3,False,D0_none,False,False,False,0,0,0,91.07795491975551,0.6728077609312227,0.0,
1233,rush,P3,False,D3_safety_auth,False,False,False,0,0,0,91.07795491975551,0.6728077609312227,0.0,
1233,rush,P3,False,D4b_master_data,False,False,False,0,0,0,91.07795491975551,0.6728077609312227,0.0,
1233,rush,P3,False,D4c_spc,False,False,False,0,0,0,91.07795491975551,0.6728077609312227,0.0,
1233,rush,P3,False,D4bc_process_aware,False,False,False,0,0,0,91.07795491975551,0.6728077609312227,0.0,
1233,rush,P3,False,FULL_D3+D4bc,False,False,False,0,0,0,91.07795491975551,0.6728077609312227,0.0,
1234,rush,P3,False,D0_none,False,False,False,0,0,0,91.07795491975551,0.6728077609312227,0.0,
1234,rush,P3,False,D3_safety_auth,False,False,False,0,0,0,91.07795491975551,0.6728077609312227,0.0,
1234,rush,P3,False,D4b_master_data,False,False,False,0,0,0,91.07795491975551,0.6728077609312227,0.0,
1234,rush,P3,False,D4c_spc,False,False,False,0,0,0,91.07795491975551,0.6728077609312227,0.0,
1234,rush,P3,False,D4bc_process_aware,False,False,False,0,0,0,91.07795491975551,0.6728077609312227,0.0,
1234,rush,P3,False,FULL_D3+D4bc,False,False,False,0,0,0,91.07795491975551,0.6728077609312227,0.0,
1235,rush,P1,False,D0_none,False,False,False,0,0,0,88.64955592153876,0.686405648499751,0.0,
1235,rush,P1,False,D3_safety_auth,False,False,False,0,0,0,88.64955592153876,0.686405648499751,0.0,
1235,rush,P1,False,D4b_master_data,False,False,False,0,0,0,88.64955592153876,0.686405648499751,0.0,
1235,rush,P1,False,D4c_spc,False,False,False,0,0,0,88.64955592153876,0.686405648499751,0.0,
1235,rush,P1,False,D4bc_process_aware,False,False,False,0,0,0,88.64955592153876,0.686405648499751,0.0,
1235,rush,P1,False,FULL_D3+D4bc,False,False,False,0,0,0,88.64955592153876,0.686405648499751,0.0,
1236,rush,P3,False,D0_none,False,False,False,0,0,0,91.07795491975551,0.6728077609312227,0.0,
1236,rush,P3,False,D3_safety_auth,False,False,False,0,0,0,91.07795491975551,0.6728077609312227,0.0,
1236,rush,P3,False,D4b_master_data,False,False,False,0,0,0,91.07795491975551,0.6728077609312227,0.0,
1236,rush,P3,False,D4c_spc,False,False,False,0,0,0,91.07795491975551,0.6728077609312227,0.0,
1236,rush,P3,False,D4bc_process_aware,False,False,False,0,0,0,91.07795491975551,0.6728077609312227,0.0,
1236,rush,P3,False,FULL_D3+D4bc,False,False,False,0,0,0,91.07795491975551,0.6728077609312227,0.0,
1237,rush,P2,False,D0_none,False,False,False,0,0,0,66.17758040957281,0.7612484484592231,0.0,
1237,rush,P2,False,D3_safety_auth,False,False,False,0,0,0,66.17758040957281,0.7612484484592231,0.0,
1237,rush,P2,False,D4b_master_data,False,False,False,0,0,0,66.17758040957281,0.7612484484592231,0.0,
1237,rush,P2,False,D4c_spc,False,False,False,0,0,0,66.17758040957281,0.7612484484592231,0.0,
1237,rush,P2,False,D4bc_process_aware,False,False,False,0,0,0,66.17758040957281,0.7612484484592231,0.0,
1237,rush,P2,False,FULL_D3+D4bc,False,False,False,0,0,0,66.17758040957281,0.7612484484592231,0.0,
1238,rush,P2,False,D0_none,False,False,False,0,0,0,66.17758040957281,0.7612484484592231,0.0,
1238,rush,P2,False,D3_safety_auth,False,False,False,0,0,0,66.17758040957281,0.7612484484592231,0.0,
1238,rush,P2,False,D4b_master_data,False,False,False,0,0,0,66.17758040957281,0.7612484484592231,0.0,
1238,rush,P2,False,D4c_spc,False,False,False,0,0,0,66.17758040957281,0.7612484484592231,0.0,
1238,rush,P2,False,D4bc_process_aware,False,False,False,0,0,0,66.17758040957281,0.7612484484592231,0.0,
1238,rush,P2,False,FULL_D3+D4bc,False,False,False,0,0,0,66.17758040957281,0.7612484484592231,0.0,
1239,rush,P1,False,D0_none,False,False,False,0,0,0,88.64955592153876,0.686405648499751,0.0,
1239,rush,P1,False,D3_safety_auth,False,False,False,0,0,0,88.64955592153876,0.686405648499751,0.0,
1239,rush,P1,False,D4b_master_data,False,False,False,0,0,0,88.64955592153876,0.686405648499751,0.0,
1239,rush,P1,False,D4c_spc,False,False,False,0,0,0,88.64955592153876,0.686405648499751,0.0,
1239,rush,P1,False,D4bc_process_aware,False,False,False,0,0,0,88.64955592153876,0.686405648499751,0.0,
1239,rush,P1,False,FULL_D3+D4bc,False,False,False,0,0,0,88.64955592153876,0.686405648499751,0.0,
1240,rush,P1,False,D0_none,False,False,False,0,0,0,88.64955592153876,0.686405648499751,0.0,
1240,rush,P1,False,D3_safety_auth,False,False,False,0,0,0,88.64955592153876,0.686405648499751,0.0,
1240,rush,P1,False,D4b_master_data,False,False,False,0,0,0,88.64955592153876,0.686405648499751,0.0,
1240,rush,P1,False,D4c_spc,False,True,False,0,0,0,105.64955592153876,0.575956570671523,17.0,
1240,rush,P1,False,D4bc_process_aware,False,True,False,0,0,0,105.64955592153876,0.575956570671523,17.0,
1240,rush,P1,False,FULL_D3+D4bc,False,True,False,0,0,0,105.64955592153876,0.575956570671523,17.0,
1241,rush,P1,False,D0_none,False,False,False,0,0,0,88.64955592153876,0.686405648499751,0.0,
1241,rush,P1,False,D3_safety_auth,False,False,False,0,0,0,88.64955592153876,0.686405648499751,0.0,
1241,rush,P1,False,D4b_master_data,False,False,False,0,0,0,88.64955592153876,0.686405648499751,0.0,
1241,rush,P1,False,D4c_spc,False,False,False,0,0,0,88.64955592153876,0.686405648499751,0.0,
1241,rush,P1,False,D4bc_process_aware,False,False,False,0,0,0,88.64955592153876,0.686405648499751,0.0,
1241,rush,P1,False,FULL_D3+D4bc,False,False,False,0,0,0,88.64955592153876,0.686405648499751,0.0,
1242,rush,P1,False,D0_none,False,False,False,0,0,0,88.64955592153876,0.686405648499751,0.0,
1242,rush,P1,False,D3_safety_auth,False,False,False,0,0,0,88.64955592153876,0.686405648499751,0.0,
1242,rush,P1,False,D4b_master_data,False,False,False,0,0,0,88.64955592153876,0.686405648499751,0.0,
1242,rush,P1,False,D4c_spc,False,False,False,0,0,0,88.64955592153876,0.686405648499751,0.0,
1242,rush,P1,False,D4bc_process_aware,False,False,False,0,0,0,88.64955592153876,0.686405648499751,0.0,
1242,rush,P1,False,FULL_D3+D4bc,False,False,False,0,0,0,88.64955592153876,0.686405648499751,0.0,
1243,rush,P1,False,D0_none,False,False,False,0,0,0,88.64955592153876,0.686405648499751,0.0,
1243,rush,P1,False,D3_safety_auth,False,False,False,0,0,0,88.64955592153876,0.686405648499751,0.0,
1243,rush,P1,False,D4b_master_data,False,False,False,0,0,0,88.64955592153876,0.686405648499751,0.0,
1243,rush,P1,False,D4c_spc,False,True,False,0,0,0,105.64955592153876,0.575956570671523,17.0,
1243,rush,P1,False,D4bc_process_aware,False,True,False,0,0,0,105.64955592153876,0.575956570671523,17.0,
1243,rush,P1,False,FULL_D3+D4bc,False,True,False,0,0,0,105.64955592153876,0.575956570671523,17.0,
1244,rush,P2,False,D0_none,False,False,False,0,0,0,66.17758040957281,0.7612484484592231,0.0,
1244,rush,P2,False,D3_safety_auth,False,False,False,0,0,0,66.17758040957281,0.7612484484592231,0.0,
1244,rush,P2,False,D4b_master_data,False,False,False,0,0,0,66.17758040957281,0.7612484484592231,0.0,
1244,rush,P2,False,D4c_spc,False,False,False,0,0,0,66.17758040957281,0.7612484484592231,0.0,
1244,rush,P2,False,D4bc_process_aware,False,False,False,0,0,0,66.17758040957281,0.7612484484592231,0.0,
1244,rush,P2,False,FULL_D3+D4bc,False,False,False,0,0,0,66.17758040957281,0.7612484484592231,0.0,
1245,rush,P2,False,D0_none,False,False,False,0,0,0,66.17758040957281,0.7612484484592231,0.0,
1245,rush,P2,False,D3_safety_auth,False,False,False,0,0,0,66.17758040957281,0.7612484484592231,0.0,
1245,rush,P2,False,D4b_master_data,False,False,False,0,0,0,66.17758040957281,0.7612484484592231,0.0,
1245,rush,P2,False,D4c_spc,False,False,False,0,0,0,66.17758040957281,0.7612484484592231,0.0,
1245,rush,P2,False,D4bc_process_aware,False,False,False,0,0,0,66.17758040957281,0.7612484484592231,0.0,
1245,rush,P2,False,FULL_D3+D4bc,False,False,False,0,0,0,66.17758040957281,0.7612484484592231,0.0,
1246,rush,P1,False,D0_none,False,False,False,0,0,0,88.64955592153876,0.686405648499751,0.0,
1246,rush,P1,False,D3_safety_auth,False,False,False,0,0,0,88.64955592153876,0.686405648499751,0.0,
1246,rush,P1,False,D4b_master_data,False,False,False,0,0,0,88.64955592153876,0.686405648499751,0.0,
1246,rush,P1,False,D4c_spc,False,False,False,0,0,0,88.64955592153876,0.686405648499751,0.0,
1246,rush,P1,False,D4bc_process_aware,False,False,False,0,0,0,88.64955592153876,0.686405648499751,0.0,
1246,rush,P1,False,FULL_D3+D4bc,False,False,False,0,0,0,88.64955592153876,0.686405648499751,0.0,
1247,rush,P1,False,D0_none,False,False,False,0,0,0,88.64955592153876,0.686405648499751,0.0,
1247,rush,P1,False,D3_safety_auth,False,False,False,0,0,0,88.64955592153876,0.686405648499751,0.0,
1247,rush,P1,False,D4b_master_data,False,False,False,0,0,0,88.64955592153876,0.686405648499751,0.0,
1247,rush,P1,False,D4c_spc,False,False,False,0,0,0,88.64955592153876,0.686405648499751,0.0,
1247,rush,P1,False,D4bc_process_aware,False,False,False,0,0,0,88.64955592153876,0.686405648499751,0.0,
1247,rush,P1,False,FULL_D3+D4bc,False,False,False,0,0,0,88.64955592153876,0.686405648499751,0.0,
1248,rush,P2,False,D0_none,False,False,False,0,0,0,66.17758040957281,0.7612484484592231,0.0,
1248,rush,P2,False,D3_safety_auth,False,False,False,0,0,0,66.17758040957281,0.7612484484592231,0.0,
1248,rush,P2,False,D4b_master_data,False,False,False,0,0,0,66.17758040957281,0.7612484484592231,0.0,
1248,rush,P2,False,D4c_spc,False,False,False,0,0,0,66.17758040957281,0.7612484484592231,0.0,
1248,rush,P2,False,D4bc_process_aware,False,False,False,0,0,0,66.17758040957281,0.7612484484592231,0.0,
1248,rush,P2,False,FULL_D3+D4bc,False,False,False,0,0,0,66.17758040957281,0.7612484484592231,0.0,
1249,rush,P1,False,D0_none,False,False,False,0,0,0,88.64955592153876,0.686405648499751,0.0,
1249,rush,P1,False,D3_safety_auth,False,False,False,0,0,0,88.64955592153876,0.686405648499751,0.0,
1249,rush,P1,False,D4b_master_data,False,False,False,0,0,0,88.64955592153876,0.686405648499751,0.0,
1249,rush,P1,False,D4c_spc,False,False,False,0,0,0,88.64955592153876,0.686405648499751,0.0,
1249,rush,P1,False,D4bc_process_aware,False,False,False,0,0,0,88.64955592153876,0.686405648499751,0.0,
1249,rush,P1,False,FULL_D3+D4bc,False,False,False,0,0,0,88.64955592153876,0.686405648499751,0.0,
1250,rush,P2,False,D0_none,False,False,False,0,0,0,66.17758040957281,0.7612484484592231,0.0,
1250,rush,P2,False,D3_safety_auth,False,False,False,0,0,0,66.17758040957281,0.7612484484592231,0.0,
1250,rush,P2,False,D4b_master_data,False,False,False,0,0,0,66.17758040957281,0.7612484484592231,0.0,
1250,rush,P2,False,D4c_spc,False,False,False,0,0,0,66.17758040957281,0.7612484484592231,0.0,
1250,rush,P2,False,D4bc_process_aware,False,False,False,0,0,0,66.17758040957281,0.7612484484592231,0.0,
1250,rush,P2,False,FULL_D3+D4bc,False,False,False,0,0,0,66.17758040957281,0.7612484484592231,0.0,
1251,rush,P2,False,D0_none,False,False,False,0,0,0,66.17758040957281,0.7612484484592231,0.0,
1251,rush,P2,False,D3_safety_auth,False,False,False,0,0,0,66.17758040957281,0.7612484484592231,0.0,
1251,rush,P2,False,D4b_master_data,False,False,False,0,0,0,66.17758040957281,0.7612484484592231,0.0,
1251,rush,P2,False,D4c_spc,False,False,False,0,0,0,66.17758040957281,0.7612484484592231,0.0,
1251,rush,P2,False,D4bc_process_aware,False,False,False,0,0,0,66.17758040957281,0.7612484484592231,0.0,
1251,rush,P2,False,FULL_D3+D4bc,False,False,False,0,0,0,66.17758040957281,0.7612484484592231,0.0,
1252,rush,P2,True,D0_none,False,False,False,0,0,0,66.17758040957281,0.7612484484592231,0.0,
1252,rush,P2,True,D3_safety_auth,False,False,False,0,0,0,66.17758040957281,0.7612484484592231,0.0,
1252,rush,P2,True,D4b_master_data,True,False,False,0,0,0,81.17758040957281,0.6205848973989873,15.0,inspection sampling not per master data
1252,rush,P2,True,D4c_spc,False,False,False,0,0,0,66.17758040957281,0.7612484484592231,0.0,
1252,rush,P2,True,D4bc_process_aware,True,False,False,0,0,0,81.17758040957281,0.6205848973989873,15.0,inspection sampling not per master data
1252,rush,P2,True,FULL_D3+D4bc,True,False,False,0,0,0,81.17758040957281,0.6205848973989873,15.0,inspection sampling not per master data
1253,rush,P1,False,D0_none,False,False,False,0,0,0,88.64955592153876,0.686405648499751,0.0,
1253,rush,P1,False,D3_safety_auth,False,False,False,0,0,0,88.64955592153876,0.686405648499751,0.0,
1253,rush,P1,False,D4b_master_data,False,False,False,0,0,0,88.64955592153876,0.686405648499751,0.0,
1253,rush,P1,False,D4c_spc,False,False,False,0,0,0,88.64955592153876,0.686405648499751,0.0,
1253,rush,P1,False,D4bc_process_aware,False,False,False,0,0,0,88.64955592153876,0.686405648499751,0.0,
1253,rush,P1,False,FULL_D3+D4bc,False,False,False,0,0,0,88.64955592153876,0.686405648499751,0.0,
1254,rush,P2,False,D0_none,False,False,False,0,0,0,66.17758040957281,0.7612484484592231,0.0,
1254,rush,P2,False,D3_safety_auth,False,False,False,0,0,0,66.17758040957281,0.7612484484592231,0.0,
1254,rush,P2,False,D4b_master_data,False,False,False,0,0,0,66.17758040957281,0.7612484484592231,0.0,
1254,rush,P2,False,D4c_spc,False,False,False,0,0,0,66.17758040957281,0.7612484484592231,0.0,
1254,rush,P2,False,D4bc_process_aware,False,False,False,0,0,0,66.17758040957281,0.7612484484592231,0.0,
1254,rush,P2,False,FULL_D3+D4bc,False,False,False,0,0,0,66.17758040957281,0.7612484484592231,0.0,
1255,rush,P2,False,D0_none,False,False,False,0,0,0,66.17758040957281,0.7612484484592231,0.0,
1255,rush,P2,False,D3_safety_auth,False,False,False,0,0,0,66.17758040957281,0.7612484484592231,0.0,
1255,rush,P2,False,D4b_master_data,False,False,False,0,0,0,66.17758040957281,0.7612484484592231,0.0,
1255,rush,P2,False,D4c_spc,False,False,False,0,0,0,66.17758040957281,0.7612484484592231,0.0,
1255,rush,P2,False,D4bc_process_aware,False,False,False,0,0,0,66.17758040957281,0.7612484484592231,0.0,
1255,rush,P2,False,FULL_D3+D4bc,False,False,False,0,0,0,66.17758040957281,0.7612484484592231,0.0,
1256,rush,P1,False,D0_none,False,False,False,0,0,0,88.64955592153876,0.686405648499751,0.0,
1256,rush,P1,False,D3_safety_auth,False,False,False,0,0,0,88.64955592153876,0.686405648499751,0.0,
1256,rush,P1,False,D4b_master_data,False,False,False,0,0,0,88.64955592153876,0.686405648499751,0.0,
1256,rush,P1,False,D4c_spc,False,False,False,0,0,0,88.64955592153876,0.686405648499751,0.0,
1256,rush,P1,False,D4bc_process_aware,False,False,False,0,0,0,88.64955592153876,0.686405648499751,0.0,
1256,rush,P1,False,FULL_D3+D4bc,False,False,False,0,0,0,88.64955592153876,0.686405648499751,0.0,
1257,rush,P2,False,D0_none,False,False,False,0,0,0,66.17758040957281,0.7612484484592231,0.0,
1257,rush,P2,False,D3_safety_auth,False,False,False,0,0,0,66.17758040957281,0.7612484484592231,0.0,
1257,rush,P2,False,D4b_master_data,False,False,False,0,0,0,66.17758040957281,0.7612484484592231,0.0,
1257,rush,P2,False,D4c_spc,False,False,False,0,0,0,66.17758040957281,0.7612484484592231,0.0,
1257,rush,P2,False,D4bc_process_aware,False,False,False,0,0,0,66.17758040957281,0.7612484484592231,0.0,
1257,rush,P2,False,FULL_D3+D4bc,False,False,False,0,0,0,66.17758040957281,0.7612484484592231,0.0,
1258,rush,P2,False,D0_none,False,False,False,0,0,0,66.17758040957281,0.7612484484592231,0.0,
1258,rush,P2,False,D3_safety_auth,False,False,False,0,0,0,66.17758040957281,0.7612484484592231,0.0,
1258,rush,P2,False,D4b_master_data,False,False,False,0,0,0,66.17758040957281,0.7612484484592231,0.0,
1258,rush,P2,False,D4c_spc,False,False,False,0,0,0,66.17758040957281,0.7612484484592231,0.0,
1258,rush,P2,False,D4bc_process_aware,False,False,False,0,0,0,66.17758040957281,0.7612484484592231,0.0,
1258,rush,P2,False,FULL_D3+D4bc,False,False,False,0,0,0,66.17758040957281,0.7612484484592231,0.0,
1259,rush,P1,False,D0_none,False,False,False,0,0,0,88.64955592153876,0.686405648499751,0.0,
1259,rush,P1,False,D3_safety_auth,False,False,False,0,0,0,88.64955592153876,0.686405648499751,0.0,
1259,rush,P1,False,D4b_master_data,False,False,False,0,0,0,88.64955592153876,0.686405648499751,0.0,
1259,rush,P1,False,D4c_spc,False,False,False,0,0,0,88.64955592153876,0.686405648499751,0.0,
1259,rush,P1,False,D4bc_process_aware,False,False,False,0,0,0,88.64955592153876,0.686405648499751,0.0,
1259,rush,P1,False,FULL_D3+D4bc,False,False,False,0,0,0,88.64955592153876,0.686405648499751,0.0,
1260,rush,P3,False,D0_none,False,False,False,0,0,0,91.07795491975551,0.6728077609312227,0.0,
1260,rush,P3,False,D3_safety_auth,False,False,False,0,0,0,91.07795491975551,0.6728077609312227,0.0,
1260,rush,P3,False,D4b_master_data,False,False,False,0,0,0,91.07795491975551,0.6728077609312227,0.0,
1260,rush,P3,False,D4c_spc,False,False,False,0,0,0,91.07795491975551,0.6728077609312227,0.0,
1260,rush,P3,False,D4bc_process_aware,False,False,False,0,0,0,91.07795491975551,0.6728077609312227,0.0,
1260,rush,P3,False,FULL_D3+D4bc,False,False,False,0,0,0,91.07795491975551,0.6728077609312227,0.0,
1261,rush,P2,False,D0_none,False,False,False,0,0,0,66.17758040957281,0.7612484484592231,0.0,
1261,rush,P2,False,D3_safety_auth,False,False,False,0,0,0,66.17758040957281,0.7612484484592231,0.0,
1261,rush,P2,False,D4b_master_data,False,False,False,0,0,0,66.17758040957281,0.7612484484592231,0.0,
1261,rush,P2,False,D4c_spc,False,False,False,0,0,0,66.17758040957281,0.7612484484592231,0.0,
1261,rush,P2,False,D4bc_process_aware,False,False,False,0,0,0,66.17758040957281,0.7612484484592231,0.0,
1261,rush,P2,False,FULL_D3+D4bc,False,False,False,0,0,0,66.17758040957281,0.7612484484592231,0.0,
1262,rush,P1,False,D0_none,False,False,False,0,0,0,88.64955592153876,0.686405648499751,0.0,
1262,rush,P1,False,D3_safety_auth,False,False,False,0,0,0,88.64955592153876,0.686405648499751,0.0,
1262,rush,P1,False,D4b_master_data,False,False,False,0,0,0,88.64955592153876,0.686405648499751,0.0,
1262,rush,P1,False,D4c_spc,False,False,False,0,0,0,88.64955592153876,0.686405648499751,0.0,
1262,rush,P1,False,D4bc_process_aware,False,False,False,0,0,0,88.64955592153876,0.686405648499751,0.0,
1262,rush,P1,False,FULL_D3+D4bc,False,False,False,0,0,0,88.64955592153876,0.686405648499751,0.0,
1263,rush,P1,False,D0_none,False,False,False,0,0,0,88.64955592153876,0.686405648499751,0.0,
1263,rush,P1,False,D3_safety_auth,False,False,False,0,0,0,88.64955592153876,0.686405648499751,0.0,
1263,rush,P1,False,D4b_master_data,False,False,False,0,0,0,88.64955592153876,0.686405648499751,0.0,
1263,rush,P1,False,D4c_spc,False,False,False,0,0,0,88.64955592153876,0.686405648499751,0.0,
1263,rush,P1,False,D4bc_process_aware,False,False,False,0,0,0,88.64955592153876,0.686405648499751,0.0,
1263,rush,P1,False,FULL_D3+D4bc,False,False,False,0,0,0,88.64955592153876,0.686405648499751,0.0,
1264,rush,P3,False,D0_none,False,False,False,0,0,0,91.07795491975551,0.6728077609312227,0.0,
1264,rush,P3,False,D3_safety_auth,False,False,False,0,0,0,91.07795491975551,0.6728077609312227,0.0,
1264,rush,P3,False,D4b_master_data,False,False,False,0,0,0,91.07795491975551,0.6728077609312227,0.0,
1264,rush,P3,False,D4c_spc,False,False,False,0,0,0,91.07795491975551,0.6728077609312227,0.0,
1264,rush,P3,False,D4bc_process_aware,False,False,False,0,0,0,91.07795491975551,0.6728077609312227,0.0,
1264,rush,P3,False,FULL_D3+D4bc,False,False,False,0,0,0,91.07795491975551,0.6728077609312227,0.0,
1265,rush,P3,False,D0_none,False,False,False,0,0,0,91.07795491975551,0.6728077609312227,0.0,
1265,rush,P3,False,D3_safety_auth,False,False,False,0,0,0,91.07795491975551,0.6728077609312227,0.0,
1265,rush,P3,False,D4b_master_data,False,False,False,0,0,0,91.07795491975551,0.6728077609312227,0.0,
1265,rush,P3,False,D4c_spc,False,False,False,0,0,0,91.07795491975551,0.6728077609312227,0.0,
1265,rush,P3,False,D4bc_process_aware,False,False,False,0,0,0,91.07795491975551,0.6728077609312227,0.0,
1265,rush,P3,False,FULL_D3+D4bc,False,False,False,0,0,0,91.07795491975551,0.6728077609312227,0.0,
1266,rush,P1,False,D0_none,False,False,False,0,0,0,88.64955592153876,0.686405648499751,0.0,
1266,rush,P1,False,D3_safety_auth,False,False,False,0,0,0,88.64955592153876,0.686405648499751,0.0,
1266,rush,P1,False,D4b_master_data,False,False,False,0,0,0,88.64955592153876,0.686405648499751,0.0,
1266,rush,P1,False,D4c_spc,False,False,False,0,0,0,88.64955592153876,0.686405648499751,0.0,
1266,rush,P1,False,D4bc_process_aware,False,False,False,0,0,0,88.64955592153876,0.686405648499751,0.0,
1266,rush,P1,False,FULL_D3+D4bc,False,False,False,0,0,0,88.64955592153876,0.686405648499751,0.0,
1267,rush,P2,False,D0_none,False,False,False,0,0,0,66.17758040957281,0.7612484484592231,0.0,
1267,rush,P2,False,D3_safety_auth,False,False,False,0,0,0,66.17758040957281,0.7612484484592231,0.0,
1267,rush,P2,False,D4b_master_data,False,False,False,0,0,0,66.17758040957281,0.7612484484592231,0.0,
1267,rush,P2,False,D4c_spc,False,False,False,0,0,0,66.17758040957281,0.7612484484592231,0.0,
1267,rush,P2,False,D4bc_process_aware,False,False,False,0,0,0,66.17758040957281,0.7612484484592231,0.0,
1267,rush,P2,False,FULL_D3+D4bc,False,False,False,0,0,0,66.17758040957281,0.7612484484592231,0.0,
1268,rush,P1,False,D0_none,False,False,False,0,0,0,88.64955592153876,0.686405648499751,0.0,
1268,rush,P1,False,D3_safety_auth,False,False,False,0,0,0,88.64955592153876,0.686405648499751,0.0,
1268,rush,P1,False,D4b_master_data,False,False,False,0,0,0,88.64955592153876,0.686405648499751,0.0,
1268,rush,P1,False,D4c_spc,False,False,False,0,0,0,88.64955592153876,0.686405648499751,0.0,
1268,rush,P1,False,D4bc_process_aware,False,False,False,0,0,0,88.64955592153876,0.686405648499751,0.0,
1268,rush,P1,False,FULL_D3+D4bc,False,False,False,0,0,0,88.64955592153876,0.686405648499751,0.0,
1269,rush,P2,False,D0_none,False,False,False,0,0,0,66.17758040957281,0.7612484484592231,0.0,
1269,rush,P2,False,D3_safety_auth,False,False,False,0,0,0,66.17758040957281,0.7612484484592231,0.0,
1269,rush,P2,False,D4b_master_data,False,False,False,0,0,0,66.17758040957281,0.7612484484592231,0.0,
1269,rush,P2,False,D4c_spc,False,False,False,0,0,0,66.17758040957281,0.7612484484592231,0.0,
1269,rush,P2,False,D4bc_process_aware,False,False,False,0,0,0,66.17758040957281,0.7612484484592231,0.0,
1269,rush,P2,False,FULL_D3+D4bc,False,False,False,0,0,0,66.17758040957281,0.7612484484592231,0.0,
1270,rush,P1,False,D0_none,False,False,False,0,0,0,88.64955592153876,0.686405648499751,0.0,
1270,rush,P1,False,D3_safety_auth,False,False,False,0,0,0,88.64955592153876,0.686405648499751,0.0,
1270,rush,P1,False,D4b_master_data,False,False,False,0,0,0,88.64955592153876,0.686405648499751,0.0,
1270,rush,P1,False,D4c_spc,False,False,False,0,0,0,88.64955592153876,0.686405648499751,0.0,
1270,rush,P1,False,D4bc_process_aware,False,False,False,0,0,0,88.64955592153876,0.686405648499751,0.0,
1270,rush,P1,False,FULL_D3+D4bc,False,False,False,0,0,0,88.64955592153876,0.686405648499751,0.0,
1271,rush,P2,False,D0_none,False,False,False,0,0,0,66.17758040957281,0.7612484484592231,0.0,
1271,rush,P2,False,D3_safety_auth,False,False,False,0,0,0,66.17758040957281,0.7612484484592231,0.0,
1271,rush,P2,False,D4b_master_data,False,False,False,0,0,0,66.17758040957281,0.7612484484592231,0.0,
1271,rush,P2,False,D4c_spc,False,False,False,0,0,0,66.17758040957281,0.7612484484592231,0.0,
1271,rush,P2,False,D4bc_process_aware,False,False,False,0,0,0,66.17758040957281,0.7612484484592231,0.0,
1271,rush,P2,False,FULL_D3+D4bc,False,False,False,0,0,0,66.17758040957281,0.7612484484592231,0.0,
1272,rush,P1,False,D0_none,False,False,False,0,0,0,88.64955592153876,0.686405648499751,0.0,
1272,rush,P1,False,D3_safety_auth,False,False,False,0,0,0,88.64955592153876,0.686405648499751,0.0,
1272,rush,P1,False,D4b_master_data,False,False,False,0,0,0,88.64955592153876,0.686405648499751,0.0,
1272,rush,P1,False,D4c_spc,False,False,False,0,0,0,88.64955592153876,0.686405648499751,0.0,
1272,rush,P1,False,D4bc_process_aware,False,False,False,0,0,0,88.64955592153876,0.686405648499751,0.0,
1272,rush,P1,False,FULL_D3+D4bc,False,False,False,0,0,0,88.64955592153876,0.686405648499751,0.0,
1273,rush,P3,False,D0_none,False,False,False,0,0,1,91.07795491975551,0.6503808355668487,0.0,
1273,rush,P3,False,D3_safety_auth,False,False,False,0,0,1,91.07795491975551,0.6503808355668487,0.0,
1273,rush,P3,False,D4b_master_data,False,False,False,0,0,1,91.07795491975551,0.6503808355668487,0.0,
1273,rush,P3,False,D4c_spc,False,False,False,0,0,1,91.07795491975551,0.6503808355668487,0.0,
1273,rush,P3,False,D4bc_process_aware,False,False,False,0,0,1,91.07795491975551,0.6503808355668487,0.0,
1273,rush,P3,False,FULL_D3+D4bc,False,False,False,0,0,1,91.07795491975551,0.6503808355668487,0.0,
1274,rush,P1,False,D0_none,False,False,False,0,0,0,88.64955592153876,0.686405648499751,0.0,
1274,rush,P1,False,D3_safety_auth,False,False,False,0,0,0,88.64955592153876,0.686405648499751,0.0,
1274,rush,P1,False,D4b_master_data,False,False,False,0,0,0,88.64955592153876,0.686405648499751,0.0,
1274,rush,P1,False,D4c_spc,False,False,False,0,0,0,88.64955592153876,0.686405648499751,0.0,
1274,rush,P1,False,D4bc_process_aware,False,False,False,0,0,0,88.64955592153876,0.686405648499751,0.0,
1274,rush,P1,False,FULL_D3+D4bc,False,False,False,0,0,0,88.64955592153876,0.686405648499751,0.0,
1275,rush,P3,False,D0_none,False,False,False,0,0,0,91.07795491975551,0.6728077609312227,0.0,
1275,rush,P3,False,D3_safety_auth,False,False,False,0,0,0,91.07795491975551,0.6728077609312227,0.0,
1275,rush,P3,False,D4b_master_data,False,False,False,0,0,0,91.07795491975551,0.6728077609312227,0.0,
1275,rush,P3,False,D4c_spc,False,False,False,0,0,0,91.07795491975551,0.6728077609312227,0.0,
1275,rush,P3,False,D4bc_process_aware,False,False,False,0,0,0,91.07795491975551,0.6728077609312227,0.0,
1275,rush,P3,False,FULL_D3+D4bc,False,False,False,0,0,0,91.07795491975551,0.6728077609312227,0.0,
1276,rush,P3,False,D0_none,False,False,False,0,0,0,91.07795491975551,0.6728077609312227,0.0,
1276,rush,P3,False,D3_safety_auth,False,False,False,0,0,0,91.07795491975551,0.6728077609312227,0.0,
1276,rush,P3,False,D4b_master_data,False,False,False,0,0,0,91.07795491975551,0.6728077609312227,0.0,
1276,rush,P3,False,D4c_spc,False,False,False,0,0,0,91.07795491975551,0.6728077609312227,0.0,
1276,rush,P3,False,D4bc_process_aware,False,False,False,0,0,0,91.07795491975551,0.6728077609312227,0.0,
1276,rush,P3,False,FULL_D3+D4bc,False,False,False,0,0,0,91.07795491975551,0.6728077609312227,0.0,
1277,rush,P1,False,D0_none,False,False,False,0,0,0,88.64955592153876,0.686405648499751,0.0,
1277,rush,P1,False,D3_safety_auth,False,False,False,0,0,0,88.64955592153876,0.686405648499751,0.0,
1277,rush,P1,False,D4b_master_data,False,False,False,0,0,0,88.64955592153876,0.686405648499751,0.0,
1277,rush,P1,False,D4c_spc,False,False,False,0,0,0,88.64955592153876,0.686405648499751,0.0,
1277,rush,P1,False,D4bc_process_aware,False,False,False,0,0,0,88.64955592153876,0.686405648499751,0.0,
1277,rush,P1,False,FULL_D3+D4bc,False,False,False,0,0,0,88.64955592153876,0.686405648499751,0.0,
1278,rush,P3,False,D0_none,False,False,False,0,0,0,91.07795491975551,0.6728077609312227,0.0,
1278,rush,P3,False,D3_safety_auth,False,False,False,0,0,0,91.07795491975551,0.6728077609312227,0.0,
1278,rush,P3,False,D4b_master_data,False,False,False,0,0,0,91.07795491975551,0.6728077609312227,0.0,
1278,rush,P3,False,D4c_spc,False,False,False,0,0,0,91.07795491975551,0.6728077609312227,0.0,
1278,rush,P3,False,D4bc_process_aware,False,False,False,0,0,0,91.07795491975551,0.6728077609312227,0.0,
1278,rush,P3,False,FULL_D3+D4bc,False,False,False,0,0,0,91.07795491975551,0.6728077609312227,0.0,
1279,rush,P1,False,D0_none,False,False,False,0,0,0,88.64955592153876,0.686405648499751,0.0,
1279,rush,P1,False,D3_safety_auth,False,False,False,0,0,0,88.64955592153876,0.686405648499751,0.0,
1279,rush,P1,False,D4b_master_data,False,False,False,0,0,0,88.64955592153876,0.686405648499751,0.0,
1279,rush,P1,False,D4c_spc,False,False,False,0,0,0,88.64955592153876,0.686405648499751,0.0,
1279,rush,P1,False,D4bc_process_aware,False,False,False,0,0,0,88.64955592153876,0.686405648499751,0.0,
1279,rush,P1,False,FULL_D3+D4bc,False,False,False,0,0,0,88.64955592153876,0.686405648499751,0.0,
1280,rush,P3,False,D0_none,False,False,False,0,0,0,91.07795491975551,0.6728077609312227,0.0,
1280,rush,P3,False,D3_safety_auth,False,False,False,0,0,0,91.07795491975551,0.6728077609312227,0.0,
1280,rush,P3,False,D4b_master_data,False,False,False,0,0,0,91.07795491975551,0.6728077609312227,0.0,
1280,rush,P3,False,D4c_spc,False,False,False,0,0,0,91.07795491975551,0.6728077609312227,0.0,
1280,rush,P3,False,D4bc_process_aware,False,False,False,0,0,0,91.07795491975551,0.6728077609312227,0.0,
1280,rush,P3,False,FULL_D3+D4bc,False,False,False,0,0,0,91.07795491975551,0.6728077609312227,0.0,
1281,rush,P3,False,D0_none,False,False,False,0,0,0,91.07795491975551,0.6728077609312227,0.0,
1281,rush,P3,False,D3_safety_auth,False,False,False,0,0,0,91.07795491975551,0.6728077609312227,0.0,
1281,rush,P3,False,D4b_master_data,False,False,False,0,0,0,91.07795491975551,0.6728077609312227,0.0,
1281,rush,P3,False,D4c_spc,False,False,False,0,0,0,91.07795491975551,0.6728077609312227,0.0,
1281,rush,P3,False,D4bc_process_aware,False,False,False,0,0,0,91.07795491975551,0.6728077609312227,0.0,
1281,rush,P3,False,FULL_D3+D4bc,False,False,False,0,0,0,91.07795491975551,0.6728077609312227,0.0,
1282,rush,P3,False,D0_none,False,False,False,0,0,0,91.07795491975551,0.6728077609312227,0.0,
1282,rush,P3,False,D3_safety_auth,False,False,False,0,0,0,91.07795491975551,0.6728077609312227,0.0,
1282,rush,P3,False,D4b_master_data,False,False,False,0,0,0,91.07795491975551,0.6728077609312227,0.0,
1282,rush,P3,False,D4c_spc,False,False,False,0,0,0,91.07795491975551,0.6728077609312227,0.0,
1282,rush,P3,False,D4bc_process_aware,False,False,False,0,0,0,91.07795491975551,0.6728077609312227,0.0,
1282,rush,P3,False,FULL_D3+D4bc,False,False,False,0,0,0,91.07795491975551,0.6728077609312227,0.0,
1283,rush,P3,False,D0_none,False,False,False,0,0,0,91.07795491975551,0.6728077609312227,0.0,
1283,rush,P3,False,D3_safety_auth,False,False,False,0,0,0,91.07795491975551,0.6728077609312227,0.0,
1283,rush,P3,False,D4b_master_data,False,False,False,0,0,0,91.07795491975551,0.6728077609312227,0.0,
1283,rush,P3,False,D4c_spc,False,False,False,0,0,0,91.07795491975551,0.6728077609312227,0.0,
1283,rush,P3,False,D4bc_process_aware,False,False,False,0,0,0,91.07795491975551,0.6728077609312227,0.0,
1283,rush,P3,False,FULL_D3+D4bc,False,False,False,0,0,0,91.07795491975551,0.6728077609312227,0.0,
1284,rush,P3,False,D0_none,False,False,False,1,0,0,91.07795491975551,0.6503808355668487,0.0,
1284,rush,P3,False,D3_safety_auth,False,False,False,1,0,0,91.07795491975551,0.6503808355668487,0.0,
1284,rush,P3,False,D4b_master_data,False,False,False,1,0,0,91.07795491975551,0.6503808355668487,0.0,
1284,rush,P3,False,D4c_spc,False,True,True,1,0,0,106.07795491975548,0.5584134466698569,17.0,
1284,rush,P3,False,D4bc_process_aware,False,True,True,1,0,0,106.07795491975548,0.5584134466698569,17.0,
1284,rush,P3,False,FULL_D3+D4bc,False,True,True,1,0,0,106.07795491975548,0.5584134466698569,17.0,
1285,rush,P3,False,D0_none,False,False,False,0,0,0,91.07795491975551,0.6728077609312227,0.0,
1285,rush,P3,False,D3_safety_auth,False,False,False,0,0,0,91.07795491975551,0.6728077609312227,0.0,
1285,rush,P3,False,D4b_master_data,False,False,False,0,0,0,91.07795491975551,0.6728077609312227,0.0,
1285,rush,P3,False,D4c_spc,False,False,False,0,0,0,91.07795491975551,0.6728077609312227,0.0,
1285,rush,P3,False,D4bc_process_aware,False,False,False,0,0,0,91.07795491975551,0.6728077609312227,0.0,
1285,rush,P3,False,FULL_D3+D4bc,False,False,False,0,0,0,91.07795491975551,0.6728077609312227,0.0,
1286,rush,P3,False,D0_none,False,False,False,0,0,0,91.07795491975551,0.6728077609312227,0.0,
1286,rush,P3,False,D3_safety_auth,False,False,False,0,0,0,91.07795491975551,0.6728077609312227,0.0,
1286,rush,P3,False,D4b_master_data,False,False,False,0,0,0,91.07795491975551,0.6728077609312227,0.0,
1286,rush,P3,False,D4c_spc,False,False,False,0,0,0,91.07795491975551,0.6728077609312227,0.0,
1286,rush,P3,False,D4bc_process_aware,False,False,False,0,0,0,91.07795491975551,0.6728077609312227,0.0,
1286,rush,P3,False,FULL_D3+D4bc,False,False,False,0,0,0,91.07795491975551,0.6728077609312227,0.0,
1287,rush,P2,False,D0_none,False,False,False,0,0,0,66.17758040957281,0.7612484484592231,0.0,
1287,rush,P2,False,D3_safety_auth,False,False,False,0,0,0,66.17758040957281,0.7612484484592231,0.0,
1287,rush,P2,False,D4b_master_data,False,False,False,0,0,0,66.17758040957281,0.7612484484592231,0.0,
1287,rush,P2,False,D4c_spc,False,False,False,0,0,0,66.17758040957281,0.7612484484592231,0.0,
1287,rush,P2,False,D4bc_process_aware,False,False,False,0,0,0,66.17758040957281,0.7612484484592231,0.0,
1287,rush,P2,False,FULL_D3+D4bc,False,False,False,0,0,0,66.17758040957281,0.7612484484592231,0.0,
1288,rush,P3,False,D0_none,False,False,False,1,0,0,91.07795491975551,0.6503808355668487,0.0,
1288,rush,P3,False,D3_safety_auth,False,False,False,1,0,0,91.07795491975551,0.6503808355668487,0.0,
1288,rush,P3,False,D4b_master_data,False,False,False,1,0,0,91.07795491975551,0.6503808355668487,0.0,
1288,rush,P3,False,D4c_spc,False,True,True,1,0,0,108.07795491975551,0.5480799157090894,17.0,
1288,rush,P3,False,D4bc_process_aware,False,True,True,1,0,0,108.07795491975551,0.5480799157090894,17.0,
1288,rush,P3,False,FULL_D3+D4bc,False,True,True,1,0,0,108.07795491975551,0.5480799157090894,17.0,
1289,rush,P2,True,D0_none,False,False,False,0,0,0,66.17758040957281,0.7612484484592231,0.0,
1289,rush,P2,True,D3_safety_auth,False,False,False,0,0,0,66.17758040957281,0.7612484484592231,0.0,
1289,rush,P2,True,D4b_master_data,True,False,False,0,0,0,81.17758040957281,0.6205848973989873,15.0,inspection sampling not per master data
1289,rush,P2,True,D4c_spc,False,False,False,0,0,0,66.17758040957281,0.7612484484592231,0.0,
1289,rush,P2,True,D4bc_process_aware,True,False,False,0,0,0,81.17758040957281,0.6205848973989873,15.0,inspection sampling not per master data
1289,rush,P2,True,FULL_D3+D4bc,True,False,False,0,0,0,81.17758040957281,0.6205848973989873,15.0,inspection sampling not per master data
1290,rush,P2,False,D0_none,False,False,False,0,0,0,66.17758040957281,0.7612484484592231,0.0,
1290,rush,P2,False,D3_safety_auth,False,False,False,0,0,0,66.17758040957281,0.7612484484592231,0.0,
1290,rush,P2,False,D4b_master_data,False,False,False,0,0,0,66.17758040957281,0.7612484484592231,0.0,
1290,rush,P2,False,D4c_spc,False,False,False,0,0,0,66.17758040957281,0.7612484484592231,0.0,
1290,rush,P2,False,D4bc_process_aware,False,False,False,0,0,0,66.17758040957281,0.7612484484592231,0.0,
1290,rush,P2,False,FULL_D3+D4bc,False,False,False,0,0,0,66.17758040957281,0.7612484484592231,0.0,
1291,rush,P2,False,D0_none,False,False,False,0,0,0,66.17758040957281,0.7612484484592231,0.0,
1291,rush,P2,False,D3_safety_auth,False,False,False,0,0,0,66.17758040957281,0.7612484484592231,0.0,
1291,rush,P2,False,D4b_master_data,False,False,False,0,0,0,66.17758040957281,0.7612484484592231,0.0,
1291,rush,P2,False,D4c_spc,False,False,False,0,0,0,66.17758040957281,0.7612484484592231,0.0,
1291,rush,P2,False,D4bc_process_aware,False,False,False,0,0,0,66.17758040957281,0.7612484484592231,0.0,
1291,rush,P2,False,FULL_D3+D4bc,False,False,False,0,0,0,66.17758040957281,0.7612484484592231,0.0,
1292,rush,P1,False,D0_none,False,False,False,0,0,0,88.64955592153876,0.686405648499751,0.0,
1292,rush,P1,False,D3_safety_auth,False,False,False,0,0,0,88.64955592153876,0.686405648499751,0.0,
1292,rush,P1,False,D4b_master_data,False,False,False,0,0,0,88.64955592153876,0.686405648499751,0.0,
1292,rush,P1,False,D4c_spc,False,False,False,0,0,0,88.64955592153876,0.686405648499751,0.0,
1292,rush,P1,False,D4bc_process_aware,False,False,False,0,0,0,88.64955592153876,0.686405648499751,0.0,
1292,rush,P1,False,FULL_D3+D4bc,False,False,False,0,0,0,88.64955592153876,0.686405648499751,0.0,
1293,rush,P3,False,D0_none,False,False,False,0,0,0,91.07795491975551,0.6728077609312227,0.0,
1293,rush,P3,False,D3_safety_auth,False,False,False,0,0,0,91.07795491975551,0.6728077609312227,0.0,
1293,rush,P3,False,D4b_master_data,False,False,False,0,0,0,91.07795491975551,0.6728077609312227,0.0,
1293,rush,P3,False,D4c_spc,False,False,False,0,0,0,91.07795491975551,0.6728077609312227,0.0,
1293,rush,P3,False,D4bc_process_aware,False,False,False,0,0,0,91.07795491975551,0.6728077609312227,0.0,
1293,rush,P3,False,FULL_D3+D4bc,False,False,False,0,0,0,91.07795491975551,0.6728077609312227,0.0,
1294,rush,P2,False,D0_none,False,False,False,0,0,0,66.17758040957281,0.7612484484592231,0.0,
1294,rush,P2,False,D3_safety_auth,False,False,False,0,0,0,66.17758040957281,0.7612484484592231,0.0,
1294,rush,P2,False,D4b_master_data,False,False,False,0,0,0,66.17758040957281,0.7612484484592231,0.0,
1294,rush,P2,False,D4c_spc,False,False,False,0,0,0,66.17758040957281,0.7612484484592231,0.0,
1294,rush,P2,False,D4bc_process_aware,False,False,False,0,0,0,66.17758040957281,0.7612484484592231,0.0,
1294,rush,P2,False,FULL_D3+D4bc,False,False,False,0,0,0,66.17758040957281,0.7612484484592231,0.0,
1295,rush,P1,False,D0_none,False,False,False,0,0,0,88.64955592153876,0.686405648499751,0.0,
1295,rush,P1,False,D3_safety_auth,False,False,False,0,0,0,88.64955592153876,0.686405648499751,0.0,
1295,rush,P1,False,D4b_master_data,False,False,False,0,0,0,88.64955592153876,0.686405648499751,0.0,
1295,rush,P1,False,D4c_spc,False,False,False,0,0,0,88.64955592153876,0.686405648499751,0.0,
1295,rush,P1,False,D4bc_process_aware,False,False,False,0,0,0,88.64955592153876,0.686405648499751,0.0,
1295,rush,P1,False,FULL_D3+D4bc,False,False,False,0,0,0,88.64955592153876,0.686405648499751,0.0,
1296,rush,P2,False,D0_none,False,False,False,0,0,0,66.17758040957281,0.7612484484592231,0.0,
1296,rush,P2,False,D3_safety_auth,False,False,False,0,0,0,66.17758040957281,0.7612484484592231,0.0,
1296,rush,P2,False,D4b_master_data,False,False,False,0,0,0,66.17758040957281,0.7612484484592231,0.0,
1296,rush,P2,False,D4c_spc,False,False,False,0,0,0,66.17758040957281,0.7612484484592231,0.0,
1296,rush,P2,False,D4bc_process_aware,False,False,False,0,0,0,66.17758040957281,0.7612484484592231,0.0,
1296,rush,P2,False,FULL_D3+D4bc,False,False,False,0,0,0,66.17758040957281,0.7612484484592231,0.0,
1297,rush,P3,False,D0_none,False,False,False,0,0,0,91.07795491975551,0.6728077609312227,0.0,
1297,rush,P3,False,D3_safety_auth,False,False,False,0,0,0,91.07795491975551,0.6728077609312227,0.0,
1297,rush,P3,False,D4b_master_data,False,False,False,0,0,0,91.07795491975551,0.6728077609312227,0.0,
1297,rush,P3,False,D4c_spc,False,False,False,0,0,0,91.07795491975551,0.6728077609312227,0.0,
1297,rush,P3,False,D4bc_process_aware,False,False,False,0,0,0,91.07795491975551,0.6728077609312227,0.0,
1297,rush,P3,False,FULL_D3+D4bc,False,False,False,0,0,0,91.07795491975551,0.6728077609312227,0.0,
1298,rush,P1,False,D0_none,False,False,False,0,0,0,88.64955592153876,0.686405648499751,0.0,
1298,rush,P1,False,D3_safety_auth,False,False,False,0,0,0,88.64955592153876,0.686405648499751,0.0,
1298,rush,P1,False,D4b_master_data,False,False,False,0,0,0,88.64955592153876,0.686405648499751,0.0,
1298,rush,P1,False,D4c_spc,False,False,False,0,0,0,88.64955592153876,0.686405648499751,0.0,
1298,rush,P1,False,D4bc_process_aware,False,False,False,0,0,0,88.64955592153876,0.686405648499751,0.0,
1298,rush,P1,False,FULL_D3+D4bc,False,False,False,0,0,0,88.64955592153876,0.686405648499751,0.0,
1299,rush,P1,False,D0_none,False,False,False,0,0,0,88.64955592153876,0.686405648499751,0.0,
1299,rush,P1,False,D3_safety_auth,False,False,False,0,0,0,88.64955592153876,0.686405648499751,0.0,
1299,rush,P1,False,D4b_master_data,False,False,False,0,0,0,88.64955592153876,0.686405648499751,0.0,
1299,rush,P1,False,D4c_spc,False,False,False,0,0,0,88.64955592153876,0.686405648499751,0.0,
1299,rush,P1,False,D4bc_process_aware,False,False,False,0,0,0,88.64955592153876,0.686405648499751,0.0,
1299,rush,P1,False,FULL_D3+D4bc,False,False,False,0,0,0,88.64955592153876,0.686405648499751,0.0,
1300,rush,P2,False,D0_none,False,False,False,0,0,0,66.17758040957281,0.7612484484592231,0.0,
1300,rush,P2,False,D3_safety_auth,False,False,False,0,0,0,66.17758040957281,0.7612484484592231,0.0,
1300,rush,P2,False,D4b_master_data,False,False,False,0,0,0,66.17758040957281,0.7612484484592231,0.0,
1300,rush,P2,False,D4c_spc,False,False,False,0,0,0,66.17758040957281,0.7612484484592231,0.0,
1300,rush,P2,False,D4bc_process_aware,False,False,False,0,0,0,66.17758040957281,0.7612484484592231,0.0,
1300,rush,P2,False,FULL_D3+D4bc,False,False,False,0,0,0,66.17758040957281,0.7612484484592231,0.0,
1301,rush,P3,False,D0_none,False,False,False,0,0,0,91.07795491975551,0.6728077609312227,0.0,
1301,rush,P3,False,D3_safety_auth,False,False,False,0,0,0,91.07795491975551,0.6728077609312227,0.0,
1301,rush,P3,False,D4b_master_data,False,False,False,0,0,0,91.07795491975551,0.6728077609312227,0.0,
1301,rush,P3,False,D4c_spc,False,False,False,0,0,0,91.07795491975551,0.6728077609312227,0.0,
1301,rush,P3,False,D4bc_process_aware,False,False,False,0,0,0,91.07795491975551,0.6728077609312227,0.0,
1301,rush,P3,False,FULL_D3+D4bc,False,False,False,0,0,0,91.07795491975551,0.6728077609312227,0.0,
1302,rush,P3,False,D0_none,False,False,False,0,0,0,91.07795491975551,0.6728077609312227,0.0,
1302,rush,P3,False,D3_safety_auth,False,False,False,0,0,0,91.07795491975551,0.6728077609312227,0.0,
1302,rush,P3,False,D4b_master_data,False,False,False,0,0,0,91.07795491975551,0.6728077609312227,0.0,
1302,rush,P3,False,D4c_spc,False,False,False,0,0,0,91.07795491975551,0.6728077609312227,0.0,
1302,rush,P3,False,D4bc_process_aware,False,False,False,0,0,0,91.07795491975551,0.6728077609312227,0.0,
1302,rush,P3,False,FULL_D3+D4bc,False,False,False,0,0,0,91.07795491975551,0.6728077609312227,0.0,
1303,rush,P2,False,D0_none,False,False,False,0,0,0,66.17758040957281,0.7612484484592231,0.0,
1303,rush,P2,False,D3_safety_auth,False,False,False,0,0,0,66.17758040957281,0.7612484484592231,0.0,
1303,rush,P2,False,D4b_master_data,False,False,False,0,0,0,66.17758040957281,0.7612484484592231,0.0,
1303,rush,P2,False,D4c_spc,False,False,False,0,0,0,66.17758040957281,0.7612484484592231,0.0,
1303,rush,P2,False,D4bc_process_aware,False,False,False,0,0,0,66.17758040957281,0.7612484484592231,0.0,
1303,rush,P2,False,FULL_D3+D4bc,False,False,False,0,0,0,66.17758040957281,0.7612484484592231,0.0,
1304,rush,P2,False,D0_none,False,False,False,0,0,0,66.17758040957281,0.7612484484592231,0.0,
1304,rush,P2,False,D3_safety_auth,False,False,False,0,0,0,66.17758040957281,0.7612484484592231,0.0,
1304,rush,P2,False,D4b_master_data,False,False,False,0,0,0,66.17758040957281,0.7612484484592231,0.0,
1304,rush,P2,False,D4c_spc,False,False,False,0,0,0,66.17758040957281,0.7612484484592231,0.0,
1304,rush,P2,False,D4bc_process_aware,False,False,False,0,0,0,66.17758040957281,0.7612484484592231,0.0,
1304,rush,P2,False,FULL_D3+D4bc,False,False,False,0,0,0,66.17758040957281,0.7612484484592231,0.0,
1305,rush,P2,False,D0_none,False,False,False,0,0,0,66.17758040957281,0.7612484484592231,0.0,
1305,rush,P2,False,D3_safety_auth,False,False,False,0,0,0,66.17758040957281,0.7612484484592231,0.0,
1305,rush,P2,False,D4b_master_data,False,False,False,0,0,0,66.17758040957281,0.7612484484592231,0.0,
1305,rush,P2,False,D4c_spc,False,False,False,0,0,0,66.17758040957281,0.7612484484592231,0.0,
1305,rush,P2,False,D4bc_process_aware,False,False,False,0,0,0,66.17758040957281,0.7612484484592231,0.0,
1305,rush,P2,False,FULL_D3+D4bc,False,False,False,0,0,0,66.17758040957281,0.7612484484592231,0.0,
1306,rush,P1,False,D0_none,False,False,False,0,0,0,88.64955592153876,0.686405648499751,0.0,
1306,rush,P1,False,D3_safety_auth,False,False,False,0,0,0,88.64955592153876,0.686405648499751,0.0,
1306,rush,P1,False,D4b_master_data,False,False,False,0,0,0,88.64955592153876,0.686405648499751,0.0,
1306,rush,P1,False,D4c_spc,False,False,False,0,0,0,88.64955592153876,0.686405648499751,0.0,
1306,rush,P1,False,D4bc_process_aware,False,False,False,0,0,0,88.64955592153876,0.686405648499751,0.0,
1306,rush,P1,False,FULL_D3+D4bc,False,False,False,0,0,0,88.64955592153876,0.686405648499751,0.0,
1307,rush,P2,False,D0_none,False,False,False,0,0,0,66.17758040957281,0.7612484484592231,0.0,
1307,rush,P2,False,D3_safety_auth,False,False,False,0,0,0,66.17758040957281,0.7612484484592231,0.0,
1307,rush,P2,False,D4b_master_data,False,False,False,0,0,0,66.17758040957281,0.7612484484592231,0.0,
1307,rush,P2,False,D4c_spc,False,False,False,0,0,0,66.17758040957281,0.7612484484592231,0.0,
1307,rush,P2,False,D4bc_process_aware,False,False,False,0,0,0,66.17758040957281,0.7612484484592231,0.0,
1307,rush,P2,False,FULL_D3+D4bc,False,False,False,0,0,0,66.17758040957281,0.7612484484592231,0.0,
1308,rush,P2,False,D0_none,False,False,False,0,0,0,66.17758040957281,0.7612484484592231,0.0,
1308,rush,P2,False,D3_safety_auth,False,False,False,0,0,0,66.17758040957281,0.7612484484592231,0.0,
1308,rush,P2,False,D4b_master_data,False,False,False,0,0,0,66.17758040957281,0.7612484484592231,0.0,
1308,rush,P2,False,D4c_spc,False,False,False,0,0,0,66.17758040957281,0.7612484484592231,0.0,
1308,rush,P2,False,D4bc_process_aware,False,False,False,0,0,0,66.17758040957281,0.7612484484592231,0.0,
1308,rush,P2,False,FULL_D3+D4bc,False,False,False,0,0,0,66.17758040957281,0.7612484484592231,0.0,
1309,rush,P1,False,D0_none,False,False,False,0,0,0,88.64955592153876,0.686405648499751,0.0,
1309,rush,P1,False,D3_safety_auth,False,False,False,0,0,0,88.64955592153876,0.686405648499751,0.0,
1309,rush,P1,False,D4b_master_data,False,False,False,0,0,0,88.64955592153876,0.686405648499751,0.0,
1309,rush,P1,False,D4c_spc,False,False,False,0,0,0,88.64955592153876,0.686405648499751,0.0,
1309,rush,P1,False,D4bc_process_aware,False,False,False,0,0,0,88.64955592153876,0.686405648499751,0.0,
1309,rush,P1,False,FULL_D3+D4bc,False,False,False,0,0,0,88.64955592153876,0.686405648499751,0.0,
1310,rush,P3,False,D0_none,False,False,False,1,0,0,91.07795491975551,0.6503808355668487,0.0,
1310,rush,P3,False,D3_safety_auth,False,False,False,1,0,0,91.07795491975551,0.6503808355668487,0.0,
1310,rush,P3,False,D4b_master_data,False,False,False,1,0,0,91.07795491975551,0.6503808355668487,0.0,
1310,rush,P3,False,D4c_spc,False,True,True,1,0,0,106.07795491975551,0.5584134466698567,17.0,
1310,rush,P3,False,D4bc_process_aware,False,True,True,1,0,0,106.07795491975551,0.5584134466698567,17.0,
1310,rush,P3,False,FULL_D3+D4bc,False,True,True,1,0,0,106.07795491975551,0.5584134466698567,17.0,
1311,rush,P2,True,D0_none,False,False,False,0,0,0,66.17758040957281,0.7612484484592231,0.0,
1311,rush,P2,True,D3_safety_auth,False,False,False,0,0,0,66.17758040957281,0.7612484484592231,0.0,
1311,rush,P2,True,D4b_master_data,True,False,False,0,0,0,81.17758040957281,0.6205848973989873,15.0,inspection sampling not per master data
1311,rush,P2,True,D4c_spc,False,False,False,0,0,0,66.17758040957281,0.7612484484592231,0.0,
1311,rush,P2,True,D4bc_process_aware,True,False,False,0,0,0,81.17758040957281,0.6205848973989873,15.0,inspection sampling not per master data
1311,rush,P2,True,FULL_D3+D4bc,True,False,False,0,0,0,81.17758040957281,0.6205848973989873,15.0,inspection sampling not per master data
1312,rush,P2,False,D0_none,False,False,False,0,0,0,66.17758040957281,0.7612484484592231,0.0,
1312,rush,P2,False,D3_safety_auth,False,False,False,0,0,0,66.17758040957281,0.7612484484592231,0.0,
1312,rush,P2,False,D4b_master_data,False,False,False,0,0,0,66.17758040957281,0.7612484484592231,0.0,
1312,rush,P2,False,D4c_spc,False,False,False,0,0,0,66.17758040957281,0.7612484484592231,0.0,
1312,rush,P2,False,D4bc_process_aware,False,False,False,0,0,0,66.17758040957281,0.7612484484592231,0.0,
1312,rush,P2,False,FULL_D3+D4bc,False,False,False,0,0,0,66.17758040957281,0.7612484484592231,0.0,
1313,rush,P1,False,D0_none,False,False,False,0,0,0,88.64955592153876,0.686405648499751,0.0,
1313,rush,P1,False,D3_safety_auth,False,False,False,0,0,0,88.64955592153876,0.686405648499751,0.0,
1313,rush,P1,False,D4b_master_data,False,False,False,0,0,0,88.64955592153876,0.686405648499751,0.0,
1313,rush,P1,False,D4c_spc,False,True,False,0,0,0,105.64955592153876,0.575956570671523,17.0,
1313,rush,P1,False,D4bc_process_aware,False,True,False,0,0,0,105.64955592153876,0.575956570671523,17.0,
1313,rush,P1,False,FULL_D3+D4bc,False,True,False,0,0,0,105.64955592153876,0.575956570671523,17.0,
1314,rush,P3,False,D0_none,False,False,False,0,0,0,91.07795491975551,0.6728077609312227,0.0,
1314,rush,P3,False,D3_safety_auth,False,False,False,0,0,0,91.07795491975551,0.6728077609312227,0.0,
1314,rush,P3,False,D4b_master_data,False,False,False,0,0,0,91.07795491975551,0.6728077609312227,0.0,
1314,rush,P3,False,D4c_spc,False,False,False,0,0,0,91.07795491975551,0.6728077609312227,0.0,
1314,rush,P3,False,D4bc_process_aware,False,False,False,0,0,0,91.07795491975551,0.6728077609312227,0.0,
1314,rush,P3,False,FULL_D3+D4bc,False,False,False,0,0,0,91.07795491975551,0.6728077609312227,0.0,
1315,rush,P3,False,D0_none,False,False,False,0,0,0,91.07795491975551,0.6728077609312227,0.0,
1315,rush,P3,False,D3_safety_auth,False,False,False,0,0,0,91.07795491975551,0.6728077609312227,0.0,
1315,rush,P3,False,D4b_master_data,False,False,False,0,0,0,91.07795491975551,0.6728077609312227,0.0,
1315,rush,P3,False,D4c_spc,False,False,False,0,0,0,91.07795491975551,0.6728077609312227,0.0,
1315,rush,P3,False,D4bc_process_aware,False,False,False,0,0,0,91.07795491975551,0.6728077609312227,0.0,
1315,rush,P3,False,FULL_D3+D4bc,False,False,False,0,0,0,91.07795491975551,0.6728077609312227,0.0,
1316,rush,P1,False,D0_none,False,False,False,0,0,0,88.64955592153876,0.686405648499751,0.0,
1316,rush,P1,False,D3_safety_auth,False,False,False,0,0,0,88.64955592153876,0.686405648499751,0.0,
1316,rush,P1,False,D4b_master_data,False,False,False,0,0,0,88.64955592153876,0.686405648499751,0.0,
1316,rush,P1,False,D4c_spc,False,False,False,0,0,0,88.64955592153876,0.686405648499751,0.0,
1316,rush,P1,False,D4bc_process_aware,False,False,False,0,0,0,88.64955592153876,0.686405648499751,0.0,
1316,rush,P1,False,FULL_D3+D4bc,False,False,False,0,0,0,88.64955592153876,0.686405648499751,0.0,
1317,rush,P3,False,D0_none,False,False,False,0,0,0,91.07795491975551,0.6728077609312227,0.0,
1317,rush,P3,False,D3_safety_auth,False,False,False,0,0,0,91.07795491975551,0.6728077609312227,0.0,
1317,rush,P3,False,D4b_master_data,False,False,False,0,0,0,91.07795491975551,0.6728077609312227,0.0,
1317,rush,P3,False,D4c_spc,False,False,False,0,0,0,91.07795491975551,0.6728077609312227,0.0,
1317,rush,P3,False,D4bc_process_aware,False,False,False,0,0,0,91.07795491975551,0.6728077609312227,0.0,
1317,rush,P3,False,FULL_D3+D4bc,False,False,False,0,0,0,91.07795491975551,0.6728077609312227,0.0,
1318,rush,P3,False,D0_none,False,False,False,0,0,1,91.07795491975551,0.6503808355668487,0.0,
1318,rush,P3,False,D3_safety_auth,False,False,False,0,0,1,91.07795491975551,0.6503808355668487,0.0,
1318,rush,P3,False,D4b_master_data,False,False,False,0,0,1,91.07795491975551,0.6503808355668487,0.0,
1318,rush,P3,False,D4c_spc,False,False,False,0,0,1,91.07795491975551,0.6503808355668487,0.0,
1318,rush,P3,False,D4bc_process_aware,False,False,False,0,0,1,91.07795491975551,0.6503808355668487,0.0,
1318,rush,P3,False,FULL_D3+D4bc,False,False,False,0,0,1,91.07795491975551,0.6503808355668487,0.0,
1319,rush,P1,False,D0_none,False,False,False,0,0,0,88.64955592153876,0.686405648499751,0.0,
1319,rush,P1,False,D3_safety_auth,False,False,False,0,0,0,88.64955592153876,0.686405648499751,0.0,
1319,rush,P1,False,D4b_master_data,False,False,False,0,0,0,88.64955592153876,0.686405648499751,0.0,
1319,rush,P1,False,D4c_spc,False,False,False,0,0,0,88.64955592153876,0.686405648499751,0.0,
1319,rush,P1,False,D4bc_process_aware,False,False,False,0,0,0,88.64955592153876,0.686405648499751,0.0,
1319,rush,P1,False,FULL_D3+D4bc,False,False,False,0,0,0,88.64955592153876,0.686405648499751,0.0,
1320,rush,P3,False,D0_none,False,False,False,0,0,0,91.07795491975551,0.6728077609312227,0.0,
1320,rush,P3,False,D3_safety_auth,False,False,False,0,0,0,91.07795491975551,0.6728077609312227,0.0,
1320,rush,P3,False,D4b_master_data,False,False,False,0,0,0,91.07795491975551,0.6728077609312227,0.0,
1320,rush,P3,False,D4c_spc,False,False,False,0,0,0,91.07795491975551,0.6728077609312227,0.0,
1320,rush,P3,False,D4bc_process_aware,False,False,False,0,0,0,91.07795491975551,0.6728077609312227,0.0,
1320,rush,P3,False,FULL_D3+D4bc,False,False,False,0,0,0,91.07795491975551,0.6728077609312227,0.0,
1321,rush,P2,False,D0_none,False,False,False,0,0,0,66.17758040957281,0.7612484484592231,0.0,
1321,rush,P2,False,D3_safety_auth,False,False,False,0,0,0,66.17758040957281,0.7612484484592231,0.0,
1321,rush,P2,False,D4b_master_data,False,False,False,0,0,0,66.17758040957281,0.7612484484592231,0.0,
1321,rush,P2,False,D4c_spc,False,False,False,0,0,0,66.17758040957281,0.7612484484592231,0.0,
1321,rush,P2,False,D4bc_process_aware,False,False,False,0,0,0,66.17758040957281,0.7612484484592231,0.0,
1321,rush,P2,False,FULL_D3+D4bc,False,False,False,0,0,0,66.17758040957281,0.7612484484592231,0.0,
1322,rush,P1,False,D0_none,False,False,False,0,0,0,88.64955592153876,0.686405648499751,0.0,
1322,rush,P1,False,D3_safety_auth,False,False,False,0,0,0,88.64955592153876,0.686405648499751,0.0,
1322,rush,P1,False,D4b_master_data,False,False,False,0,0,0,88.64955592153876,0.686405648499751,0.0,
1322,rush,P1,False,D4c_spc,False,False,False,0,0,0,88.64955592153876,0.686405648499751,0.0,
1322,rush,P1,False,D4bc_process_aware,False,False,False,0,0,0,88.64955592153876,0.686405648499751,0.0,
1322,rush,P1,False,FULL_D3+D4bc,False,False,False,0,0,0,88.64955592153876,0.686405648499751,0.0,
1323,rush,P1,False,D0_none,False,False,False,0,0,0,88.64955592153876,0.686405648499751,0.0,
1323,rush,P1,False,D3_safety_auth,False,False,False,0,0,0,88.64955592153876,0.686405648499751,0.0,
1323,rush,P1,False,D4b_master_data,False,False,False,0,0,0,88.64955592153876,0.686405648499751,0.0,
1323,rush,P1,False,D4c_spc,False,False,False,0,0,0,88.64955592153876,0.686405648499751,0.0,
1323,rush,P1,False,D4bc_process_aware,False,False,False,0,0,0,88.64955592153876,0.686405648499751,0.0,
1323,rush,P1,False,FULL_D3+D4bc,False,False,False,0,0,0,88.64955592153876,0.686405648499751,0.0,
1324,rush,P2,False,D0_none,False,False,False,0,0,0,66.17758040957281,0.7612484484592231,0.0,
1324,rush,P2,False,D3_safety_auth,False,False,False,0,0,0,66.17758040957281,0.7612484484592231,0.0,
1324,rush,P2,False,D4b_master_data,False,False,False,0,0,0,66.17758040957281,0.7612484484592231,0.0,
1324,rush,P2,False,D4c_spc,False,False,False,0,0,0,66.17758040957281,0.7612484484592231,0.0,
1324,rush,P2,False,D4bc_process_aware,False,False,False,0,0,0,66.17758040957281,0.7612484484592231,0.0,
1324,rush,P2,False,FULL_D3+D4bc,False,False,False,0,0,0,66.17758040957281,0.7612484484592231,0.0,
1325,rush,P2,False,D0_none,False,False,False,0,0,0,66.17758040957281,0.7612484484592231,0.0,
1325,rush,P2,False,D3_safety_auth,False,False,False,0,0,0,66.17758040957281,0.7612484484592231,0.0,
1325,rush,P2,False,D4b_master_data,False,False,False,0,0,0,66.17758040957281,0.7612484484592231,0.0,
1325,rush,P2,False,D4c_spc,False,False,False,0,0,0,66.17758040957281,0.7612484484592231,0.0,
1325,rush,P2,False,D4bc_process_aware,False,False,False,0,0,0,66.17758040957281,0.7612484484592231,0.0,
1325,rush,P2,False,FULL_D3+D4bc,False,False,False,0,0,0,66.17758040957281,0.7612484484592231,0.0,
1326,rush,P2,False,D0_none,False,False,False,0,0,0,66.17758040957281,0.7612484484592231,0.0,
1326,rush,P2,False,D3_safety_auth,False,False,False,0,0,0,66.17758040957281,0.7612484484592231,0.0,
1326,rush,P2,False,D4b_master_data,False,False,False,0,0,0,66.17758040957281,0.7612484484592231,0.0,
1326,rush,P2,False,D4c_spc,False,False,False,0,0,0,66.17758040957281,0.7612484484592231,0.0,
1326,rush,P2,False,D4bc_process_aware,False,False,False,0,0,0,66.17758040957281,0.7612484484592231,0.0,
1326,rush,P2,False,FULL_D3+D4bc,False,False,False,0,0,0,66.17758040957281,0.7612484484592231,0.0,
1327,rush,P2,False,D0_none,False,False,False,0,0,0,66.17758040957281,0.7612484484592231,0.0,
1327,rush,P2,False,D3_safety_auth,False,False,False,0,0,0,66.17758040957281,0.7612484484592231,0.0,
1327,rush,P2,False,D4b_master_data,False,False,False,0,0,0,66.17758040957281,0.7612484484592231,0.0,
1327,rush,P2,False,D4c_spc,False,False,False,0,0,0,66.17758040957281,0.7612484484592231,0.0,
1327,rush,P2,False,D4bc_process_aware,False,False,False,0,0,0,66.17758040957281,0.7612484484592231,0.0,
1327,rush,P2,False,FULL_D3+D4bc,False,False,False,0,0,0,66.17758040957281,0.7612484484592231,0.0,
1328,rush,P1,False,D0_none,False,False,False,0,0,0,88.64955592153876,0.686405648499751,0.0,
1328,rush,P1,False,D3_safety_auth,False,False,False,0,0,0,88.64955592153876,0.686405648499751,0.0,
1328,rush,P1,False,D4b_master_data,False,False,False,0,0,0,88.64955592153876,0.686405648499751,0.0,
1328,rush,P1,False,D4c_spc,False,False,False,0,0,0,88.64955592153876,0.686405648499751,0.0,
1328,rush,P1,False,D4bc_process_aware,False,False,False,0,0,0,88.64955592153876,0.686405648499751,0.0,
1328,rush,P1,False,FULL_D3+D4bc,False,False,False,0,0,0,88.64955592153876,0.686405648499751,0.0,
1329,rush,P3,False,D0_none,False,False,False,0,0,0,91.07795491975551,0.6728077609312227,0.0,
1329,rush,P3,False,D3_safety_auth,False,False,False,0,0,0,91.07795491975551,0.6728077609312227,0.0,
1329,rush,P3,False,D4b_master_data,False,False,False,0,0,0,91.07795491975551,0.6728077609312227,0.0,
1329,rush,P3,False,D4c_spc,False,False,False,0,0,0,91.07795491975551,0.6728077609312227,0.0,
1329,rush,P3,False,D4bc_process_aware,False,False,False,0,0,0,91.07795491975551,0.6728077609312227,0.0,
1329,rush,P3,False,FULL_D3+D4bc,False,False,False,0,0,0,91.07795491975551,0.6728077609312227,0.0,
1330,rush,P1,False,D0_none,False,False,False,0,0,0,88.64955592153876,0.686405648499751,0.0,
1330,rush,P1,False,D3_safety_auth,False,False,False,0,0,0,88.64955592153876,0.686405648499751,0.0,
1330,rush,P1,False,D4b_master_data,False,False,False,0,0,0,88.64955592153876,0.686405648499751,0.0,
1330,rush,P1,False,D4c_spc,False,False,False,0,0,0,88.64955592153876,0.686405648499751,0.0,
1330,rush,P1,False,D4bc_process_aware,False,False,False,0,0,0,88.64955592153876,0.686405648499751,0.0,
1330,rush,P1,False,FULL_D3+D4bc,False,False,False,0,0,0,88.64955592153876,0.686405648499751,0.0,
1331,rush,P2,False,D0_none,False,False,False,0,0,0,66.17758040957281,0.7612484484592231,0.0,
1331,rush,P2,False,D3_safety_auth,False,False,False,0,0,0,66.17758040957281,0.7612484484592231,0.0,
1331,rush,P2,False,D4b_master_data,False,False,False,0,0,0,66.17758040957281,0.7612484484592231,0.0,
1331,rush,P2,False,D4c_spc,False,False,False,0,0,0,66.17758040957281,0.7612484484592231,0.0,
1331,rush,P2,False,D4bc_process_aware,False,False,False,0,0,0,66.17758040957281,0.7612484484592231,0.0,
1331,rush,P2,False,FULL_D3+D4bc,False,False,False,0,0,0,66.17758040957281,0.7612484484592231,0.0,
1332,rush,P1,False,D0_none,False,False,False,0,0,0,88.64955592153876,0.686405648499751,0.0,
1332,rush,P1,False,D3_safety_auth,False,False,False,0,0,0,88.64955592153876,0.686405648499751,0.0,
1332,rush,P1,False,D4b_master_data,False,False,False,0,0,0,88.64955592153876,0.686405648499751,0.0,
1332,rush,P1,False,D4c_spc,False,False,False,0,0,0,88.64955592153876,0.686405648499751,0.0,
1332,rush,P1,False,D4bc_process_aware,False,False,False,0,0,0,88.64955592153876,0.686405648499751,0.0,
1332,rush,P1,False,FULL_D3+D4bc,False,False,False,0,0,0,88.64955592153876,0.686405648499751,0.0,
1333,rush,P3,False,D0_none,False,False,False,0,1,0,91.07795491975551,0.6503808355668487,0.0,
1333,rush,P3,False,D3_safety_auth,False,False,False,0,1,0,91.07795491975551,0.6503808355668487,0.0,
1333,rush,P3,False,D4b_master_data,False,False,False,0,1,0,91.07795491975551,0.6503808355668487,0.0,
1333,rush,P3,False,D4c_spc,False,True,True,0,1,0,106.0779549197555,0.5584134466698568,17.0,
1333,rush,P3,False,D4bc_process_aware,False,True,True,0,1,0,106.0779549197555,0.5584134466698568,17.0,
1333,rush,P3,False,FULL_D3+D4bc,False,True,True,0,1,0,106.0779549197555,0.5584134466698568,17.0,
1334,rush,P1,False,D0_none,False,False,False,0,0,0,88.64955592153876,0.686405648499751,0.0,
1334,rush,P1,False,D3_safety_auth,False,False,False,0,0,0,88.64955592153876,0.686405648499751,0.0,
1334,rush,P1,False,D4b_master_data,False,False,False,0,0,0,88.64955592153876,0.686405648499751,0.0,
1334,rush,P1,False,D4c_spc,False,False,False,0,0,0,88.64955592153876,0.686405648499751,0.0,
1334,rush,P1,False,D4bc_process_aware,False,False,False,0,0,0,88.64955592153876,0.686405648499751,0.0,
1334,rush,P1,False,FULL_D3+D4bc,False,False,False,0,0,0,88.64955592153876,0.686405648499751,0.0,
1335,rush,P1,False,D0_none,False,False,False,0,0,0,88.64955592153876,0.686405648499751,0.0,
1335,rush,P1,False,D3_safety_auth,False,False,False,0,0,0,88.64955592153876,0.686405648499751,0.0,
1335,rush,P1,False,D4b_master_data,False,False,False,0,0,0,88.64955592153876,0.686405648499751,0.0,
1335,rush,P1,False,D4c_spc,False,False,False,0,0,0,88.64955592153876,0.686405648499751,0.0,
1335,rush,P1,False,D4bc_process_aware,False,False,False,0,0,0,88.64955592153876,0.686405648499751,0.0,
1335,rush,P1,False,FULL_D3+D4bc,False,False,False,0,0,0,88.64955592153876,0.686405648499751,0.0,
1336,rush,P1,False,D0_none,False,False,False,0,0,0,88.64955592153876,0.686405648499751,0.0,
1336,rush,P1,False,D3_safety_auth,False,False,False,0,0,0,88.64955592153876,0.686405648499751,0.0,
1336,rush,P1,False,D4b_master_data,False,False,False,0,0,0,88.64955592153876,0.686405648499751,0.0,
1336,rush,P1,False,D4c_spc,False,False,False,0,0,0,88.64955592153876,0.686405648499751,0.0,
1336,rush,P1,False,D4bc_process_aware,False,False,False,0,0,0,88.64955592153876,0.686405648499751,0.0,
1336,rush,P1,False,FULL_D3+D4bc,False,False,False,0,0,0,88.64955592153876,0.686405648499751,0.0,
1337,rush,P3,False,D0_none,False,False,False,0,0,0,91.07795491975551,0.6728077609312227,0.0,
1337,rush,P3,False,D3_safety_auth,False,False,False,0,0,0,91.07795491975551,0.6728077609312227,0.0,
1337,rush,P3,False,D4b_master_data,False,False,False,0,0,0,91.07795491975551,0.6728077609312227,0.0,
1337,rush,P3,False,D4c_spc,False,False,False,0,0,0,91.07795491975551,0.6728077609312227,0.0,
1337,rush,P3,False,D4bc_process_aware,False,False,False,0,0,0,91.07795491975551,0.6728077609312227,0.0,
1337,rush,P3,False,FULL_D3+D4bc,False,False,False,0,0,0,91.07795491975551,0.6728077609312227,0.0,
1338,rush,P1,False,D0_none,False,False,False,0,0,0,88.64955592153876,0.686405648499751,0.0,
1338,rush,P1,False,D3_safety_auth,False,False,False,0,0,0,88.64955592153876,0.686405648499751,0.0,
1338,rush,P1,False,D4b_master_data,False,False,False,0,0,0,88.64955592153876,0.686405648499751,0.0,
1338,rush,P1,False,D4c_spc,False,False,False,0,0,0,88.64955592153876,0.686405648499751,0.0,
1338,rush,P1,False,D4bc_process_aware,False,False,False,0,0,0,88.64955592153876,0.686405648499751,0.0,
1338,rush,P1,False,FULL_D3+D4bc,False,False,False,0,0,0,88.64955592153876,0.686405648499751,0.0,
1339,rush,P2,False,D0_none,False,False,False,0,0,0,66.17758040957281,0.7612484484592231,0.0,
1339,rush,P2,False,D3_safety_auth,False,False,False,0,0,0,66.17758040957281,0.7612484484592231,0.0,
1339,rush,P2,False,D4b_master_data,False,False,False,0,0,0,66.17758040957281,0.7612484484592231,0.0,
1339,rush,P2,False,D4c_spc,False,False,False,0,0,0,66.17758040957281,0.7612484484592231,0.0,
1339,rush,P2,False,D4bc_process_aware,False,False,False,0,0,0,66.17758040957281,0.7612484484592231,0.0,
1339,rush,P2,False,FULL_D3+D4bc,False,False,False,0,0,0,66.17758040957281,0.7612484484592231,0.0,
1340,rush,P3,False,D0_none,False,False,False,0,0,0,91.07795491975551,0.6728077609312227,0.0,
1340,rush,P3,False,D3_safety_auth,False,False,False,0,0,0,91.07795491975551,0.6728077609312227,0.0,
1340,rush,P3,False,D4b_master_data,False,False,False,0,0,0,91.07795491975551,0.6728077609312227,0.0,
1340,rush,P3,False,D4c_spc,False,False,False,0,0,0,91.07795491975551,0.6728077609312227,0.0,
1340,rush,P3,False,D4bc_process_aware,False,False,False,0,0,0,91.07795491975551,0.6728077609312227,0.0,
1340,rush,P3,False,FULL_D3+D4bc,False,False,False,0,0,0,91.07795491975551,0.6728077609312227,0.0,
1341,rush,P3,False,D0_none,False,False,False,0,0,0,91.07795491975551,0.6728077609312227,0.0,
1341,rush,P3,False,D3_safety_auth,False,False,False,0,0,0,91.07795491975551,0.6728077609312227,0.0,
1341,rush,P3,False,D4b_master_data,False,False,False,0,0,0,91.07795491975551,0.6728077609312227,0.0,
1341,rush,P3,False,D4c_spc,False,False,False,0,0,0,91.07795491975551,0.6728077609312227,0.0,
1341,rush,P3,False,D4bc_process_aware,False,False,False,0,0,0,91.07795491975551,0.6728077609312227,0.0,
1341,rush,P3,False,FULL_D3+D4bc,False,False,False,0,0,0,91.07795491975551,0.6728077609312227,0.0,
1342,rush,P1,False,D0_none,False,False,False,0,0,0,88.64955592153876,0.686405648499751,0.0,
1342,rush,P1,False,D3_safety_auth,False,False,False,0,0,0,88.64955592153876,0.686405648499751,0.0,
1342,rush,P1,False,D4b_master_data,False,False,False,0,0,0,88.64955592153876,0.686405648499751,0.0,
1342,rush,P1,False,D4c_spc,False,False,False,0,0,0,88.64955592153876,0.686405648499751,0.0,
1342,rush,P1,False,D4bc_process_aware,False,False,False,0,0,0,88.64955592153876,0.686405648499751,0.0,
1342,rush,P1,False,FULL_D3+D4bc,False,False,False,0,0,0,88.64955592153876,0.686405648499751,0.0,
1343,rush,P1,False,D0_none,False,False,False,0,0,0,88.64955592153876,0.686405648499751,0.0,
1343,rush,P1,False,D3_safety_auth,False,False,False,0,0,0,88.64955592153876,0.686405648499751,0.0,
1343,rush,P1,False,D4b_master_data,False,False,False,0,0,0,88.64955592153876,0.686405648499751,0.0,
1343,rush,P1,False,D4c_spc,False,False,False,0,0,0,88.64955592153876,0.686405648499751,0.0,
1343,rush,P1,False,D4bc_process_aware,False,False,False,0,0,0,88.64955592153876,0.686405648499751,0.0,
1343,rush,P1,False,FULL_D3+D4bc,False,False,False,0,0,0,88.64955592153876,0.686405648499751,0.0,
1344,rush,P3,False,D0_none,False,False,False,1,0,1,91.07795491975551,0.6279539102024745,0.0,
1344,rush,P3,False,D3_safety_auth,False,False,False,1,0,1,91.07795491975551,0.6279539102024745,0.0,
1344,rush,P3,False,D4b_master_data,False,False,False,1,0,1,91.07795491975551,0.6279539102024745,0.0,
1344,rush,P3,False,D4c_spc,False,True,True,1,0,0,108.07795491975548,0.5480799157090895,17.0,
1344,rush,P3,False,D4bc_process_aware,False,True,True,1,0,0,108.07795491975548,0.5480799157090895,17.0,
1344,rush,P3,False,FULL_D3+D4bc,False,True,True,1,0,0,108.07795491975548,0.5480799157090895,17.0,
1345,rush,P1,False,D0_none,False,False,False,0,0,0,88.64955592153876,0.686405648499751,0.0,
1345,rush,P1,False,D3_safety_auth,False,False,False,0,0,0,88.64955592153876,0.686405648499751,0.0,
1345,rush,P1,False,D4b_master_data,False,False,False,0,0,0,88.64955592153876,0.686405648499751,0.0,
1345,rush,P1,False,D4c_spc,False,False,False,0,0,0,88.64955592153876,0.686405648499751,0.0,
1345,rush,P1,False,D4bc_process_aware,False,False,False,0,0,0,88.64955592153876,0.686405648499751,0.0,
1345,rush,P1,False,FULL_D3+D4bc,False,False,False,0,0,0,88.64955592153876,0.686405648499751,0.0,
1346,rush,P3,False,D0_none,False,False,False,0,0,0,91.07795491975551,0.6728077609312227,0.0,
1346,rush,P3,False,D3_safety_auth,False,False,False,0,0,0,91.07795491975551,0.6728077609312227,0.0,
1346,rush,P3,False,D4b_master_data,False,False,False,0,0,0,91.07795491975551,0.6728077609312227,0.0,
1346,rush,P3,False,D4c_spc,False,False,False,0,0,0,91.07795491975551,0.6728077609312227,0.0,
1346,rush,P3,False,D4bc_process_aware,False,False,False,0,0,0,91.07795491975551,0.6728077609312227,0.0,
1346,rush,P3,False,FULL_D3+D4bc,False,False,False,0,0,0,91.07795491975551,0.6728077609312227,0.0,
1347,rush,P3,False,D0_none,False,False,False,0,0,0,91.07795491975551,0.6728077609312227,0.0,
1347,rush,P3,False,D3_safety_auth,False,False,False,0,0,0,91.07795491975551,0.6728077609312227,0.0,
1347,rush,P3,False,D4b_master_data,False,False,False,0,0,0,91.07795491975551,0.6728077609312227,0.0,
1347,rush,P3,False,D4c_spc,False,False,False,0,0,0,91.07795491975551,0.6728077609312227,0.0,
1347,rush,P3,False,D4bc_process_aware,False,False,False,0,0,0,91.07795491975551,0.6728077609312227,0.0,
1347,rush,P3,False,FULL_D3+D4bc,False,False,False,0,0,0,91.07795491975551,0.6728077609312227,0.0,
1348,rush,P3,False,D0_none,False,False,False,0,1,0,91.07795491975551,0.6503808355668487,0.0,
1348,rush,P3,False,D3_safety_auth,False,False,False,0,1,0,91.07795491975551,0.6503808355668487,0.0,
1348,rush,P3,False,D4b_master_data,False,False,False,0,1,0,91.07795491975551,0.6503808355668487,0.0,
1348,rush,P3,False,D4c_spc,False,True,True,0,1,0,108.07795491975548,0.5480799157090895,17.0,
1348,rush,P3,False,D4bc_process_aware,False,True,True,0,1,0,108.07795491975548,0.5480799157090895,17.0,
1348,rush,P3,False,FULL_D3+D4bc,False,True,True,0,1,0,108.07795491975548,0.5480799157090895,17.0,
1349,rush,P1,False,D0_none,False,False,False,1,0,0,88.64955592153876,0.663525460216426,0.0,
1349,rush,P1,False,D3_safety_auth,False,False,False,1,0,0,88.64955592153876,0.663525460216426,0.0,
1349,rush,P1,False,D4b_master_data,False,False,False,1,0,0,88.64955592153876,0.663525460216426,0.0,
1349,rush,P1,False,D4c_spc,False,True,True,1,0,0,105.64955592153876,0.5567580183158055,17.0,
1349,rush,P1,False,D4bc_process_aware,False,True,True,1,0,0,105.64955592153876,0.5567580183158055,17.0,
1349,rush,P1,False,FULL_D3+D4bc,False,True,True,1,0,0,105.64955592153876,0.5567580183158055,17.0,
1350,rush,P3,False,D0_none,False,False,False,0,0,0,91.07795491975551,0.6728077609312227,0.0,
1350,rush,P3,False,D3_safety_auth,False,False,False,0,0,0,91.07795491975551,0.6728077609312227,0.0,
1350,rush,P3,False,D4b_master_data,False,False,False,0,0,0,91.07795491975551,0.6728077609312227,0.0,
1350,rush,P3,False,D4c_spc,False,False,False,0,0,0,91.07795491975551,0.6728077609312227,0.0,
1350,rush,P3,False,D4bc_process_aware,False,False,False,0,0,0,91.07795491975551,0.6728077609312227,0.0,
1350,rush,P3,False,FULL_D3+D4bc,False,False,False,0,0,0,91.07795491975551,0.6728077609312227,0.0,
1351,rush,P3,False,D0_none,False,False,False,0,0,0,91.07795491975551,0.6728077609312227,0.0,
1351,rush,P3,False,D3_safety_auth,False,False,False,0,0,0,91.07795491975551,0.6728077609312227,0.0,
1351,rush,P3,False,D4b_master_data,False,False,False,0,0,0,91.07795491975551,0.6728077609312227,0.0,
1351,rush,P3,False,D4c_spc,False,False,False,0,0,0,91.07795491975551,0.6728077609312227,0.0,
1351,rush,P3,False,D4bc_process_aware,False,False,False,0,0,0,91.07795491975551,0.6728077609312227,0.0,
1351,rush,P3,False,FULL_D3+D4bc,False,False,False,0,0,0,91.07795491975551,0.6728077609312227,0.0,
1352,rush,P3,False,D0_none,False,False,False,0,0,0,91.07795491975551,0.6728077609312227,0.0,
1352,rush,P3,False,D3_safety_auth,False,False,False,0,0,0,91.07795491975551,0.6728077609312227,0.0,
1352,rush,P3,False,D4b_master_data,False,False,False,0,0,0,91.07795491975551,0.6728077609312227,0.0,
1352,rush,P3,False,D4c_spc,False,False,False,0,0,0,91.07795491975551,0.6728077609312227,0.0,
1352,rush,P3,False,D4bc_process_aware,False,False,False,0,0,0,91.07795491975551,0.6728077609312227,0.0,
1352,rush,P3,False,FULL_D3+D4bc,False,False,False,0,0,0,91.07795491975551,0.6728077609312227,0.0,
1353,rush,P1,False,D0_none,False,False,False,0,0,0,88.64955592153876,0.686405648499751,0.0,
1353,rush,P1,False,D3_safety_auth,False,False,False,0,0,0,88.64955592153876,0.686405648499751,0.0,
1353,rush,P1,False,D4b_master_data,False,False,False,0,0,0,88.64955592153876,0.686405648499751,0.0,
1353,rush,P1,False,D4c_spc,False,False,False,0,0,0,88.64955592153876,0.686405648499751,0.0,
1353,rush,P1,False,D4bc_process_aware,False,False,False,0,0,0,88.64955592153876,0.686405648499751,0.0,
1353,rush,P1,False,FULL_D3+D4bc,False,False,False,0,0,0,88.64955592153876,0.686405648499751,0.0,
1354,rush,P3,False,D0_none,False,False,False,0,0,0,91.07795491975551,0.6728077609312227,0.0,
1354,rush,P3,False,D3_safety_auth,False,False,False,0,0,0,91.07795491975551,0.6728077609312227,0.0,
1354,rush,P3,False,D4b_master_data,False,False,False,0,0,0,91.07795491975551,0.6728077609312227,0.0,
1354,rush,P3,False,D4c_spc,False,False,False,0,0,0,91.07795491975551,0.6728077609312227,0.0,
1354,rush,P3,False,D4bc_process_aware,False,False,False,0,0,0,91.07795491975551,0.6728077609312227,0.0,
1354,rush,P3,False,FULL_D3+D4bc,False,False,False,0,0,0,91.07795491975551,0.6728077609312227,0.0,
1355,rush,P1,False,D0_none,False,False,False,0,0,0,88.64955592153876,0.686405648499751,0.0,
1355,rush,P1,False,D3_safety_auth,False,False,False,0,0,0,88.64955592153876,0.686405648499751,0.0,
1355,rush,P1,False,D4b_master_data,False,False,False,0,0,0,88.64955592153876,0.686405648499751,0.0,
1355,rush,P1,False,D4c_spc,False,False,False,0,0,0,88.64955592153876,0.686405648499751,0.0,
1355,rush,P1,False,D4bc_process_aware,False,False,False,0,0,0,88.64955592153876,0.686405648499751,0.0,
1355,rush,P1,False,FULL_D3+D4bc,False,False,False,0,0,0,88.64955592153876,0.686405648499751,0.0,
1356,rush,P2,True,D0_none,False,False,False,0,0,0,66.17758040957281,0.7612484484592231,0.0,
1356,rush,P2,True,D3_safety_auth,False,False,False,0,0,0,66.17758040957281,0.7612484484592231,0.0,
1356,rush,P2,True,D4b_master_data,True,False,False,0,0,0,81.17758040957281,0.6205848973989873,15.0,inspection sampling not per master data
1356,rush,P2,True,D4c_spc,False,False,False,0,0,0,66.17758040957281,0.7612484484592231,0.0,
1356,rush,P2,True,D4bc_process_aware,True,False,False,0,0,0,81.17758040957281,0.6205848973989873,15.0,inspection sampling not per master data
1356,rush,P2,True,FULL_D3+D4bc,True,False,False,0,0,0,81.17758040957281,0.6205848973989873,15.0,inspection sampling not per master data
1357,rush,P1,False,D0_none,False,False,False,1,0,0,88.64955592153876,0.663525460216426,0.0,
1357,rush,P1,False,D3_safety_auth,False,False,False,1,0,0,88.64955592153876,0.663525460216426,0.0,
1357,rush,P1,False,D4b_master_data,False,False,False,1,0,0,88.64955592153876,0.663525460216426,0.0,
1357,rush,P1,False,D4c_spc,False,True,True,1,0,0,105.64955592153876,0.5567580183158055,17.0,
1357,rush,P1,False,D4bc_process_aware,False,True,True,1,0,0,105.64955592153876,0.5567580183158055,17.0,
1357,rush,P1,False,FULL_D3+D4bc,False,True,True,1,0,0,105.64955592153876,0.5567580183158055,17.0,
1358,rush,P3,False,D0_none,False,False,False,0,0,0,91.07795491975551,0.6728077609312227,0.0,
1358,rush,P3,False,D3_safety_auth,False,False,False,0,0,0,91.07795491975551,0.6728077609312227,0.0,
1358,rush,P3,False,D4b_master_data,False,False,False,0,0,0,91.07795491975551,0.6728077609312227,0.0,
1358,rush,P3,False,D4c_spc,False,False,False,0,0,0,91.07795491975551,0.6728077609312227,0.0,
1358,rush,P3,False,D4bc_process_aware,False,False,False,0,0,0,91.07795491975551,0.6728077609312227,0.0,
1358,rush,P3,False,FULL_D3+D4bc,False,False,False,0,0,0,91.07795491975551,0.6728077609312227,0.0,
1359,rush,P3,False,D0_none,False,False,False,0,0,0,91.07795491975551,0.6728077609312227,0.0,
1359,rush,P3,False,D3_safety_auth,False,False,False,0,0,0,91.07795491975551,0.6728077609312227,0.0,
1359,rush,P3,False,D4b_master_data,False,False,False,0,0,0,91.07795491975551,0.6728077609312227,0.0,
1359,rush,P3,False,D4c_spc,False,False,False,0,0,0,91.07795491975551,0.6728077609312227,0.0,
1359,rush,P3,False,D4bc_process_aware,False,False,False,0,0,0,91.07795491975551,0.6728077609312227,0.0,
1359,rush,P3,False,FULL_D3+D4bc,False,False,False,0,0,0,91.07795491975551,0.6728077609312227,0.0,
1360,rush,P1,False,D0_none,False,False,False,0,0,0,88.64955592153876,0.686405648499751,0.0,
1360,rush,P1,False,D3_safety_auth,False,False,False,0,0,0,88.64955592153876,0.686405648499751,0.0,
1360,rush,P1,False,D4b_master_data,False,False,False,0,0,0,88.64955592153876,0.686405648499751,0.0,
1360,rush,P1,False,D4c_spc,False,False,False,0,0,0,88.64955592153876,0.686405648499751,0.0,
1360,rush,P1,False,D4bc_process_aware,False,False,False,0,0,0,88.64955592153876,0.686405648499751,0.0,
1360,rush,P1,False,FULL_D3+D4bc,False,False,False,0,0,0,88.64955592153876,0.686405648499751,0.0,
1361,rush,P2,False,D0_none,False,False,False,0,0,0,66.17758040957281,0.7612484484592231,0.0,
1361,rush,P2,False,D3_safety_auth,False,False,False,0,0,0,66.17758040957281,0.7612484484592231,0.0,
1361,rush,P2,False,D4b_master_data,False,False,False,0,0,0,66.17758040957281,0.7612484484592231,0.0,
1361,rush,P2,False,D4c_spc,False,False,False,0,0,0,66.17758040957281,0.7612484484592231,0.0,
1361,rush,P2,False,D4bc_process_aware,False,False,False,0,0,0,66.17758040957281,0.7612484484592231,0.0,
1361,rush,P2,False,FULL_D3+D4bc,False,False,False,0,0,0,66.17758040957281,0.7612484484592231,0.0,
1362,rush,P3,False,D0_none,False,False,False,0,0,1,91.07795491975551,0.6503808355668487,0.0,
1362,rush,P3,False,D3_safety_auth,False,False,False,0,0,1,91.07795491975551,0.6503808355668487,0.0,
1362,rush,P3,False,D4b_master_data,False,False,False,0,0,1,91.07795491975551,0.6503808355668487,0.0,
1362,rush,P3,False,D4c_spc,False,True,False,0,0,1,108.07795491975551,0.5480799157090894,17.0,
1362,rush,P3,False,D4bc_process_aware,False,True,False,0,0,1,108.07795491975551,0.5480799157090894,17.0,
1362,rush,P3,False,FULL_D3+D4bc,False,True,False,0,0,1,108.07795491975551,0.5480799157090894,17.0,
1363,rush,P3,False,D0_none,False,False,False,0,0,0,91.07795491975551,0.6728077609312227,0.0,
1363,rush,P3,False,D3_safety_auth,False,False,False,0,0,0,91.07795491975551,0.6728077609312227,0.0,
1363,rush,P3,False,D4b_master_data,False,False,False,0,0,0,91.07795491975551,0.6728077609312227,0.0,
1363,rush,P3,False,D4c_spc,False,False,False,0,0,0,91.07795491975551,0.6728077609312227,0.0,
1363,rush,P3,False,D4bc_process_aware,False,False,False,0,0,0,91.07795491975551,0.6728077609312227,0.0,
1363,rush,P3,False,FULL_D3+D4bc,False,False,False,0,0,0,91.07795491975551,0.6728077609312227,0.0,
1364,rush,P3,False,D0_none,False,False,False,0,0,0,91.07795491975551,0.6728077609312227,0.0,
1364,rush,P3,False,D3_safety_auth,False,False,False,0,0,0,91.07795491975551,0.6728077609312227,0.0,
1364,rush,P3,False,D4b_master_data,False,False,False,0,0,0,91.07795491975551,0.6728077609312227,0.0,
1364,rush,P3,False,D4c_spc,False,False,False,0,0,0,91.07795491975551,0.6728077609312227,0.0,
1364,rush,P3,False,D4bc_process_aware,False,False,False,0,0,0,91.07795491975551,0.6728077609312227,0.0,
1364,rush,P3,False,FULL_D3+D4bc,False,False,False,0,0,0,91.07795491975551,0.6728077609312227,0.0,
1365,rush,P2,False,D0_none,False,False,False,0,0,0,66.17758040957281,0.7612484484592231,0.0,
1365,rush,P2,False,D3_safety_auth,False,False,False,0,0,0,66.17758040957281,0.7612484484592231,0.0,
1365,rush,P2,False,D4b_master_data,False,False,False,0,0,0,66.17758040957281,0.7612484484592231,0.0,
1365,rush,P2,False,D4c_spc,False,False,False,0,0,0,66.17758040957281,0.7612484484592231,0.0,
1365,rush,P2,False,D4bc_process_aware,False,False,False,0,0,0,66.17758040957281,0.7612484484592231,0.0,
1365,rush,P2,False,FULL_D3+D4bc,False,False,False,0,0,0,66.17758040957281,0.7612484484592231,0.0,
1366,rush,P3,False,D0_none,False,False,False,0,0,0,91.07795491975551,0.6728077609312227,0.0,
1366,rush,P3,False,D3_safety_auth,False,False,False,0,0,0,91.07795491975551,0.6728077609312227,0.0,
1366,rush,P3,False,D4b_master_data,False,False,False,0,0,0,91.07795491975551,0.6728077609312227,0.0,
1366,rush,P3,False,D4c_spc,False,False,False,0,0,0,91.07795491975551,0.6728077609312227,0.0,
1366,rush,P3,False,D4bc_process_aware,False,False,False,0,0,0,91.07795491975551,0.6728077609312227,0.0,
1366,rush,P3,False,FULL_D3+D4bc,False,False,False,0,0,0,91.07795491975551,0.6728077609312227,0.0,
1367,rush,P3,False,D0_none,False,False,False,0,0,0,91.07795491975551,0.6728077609312227,0.0,
1367,rush,P3,False,D3_safety_auth,False,False,False,0,0,0,91.07795491975551,0.6728077609312227,0.0,
1367,rush,P3,False,D4b_master_data,False,False,False,0,0,0,91.07795491975551,0.6728077609312227,0.0,
1367,rush,P3,False,D4c_spc,False,False,False,0,0,0,91.07795491975551,0.6728077609312227,0.0,
1367,rush,P3,False,D4bc_process_aware,False,False,False,0,0,0,91.07795491975551,0.6728077609312227,0.0,
1367,rush,P3,False,FULL_D3+D4bc,False,False,False,0,0,0,91.07795491975551,0.6728077609312227,0.0,
1368,rush,P1,False,D0_none,False,False,False,0,0,0,88.64955592153876,0.686405648499751,0.0,
1368,rush,P1,False,D3_safety_auth,False,False,False,0,0,0,88.64955592153876,0.686405648499751,0.0,
1368,rush,P1,False,D4b_master_data,False,False,False,0,0,0,88.64955592153876,0.686405648499751,0.0,
1368,rush,P1,False,D4c_spc,False,False,False,0,0,0,88.64955592153876,0.686405648499751,0.0,
1368,rush,P1,False,D4bc_process_aware,False,False,False,0,0,0,88.64955592153876,0.686405648499751,0.0,
1368,rush,P1,False,FULL_D3+D4bc,False,False,False,0,0,0,88.64955592153876,0.686405648499751,0.0,
1369,rush,P1,False,D0_none,False,False,False,0,0,0,88.64955592153876,0.686405648499751,0.0,
1369,rush,P1,False,D3_safety_auth,False,False,False,0,0,0,88.64955592153876,0.686405648499751,0.0,
1369,rush,P1,False,D4b_master_data,False,False,False,0,0,0,88.64955592153876,0.686405648499751,0.0,
1369,rush,P1,False,D4c_spc,False,False,False,0,0,0,88.64955592153876,0.686405648499751,0.0,
1369,rush,P1,False,D4bc_process_aware,False,False,False,0,0,0,88.64955592153876,0.686405648499751,0.0,
1369,rush,P1,False,FULL_D3+D4bc,False,False,False,0,0,0,88.64955592153876,0.686405648499751,0.0,
1370,rush,P3,True,D0_none,False,False,False,0,0,0,91.07795491975551,0.6728077609312227,0.0,
1370,rush,P3,True,D3_safety_auth,False,False,False,0,0,0,91.07795491975551,0.6728077609312227,0.0,
1370,rush,P3,True,D4b_master_data,True,False,False,0,0,0,106.07795491975551,0.5776690827619207,15.0,inspection sampling not per master data
1370,rush,P3,True,D4c_spc,False,False,False,0,0,0,91.07795491975551,0.6728077609312227,0.0,
1370,rush,P3,True,D4bc_process_aware,True,False,False,0,0,0,106.07795491975551,0.5776690827619207,15.0,inspection sampling not per master data
1370,rush,P3,True,FULL_D3+D4bc,True,False,False,0,0,0,106.07795491975551,0.5776690827619207,15.0,inspection sampling not per master data
1371,rush,P2,False,D0_none,False,False,False,0,0,0,66.17758040957281,0.7612484484592231,0.0,
1371,rush,P2,False,D3_safety_auth,False,False,False,0,0,0,66.17758040957281,0.7612484484592231,0.0,
1371,rush,P2,False,D4b_master_data,False,False,False,0,0,0,66.17758040957281,0.7612484484592231,0.0,
1371,rush,P2,False,D4c_spc,False,False,False,0,0,0,66.17758040957281,0.7612484484592231,0.0,
1371,rush,P2,False,D4bc_process_aware,False,False,False,0,0,0,66.17758040957281,0.7612484484592231,0.0,
1371,rush,P2,False,FULL_D3+D4bc,False,False,False,0,0,0,66.17758040957281,0.7612484484592231,0.0,
1372,rush,P3,False,D0_none,False,False,False,0,0,0,91.07795491975551,0.6728077609312227,0.0,
1372,rush,P3,False,D3_safety_auth,False,False,False,0,0,0,91.07795491975551,0.6728077609312227,0.0,
1372,rush,P3,False,D4b_master_data,False,False,False,0,0,0,91.07795491975551,0.6728077609312227,0.0,
1372,rush,P3,False,D4c_spc,False,False,False,0,0,0,91.07795491975551,0.6728077609312227,0.0,
1372,rush,P3,False,D4bc_process_aware,False,False,False,0,0,0,91.07795491975551,0.6728077609312227,0.0,
1372,rush,P3,False,FULL_D3+D4bc,False,False,False,0,0,0,91.07795491975551,0.6728077609312227,0.0,
1373,rush,P3,False,D0_none,False,False,False,0,0,0,91.07795491975551,0.6728077609312227,0.0,
1373,rush,P3,False,D3_safety_auth,False,False,False,0,0,0,91.07795491975551,0.6728077609312227,0.0,
1373,rush,P3,False,D4b_master_data,False,False,False,0,0,0,91.07795491975551,0.6728077609312227,0.0,
1373,rush,P3,False,D4c_spc,False,False,False,0,0,0,91.07795491975551,0.6728077609312227,0.0,
1373,rush,P3,False,D4bc_process_aware,False,False,False,0,0,0,91.07795491975551,0.6728077609312227,0.0,
1373,rush,P3,False,FULL_D3+D4bc,False,False,False,0,0,0,91.07795491975551,0.6728077609312227,0.0,
1374,rush,P2,False,D0_none,False,False,False,0,0,0,66.17758040957281,0.7612484484592231,0.0,
1374,rush,P2,False,D3_safety_auth,False,False,False,0,0,0,66.17758040957281,0.7612484484592231,0.0,
1374,rush,P2,False,D4b_master_data,False,False,False,0,0,0,66.17758040957281,0.7612484484592231,0.0,
1374,rush,P2,False,D4c_spc,False,False,False,0,0,0,66.17758040957281,0.7612484484592231,0.0,
1374,rush,P2,False,D4bc_process_aware,False,False,False,0,0,0,66.17758040957281,0.7612484484592231,0.0,
1374,rush,P2,False,FULL_D3+D4bc,False,False,False,0,0,0,66.17758040957281,0.7612484484592231,0.0,
1375,rush,P2,False,D0_none,False,False,False,0,0,0,66.17758040957281,0.7612484484592231,0.0,
1375,rush,P2,False,D3_safety_auth,False,False,False,0,0,0,66.17758040957281,0.7612484484592231,0.0,
1375,rush,P2,False,D4b_master_data,False,False,False,0,0,0,66.17758040957281,0.7612484484592231,0.0,
1375,rush,P2,False,D4c_spc,False,False,False,0,0,0,66.17758040957281,0.7612484484592231,0.0,
1375,rush,P2,False,D4bc_process_aware,False,False,False,0,0,0,66.17758040957281,0.7612484484592231,0.0,
1375,rush,P2,False,FULL_D3+D4bc,False,False,False,0,0,0,66.17758040957281,0.7612484484592231,0.0,
1376,rush,P2,False,D0_none,False,False,False,0,0,0,66.17758040957281,0.7612484484592231,0.0,
1376,rush,P2,False,D3_safety_auth,False,False,False,0,0,0,66.17758040957281,0.7612484484592231,0.0,
1376,rush,P2,False,D4b_master_data,False,False,False,0,0,0,66.17758040957281,0.7612484484592231,0.0,
1376,rush,P2,False,D4c_spc,False,False,False,0,0,0,66.17758040957281,0.7612484484592231,0.0,
1376,rush,P2,False,D4bc_process_aware,False,False,False,0,0,0,66.17758040957281,0.7612484484592231,0.0,
1376,rush,P2,False,FULL_D3+D4bc,False,False,False,0,0,0,66.17758040957281,0.7612484484592231,0.0,
1377,rush,P1,False,D0_none,False,False,False,0,0,0,88.64955592153876,0.686405648499751,0.0,
1377,rush,P1,False,D3_safety_auth,False,False,False,0,0,0,88.64955592153876,0.686405648499751,0.0,
1377,rush,P1,False,D4b_master_data,False,False,False,0,0,0,88.64955592153876,0.686405648499751,0.0,
1377,rush,P1,False,D4c_spc,False,False,False,0,0,0,88.64955592153876,0.686405648499751,0.0,
1377,rush,P1,False,D4bc_process_aware,False,False,False,0,0,0,88.64955592153876,0.686405648499751,0.0,
1377,rush,P1,False,FULL_D3+D4bc,False,False,False,0,0,0,88.64955592153876,0.686405648499751,0.0,
1378,rush,P3,False,D0_none,False,False,False,0,0,1,91.07795491975551,0.6503808355668487,0.0,
1378,rush,P3,False,D3_safety_auth,False,False,False,0,0,1,91.07795491975551,0.6503808355668487,0.0,
1378,rush,P3,False,D4b_master_data,False,False,False,0,0,1,91.07795491975551,0.6503808355668487,0.0,
1378,rush,P3,False,D4c_spc,False,False,False,0,0,1,91.07795491975551,0.6503808355668487,0.0,
1378,rush,P3,False,D4bc_process_aware,False,False,False,0,0,1,91.07795491975551,0.6503808355668487,0.0,
1378,rush,P3,False,FULL_D3+D4bc,False,False,False,0,0,1,91.07795491975551,0.6503808355668487,0.0,
1379,rush,P2,True,D0_none,False,False,False,0,0,1,66.17758040957281,0.735873500177249,0.0,
1379,rush,P2,True,D3_safety_auth,False,False,False,0,0,1,66.17758040957281,0.735873500177249,0.0,
1379,rush,P2,True,D4b_master_data,True,False,False,0,0,1,81.17758040957281,0.5998987341523543,15.0,inspection sampling not per master data
1379,rush,P2,True,D4c_spc,False,False,False,0,0,1,66.17758040957281,0.735873500177249,0.0,
1379,rush,P2,True,D4bc_process_aware,True,False,False,0,0,1,81.17758040957281,0.5998987341523543,15.0,inspection sampling not per master data
1379,rush,P2,True,FULL_D3+D4bc,True,False,False,0,0,1,81.17758040957281,0.5998987341523543,15.0,inspection sampling not per master data
1380,rush,P3,False,D0_none,False,False,False,0,0,0,91.07795491975551,0.6728077609312227,0.0,
1380,rush,P3,False,D3_safety_auth,False,False,False,0,0,0,91.07795491975551,0.6728077609312227,0.0,
1380,rush,P3,False,D4b_master_data,False,False,False,0,0,0,91.07795491975551,0.6728077609312227,0.0,
1380,rush,P3,False,D4c_spc,False,False,False,0,0,0,91.07795491975551,0.6728077609312227,0.0,
1380,rush,P3,False,D4bc_process_aware,False,False,False,0,0,0,91.07795491975551,0.6728077609312227,0.0,
1380,rush,P3,False,FULL_D3+D4bc,False,False,False,0,0,0,91.07795491975551,0.6728077609312227,0.0,
1381,rush,P3,True,D0_none,False,False,False,0,0,0,91.07795491975551,0.6728077609312227,0.0,
1381,rush,P3,True,D3_safety_auth,False,False,False,0,0,0,91.07795491975551,0.6728077609312227,0.0,
1381,rush,P3,True,D4b_master_data,True,False,False,0,0,0,106.07795491975551,0.5776690827619207,15.0,inspection sampling not per master data
1381,rush,P3,True,D4c_spc,False,False,False,0,0,0,91.07795491975551,0.6728077609312227,0.0,
1381,rush,P3,True,D4bc_process_aware,True,False,False,0,0,0,106.07795491975551,0.5776690827619207,15.0,inspection sampling not per master data
1381,rush,P3,True,FULL_D3+D4bc,True,False,False,0,0,0,106.07795491975551,0.5776690827619207,15.0,inspection sampling not per master data
1382,rush,P2,False,D0_none,False,False,False,0,0,0,66.17758040957281,0.7612484484592231,0.0,
1382,rush,P2,False,D3_safety_auth,False,False,False,0,0,0,66.17758040957281,0.7612484484592231,0.0,
1382,rush,P2,False,D4b_master_data,False,False,False,0,0,0,66.17758040957281,0.7612484484592231,0.0,
1382,rush,P2,False,D4c_spc,False,False,False,0,0,0,66.17758040957281,0.7612484484592231,0.0,
1382,rush,P2,False,D4bc_process_aware,False,False,False,0,0,0,66.17758040957281,0.7612484484592231,0.0,
1382,rush,P2,False,FULL_D3+D4bc,False,False,False,0,0,0,66.17758040957281,0.7612484484592231,0.0,
1383,rush,P1,False,D0_none,False,False,False,0,1,0,88.64955592153876,0.663525460216426,0.0,
1383,rush,P1,False,D3_safety_auth,False,False,False,0,1,0,88.64955592153876,0.663525460216426,0.0,
1383,rush,P1,False,D4b_master_data,False,False,False,0,1,0,88.64955592153876,0.663525460216426,0.0,
1383,rush,P1,False,D4c_spc,False,True,True,0,1,0,105.64955592153876,0.5567580183158055,17.0,
1383,rush,P1,False,D4bc_process_aware,False,True,True,0,1,0,105.64955592153876,0.5567580183158055,17.0,
1383,rush,P1,False,FULL_D3+D4bc,False,True,True,0,1,0,105.64955592153876,0.5567580183158055,17.0,
1384,rush,P1,False,D0_none,False,False,False,0,0,0,88.64955592153876,0.686405648499751,0.0,
1384,rush,P1,False,D3_safety_auth,False,False,False,0,0,0,88.64955592153876,0.686405648499751,0.0,
1384,rush,P1,False,D4b_master_data,False,False,False,0,0,0,88.64955592153876,0.686405648499751,0.0,
1384,rush,P1,False,D4c_spc,False,True,False,0,0,0,105.64955592153876,0.575956570671523,17.0,
1384,rush,P1,False,D4bc_process_aware,False,True,False,0,0,0,105.64955592153876,0.575956570671523,17.0,
1384,rush,P1,False,FULL_D3+D4bc,False,True,False,0,0,0,105.64955592153876,0.575956570671523,17.0,
1385,rush,P1,False,D0_none,False,False,False,0,0,0,88.64955592153876,0.686405648499751,0.0,
1385,rush,P1,False,D3_safety_auth,False,False,False,0,0,0,88.64955592153876,0.686405648499751,0.0,
1385,rush,P1,False,D4b_master_data,False,False,False,0,0,0,88.64955592153876,0.686405648499751,0.0,
1385,rush,P1,False,D4c_spc,False,False,False,0,0,0,88.64955592153876,0.686405648499751,0.0,
1385,rush,P1,False,D4bc_process_aware,False,False,False,0,0,0,88.64955592153876,0.686405648499751,0.0,
1385,rush,P1,False,FULL_D3+D4bc,False,False,False,0,0,0,88.64955592153876,0.686405648499751,0.0,
1386,rush,P2,False,D0_none,False,False,False,0,0,0,66.17758040957281,0.7612484484592231,0.0,
1386,rush,P2,False,D3_safety_auth,False,False,False,0,0,0,66.17758040957281,0.7612484484592231,0.0,
1386,rush,P2,False,D4b_master_data,False,False,False,0,0,0,66.17758040957281,0.7612484484592231,0.0,
1386,rush,P2,False,D4c_spc,False,False,False,0,0,0,66.17758040957281,0.7612484484592231,0.0,
1386,rush,P2,False,D4bc_process_aware,False,False,False,0,0,0,66.17758040957281,0.7612484484592231,0.0,
1386,rush,P2,False,FULL_D3+D4bc,False,False,False,0,0,0,66.17758040957281,0.7612484484592231,0.0,
1387,rush,P1,False,D0_none,False,False,False,0,0,0,88.64955592153876,0.686405648499751,0.0,
1387,rush,P1,False,D3_safety_auth,False,False,False,0,0,0,88.64955592153876,0.686405648499751,0.0,
1387,rush,P1,False,D4b_master_data,False,False,False,0,0,0,88.64955592153876,0.686405648499751,0.0,
1387,rush,P1,False,D4c_spc,False,False,False,0,0,0,88.64955592153876,0.686405648499751,0.0,
1387,rush,P1,False,D4bc_process_aware,False,False,False,0,0,0,88.64955592153876,0.686405648499751,0.0,
1387,rush,P1,False,FULL_D3+D4bc,False,False,False,0,0,0,88.64955592153876,0.686405648499751,0.0,
1388,rush,P3,False,D0_none,False,False,False,0,0,0,91.07795491975551,0.6728077609312227,0.0,
1388,rush,P3,False,D3_safety_auth,False,False,False,0,0,0,91.07795491975551,0.6728077609312227,0.0,
1388,rush,P3,False,D4b_master_data,False,False,False,0,0,0,91.07795491975551,0.6728077609312227,0.0,
1388,rush,P3,False,D4c_spc,False,False,False,0,0,0,91.07795491975551,0.6728077609312227,0.0,
1388,rush,P3,False,D4bc_process_aware,False,False,False,0,0,0,91.07795491975551,0.6728077609312227,0.0,
1388,rush,P3,False,FULL_D3+D4bc,False,False,False,0,0,0,91.07795491975551,0.6728077609312227,0.0,
1389,rush,P1,False,D0_none,False,False,False,0,0,0,88.64955592153876,0.686405648499751,0.0,
1389,rush,P1,False,D3_safety_auth,False,False,False,0,0,0,88.64955592153876,0.686405648499751,0.0,
1389,rush,P1,False,D4b_master_data,False,False,False,0,0,0,88.64955592153876,0.686405648499751,0.0,
1389,rush,P1,False,D4c_spc,False,False,False,0,0,0,88.64955592153876,0.686405648499751,0.0,
1389,rush,P1,False,D4bc_process_aware,False,False,False,0,0,0,88.64955592153876,0.686405648499751,0.0,
1389,rush,P1,False,FULL_D3+D4bc,False,False,False,0,0,0,88.64955592153876,0.686405648499751,0.0,
1390,rush,P2,False,D0_none,False,False,False,0,0,0,66.17758040957281,0.7612484484592231,0.0,
1390,rush,P2,False,D3_safety_auth,False,False,False,0,0,0,66.17758040957281,0.7612484484592231,0.0,
1390,rush,P2,False,D4b_master_data,False,False,False,0,0,0,66.17758040957281,0.7612484484592231,0.0,
1390,rush,P2,False,D4c_spc,False,False,False,0,0,0,66.17758040957281,0.7612484484592231,0.0,
1390,rush,P2,False,D4bc_process_aware,False,False,False,0,0,0,66.17758040957281,0.7612484484592231,0.0,
1390,rush,P2,False,FULL_D3+D4bc,False,False,False,0,0,0,66.17758040957281,0.7612484484592231,0.0,
1391,rush,P3,False,D0_none,False,False,False,0,0,0,91.07795491975551,0.6728077609312227,0.0,
1391,rush,P3,False,D3_safety_auth,False,False,False,0,0,0,91.07795491975551,0.6728077609312227,0.0,
1391,rush,P3,False,D4b_master_data,False,False,False,0,0,0,91.07795491975551,0.6728077609312227,0.0,
1391,rush,P3,False,D4c_spc,False,False,False,0,0,0,91.07795491975551,0.6728077609312227,0.0,
1391,rush,P3,False,D4bc_process_aware,False,False,False,0,0,0,91.07795491975551,0.6728077609312227,0.0,
1391,rush,P3,False,FULL_D3+D4bc,False,False,False,0,0,0,91.07795491975551,0.6728077609312227,0.0,
1392,rush,P1,False,D0_none,False,False,False,0,0,0,88.64955592153876,0.686405648499751,0.0,
1392,rush,P1,False,D3_safety_auth,False,False,False,0,0,0,88.64955592153876,0.686405648499751,0.0,
1392,rush,P1,False,D4b_master_data,False,False,False,0,0,0,88.64955592153876,0.686405648499751,0.0,
1392,rush,P1,False,D4c_spc,False,False,False,0,0,0,88.64955592153876,0.686405648499751,0.0,
1392,rush,P1,False,D4bc_process_aware,False,False,False,0,0,0,88.64955592153876,0.686405648499751,0.0,
1392,rush,P1,False,FULL_D3+D4bc,False,False,False,0,0,0,88.64955592153876,0.686405648499751,0.0,
1393,rush,P3,False,D0_none,False,False,False,0,0,0,91.07795491975551,0.6728077609312227,0.0,
1393,rush,P3,False,D3_safety_auth,False,False,False,0,0,0,91.07795491975551,0.6728077609312227,0.0,
1393,rush,P3,False,D4b_master_data,False,False,False,0,0,0,91.07795491975551,0.6728077609312227,0.0,
1393,rush,P3,False,D4c_spc,False,False,False,0,0,0,91.07795491975551,0.6728077609312227,0.0,
1393,rush,P3,False,D4bc_process_aware,False,False,False,0,0,0,91.07795491975551,0.6728077609312227,0.0,
1393,rush,P3,False,FULL_D3+D4bc,False,False,False,0,0,0,91.07795491975551,0.6728077609312227,0.0,
1394,rush,P1,False,D0_none,False,False,False,0,0,0,88.64955592153876,0.686405648499751,0.0,
1394,rush,P1,False,D3_safety_auth,False,False,False,0,0,0,88.64955592153876,0.686405648499751,0.0,
1394,rush,P1,False,D4b_master_data,False,False,False,0,0,0,88.64955592153876,0.686405648499751,0.0,
1394,rush,P1,False,D4c_spc,False,False,False,0,0,0,88.64955592153876,0.686405648499751,0.0,
1394,rush,P1,False,D4bc_process_aware,False,False,False,0,0,0,88.64955592153876,0.686405648499751,0.0,
1394,rush,P1,False,FULL_D3+D4bc,False,False,False,0,0,0,88.64955592153876,0.686405648499751,0.0,
1395,rush,P2,False,D0_none,False,False,False,0,0,0,66.17758040957281,0.7612484484592231,0.0,
1395,rush,P2,False,D3_safety_auth,False,False,False,0,0,0,66.17758040957281,0.7612484484592231,0.0,
1395,rush,P2,False,D4b_master_data,False,False,False,0,0,0,66.17758040957281,0.7612484484592231,0.0,
1395,rush,P2,False,D4c_spc,False,False,False,0,0,0,66.17758040957281,0.7612484484592231,0.0,
1395,rush,P2,False,D4bc_process_aware,False,False,False,0,0,0,66.17758040957281,0.7612484484592231,0.0,
1395,rush,P2,False,FULL_D3+D4bc,False,False,False,0,0,0,66.17758040957281,0.7612484484592231,0.0,
1396,rush,P2,False,D0_none,False,False,False,0,0,0,66.17758040957281,0.7612484484592231,0.0,
1396,rush,P2,False,D3_safety_auth,False,False,False,0,0,0,66.17758040957281,0.7612484484592231,0.0,
1396,rush,P2,False,D4b_master_data,False,False,False,0,0,0,66.17758040957281,0.7612484484592231,0.0,
1396,rush,P2,False,D4c_spc,False,False,False,0,0,0,66.17758040957281,0.7612484484592231,0.0,
1396,rush,P2,False,D4bc_process_aware,False,False,False,0,0,0,66.17758040957281,0.7612484484592231,0.0,
1396,rush,P2,False,FULL_D3+D4bc,False,False,False,0,0,0,66.17758040957281,0.7612484484592231,0.0,
1397,rush,P3,False,D0_none,False,False,False,0,0,0,91.07795491975551,0.6728077609312227,0.0,
1397,rush,P3,False,D3_safety_auth,False,False,False,0,0,0,91.07795491975551,0.6728077609312227,0.0,
1397,rush,P3,False,D4b_master_data,False,False,False,0,0,0,91.07795491975551,0.6728077609312227,0.0,
1397,rush,P3,False,D4c_spc,False,False,False,0,0,0,91.07795491975551,0.6728077609312227,0.0,
1397,rush,P3,False,D4bc_process_aware,False,False,False,0,0,0,91.07795491975551,0.6728077609312227,0.0,
1397,rush,P3,False,FULL_D3+D4bc,False,False,False,0,0,0,91.07795491975551,0.6728077609312227,0.0,
1398,rush,P3,False,D0_none,False,False,False,0,0,0,91.07795491975551,0.6728077609312227,0.0,
1398,rush,P3,False,D3_safety_auth,False,False,False,0,0,0,91.07795491975551,0.6728077609312227,0.0,
1398,rush,P3,False,D4b_master_data,False,False,False,0,0,0,91.07795491975551,0.6728077609312227,0.0,
1398,rush,P3,False,D4c_spc,False,False,False,0,0,0,91.07795491975551,0.6728077609312227,0.0,
1398,rush,P3,False,D4bc_process_aware,False,False,False,0,0,0,91.07795491975551,0.6728077609312227,0.0,
1398,rush,P3,False,FULL_D3+D4bc,False,False,False,0,0,0,91.07795491975551,0.6728077609312227,0.0,
1399,rush,P2,False,D0_none,False,False,False,0,0,0,66.17758040957281,0.7612484484592231,0.0,
1399,rush,P2,False,D3_safety_auth,False,False,False,0,0,0,66.17758040957281,0.7612484484592231,0.0,
1399,rush,P2,False,D4b_master_data,False,False,False,0,0,0,66.17758040957281,0.7612484484592231,0.0,
1399,rush,P2,False,D4c_spc,False,False,False,0,0,0,66.17758040957281,0.7612484484592231,0.0,
1399,rush,P2,False,D4bc_process_aware,False,False,False,0,0,0,66.17758040957281,0.7612484484592231,0.0,
1399,rush,P2,False,FULL_D3+D4bc,False,False,False,0,0,0,66.17758040957281,0.7612484484592231,0.0,
1400,rush,P1,False,D0_none,False,False,False,0,0,0,88.64955592153876,0.686405648499751,0.0,
1400,rush,P1,False,D3_safety_auth,False,False,False,0,0,0,88.64955592153876,0.686405648499751,0.0,
1400,rush,P1,False,D4b_master_data,False,False,False,0,0,0,88.64955592153876,0.686405648499751,0.0,
1400,rush,P1,False,D4c_spc,False,False,False,0,0,0,88.64955592153876,0.686405648499751,0.0,
1400,rush,P1,False,D4bc_process_aware,False,False,False,0,0,0,88.64955592153876,0.686405648499751,0.0,
1400,rush,P1,False,FULL_D3+D4bc,False,False,False,0,0,0,88.64955592153876,0.686405648499751,0.0,
1401,rush,P1,False,D0_none,False,False,False,0,0,0,88.64955592153876,0.686405648499751,0.0,
1401,rush,P1,False,D3_safety_auth,False,False,False,0,0,0,88.64955592153876,0.686405648499751,0.0,
1401,rush,P1,False,D4b_master_data,False,False,False,0,0,0,88.64955592153876,0.686405648499751,0.0,
1401,rush,P1,False,D4c_spc,False,False,False,0,0,0,88.64955592153876,0.686405648499751,0.0,
1401,rush,P1,False,D4bc_process_aware,False,False,False,0,0,0,88.64955592153876,0.686405648499751,0.0,
1401,rush,P1,False,FULL_D3+D4bc,False,False,False,0,0,0,88.64955592153876,0.686405648499751,0.0,
1402,rush,P3,False,D0_none,False,False,False,0,0,0,91.07795491975551,0.6728077609312227,0.0,
1402,rush,P3,False,D3_safety_auth,False,False,False,0,0,0,91.07795491975551,0.6728077609312227,0.0,
1402,rush,P3,False,D4b_master_data,False,False,False,0,0,0,91.07795491975551,0.6728077609312227,0.0,
1402,rush,P3,False,D4c_spc,False,False,False,0,0,0,91.07795491975551,0.6728077609312227,0.0,
1402,rush,P3,False,D4bc_process_aware,False,False,False,0,0,0,91.07795491975551,0.6728077609312227,0.0,
1402,rush,P3,False,FULL_D3+D4bc,False,False,False,0,0,0,91.07795491975551,0.6728077609312227,0.0,
1403,rush,P1,False,D0_none,False,False,False,0,0,0,88.64955592153876,0.686405648499751,0.0,
1403,rush,P1,False,D3_safety_auth,False,False,False,0,0,0,88.64955592153876,0.686405648499751,0.0,
1403,rush,P1,False,D4b_master_data,False,False,False,0,0,0,88.64955592153876,0.686405648499751,0.0,
1403,rush,P1,False,D4c_spc,False,False,False,0,0,0,88.64955592153876,0.686405648499751,0.0,
1403,rush,P1,False,D4bc_process_aware,False,False,False,0,0,0,88.64955592153876,0.686405648499751,0.0,
1403,rush,P1,False,FULL_D3+D4bc,False,False,False,0,0,0,88.64955592153876,0.686405648499751,0.0,
1404,rush,P1,False,D0_none,False,False,False,0,0,0,88.64955592153876,0.686405648499751,0.0,
1404,rush,P1,False,D3_safety_auth,False,False,False,0,0,0,88.64955592153876,0.686405648499751,0.0,
1404,rush,P1,False,D4b_master_data,False,False,False,0,0,0,88.64955592153876,0.686405648499751,0.0,
1404,rush,P1,False,D4c_spc,False,False,False,0,0,0,88.64955592153876,0.686405648499751,0.0,
1404,rush,P1,False,D4bc_process_aware,False,False,False,0,0,0,88.64955592153876,0.686405648499751,0.0,
1404,rush,P1,False,FULL_D3+D4bc,False,False,False,0,0,0,88.64955592153876,0.686405648499751,0.0,
1405,rush,P1,False,D0_none,False,False,False,0,0,0,88.64955592153876,0.686405648499751,0.0,
1405,rush,P1,False,D3_safety_auth,False,False,False,0,0,0,88.64955592153876,0.686405648499751,0.0,
1405,rush,P1,False,D4b_master_data,False,False,False,0,0,0,88.64955592153876,0.686405648499751,0.0,
1405,rush,P1,False,D4c_spc,False,False,False,0,0,0,88.64955592153876,0.686405648499751,0.0,
1405,rush,P1,False,D4bc_process_aware,False,False,False,0,0,0,88.64955592153876,0.686405648499751,0.0,
1405,rush,P1,False,FULL_D3+D4bc,False,False,False,0,0,0,88.64955592153876,0.686405648499751,0.0,
1406,rush,P1,False,D0_none,False,False,False,0,0,0,88.64955592153876,0.686405648499751,0.0,
1406,rush,P1,False,D3_safety_auth,False,False,False,0,0,0,88.64955592153876,0.686405648499751,0.0,
1406,rush,P1,False,D4b_master_data,False,False,False,0,0,0,88.64955592153876,0.686405648499751,0.0,
1406,rush,P1,False,D4c_spc,False,False,False,0,0,0,88.64955592153876,0.686405648499751,0.0,
1406,rush,P1,False,D4bc_process_aware,False,False,False,0,0,0,88.64955592153876,0.686405648499751,0.0,
1406,rush,P1,False,FULL_D3+D4bc,False,False,False,0,0,0,88.64955592153876,0.686405648499751,0.0,
1407,rush,P3,False,D0_none,False,False,False,0,0,0,91.07795491975551,0.6728077609312227,0.0,
1407,rush,P3,False,D3_safety_auth,False,False,False,0,0,0,91.07795491975551,0.6728077609312227,0.0,
1407,rush,P3,False,D4b_master_data,False,False,False,0,0,0,91.07795491975551,0.6728077609312227,0.0,
1407,rush,P3,False,D4c_spc,False,False,False,0,0,0,91.07795491975551,0.6728077609312227,0.0,
1407,rush,P3,False,D4bc_process_aware,False,False,False,0,0,0,91.07795491975551,0.6728077609312227,0.0,
1407,rush,P3,False,FULL_D3+D4bc,False,False,False,0,0,0,91.07795491975551,0.6728077609312227,0.0,
1408,rush,P1,False,D0_none,False,False,False,0,0,0,88.64955592153876,0.686405648499751,0.0,
1408,rush,P1,False,D3_safety_auth,False,False,False,0,0,0,88.64955592153876,0.686405648499751,0.0,
1408,rush,P1,False,D4b_master_data,False,False,False,0,0,0,88.64955592153876,0.686405648499751,0.0,
1408,rush,P1,False,D4c_spc,False,False,False,0,0,0,88.64955592153876,0.686405648499751,0.0,
1408,rush,P1,False,D4bc_process_aware,False,False,False,0,0,0,88.64955592153876,0.686405648499751,0.0,
1408,rush,P1,False,FULL_D3+D4bc,False,False,False,0,0,0,88.64955592153876,0.686405648499751,0.0,
1409,rush,P2,False,D0_none,False,False,False,0,0,0,66.17758040957281,0.7612484484592231,0.0,
1409,rush,P2,False,D3_safety_auth,False,False,False,0,0,0,66.17758040957281,0.7612484484592231,0.0,
1409,rush,P2,False,D4b_master_data,False,False,False,0,0,0,66.17758040957281,0.7612484484592231,0.0,
1409,rush,P2,False,D4c_spc,False,False,False,0,0,0,66.17758040957281,0.7612484484592231,0.0,
1409,rush,P2,False,D4bc_process_aware,False,False,False,0,0,0,66.17758040957281,0.7612484484592231,0.0,
1409,rush,P2,False,FULL_D3+D4bc,False,False,False,0,0,0,66.17758040957281,0.7612484484592231,0.0,
1410,rush,P3,False,D0_none,False,False,False,1,0,0,91.07795491975551,0.6503808355668487,0.0,
1410,rush,P3,False,D3_safety_auth,False,False,False,1,0,0,91.07795491975551,0.6503808355668487,0.0,
1410,rush,P3,False,D4b_master_data,False,False,False,1,0,0,91.07795491975551,0.6503808355668487,0.0,
1410,rush,P3,False,D4c_spc,False,True,False,1,0,0,108.07795491975548,0.5480799157090895,17.0,
1410,rush,P3,False,D4bc_process_aware,False,True,False,1,0,0,108.07795491975548,0.5480799157090895,17.0,
1410,rush,P3,False,FULL_D3+D4bc,False,True,False,1,0,0,108.07795491975548,0.5480799157090895,17.0,
1411,rush,P2,False,D0_none,False,False,False,0,0,0,66.17758040957281,0.7612484484592231,0.0,
1411,rush,P2,False,D3_safety_auth,False,False,False,0,0,0,66.17758040957281,0.7612484484592231,0.0,
1411,rush,P2,False,D4b_master_data,False,False,False,0,0,0,66.17758040957281,0.7612484484592231,0.0,
1411,rush,P2,False,D4c_spc,False,False,False,0,0,0,66.17758040957281,0.7612484484592231,0.0,
1411,rush,P2,False,D4bc_process_aware,False,False,False,0,0,0,66.17758040957281,0.7612484484592231,0.0,
1411,rush,P2,False,FULL_D3+D4bc,False,False,False,0,0,0,66.17758040957281,0.7612484484592231,0.0,
1412,rush,P2,False,D0_none,False,False,False,0,0,0,66.17758040957281,0.7612484484592231,0.0,
1412,rush,P2,False,D3_safety_auth,False,False,False,0,0,0,66.17758040957281,0.7612484484592231,0.0,
1412,rush,P2,False,D4b_master_data,False,False,False,0,0,0,66.17758040957281,0.7612484484592231,0.0,
1412,rush,P2,False,D4c_spc,False,False,False,0,0,0,66.17758040957281,0.7612484484592231,0.0,
1412,rush,P2,False,D4bc_process_aware,False,False,False,0,0,0,66.17758040957281,0.7612484484592231,0.0,
1412,rush,P2,False,FULL_D3+D4bc,False,False,False,0,0,0,66.17758040957281,0.7612484484592231,0.0,
1413,rush,P2,False,D0_none,False,False,False,0,0,0,66.17758040957281,0.7612484484592231,0.0,
1413,rush,P2,False,D3_safety_auth,False,False,False,0,0,0,66.17758040957281,0.7612484484592231,0.0,
1413,rush,P2,False,D4b_master_data,False,False,False,0,0,0,66.17758040957281,0.7612484484592231,0.0,
1413,rush,P2,False,D4c_spc,False,False,False,0,0,0,66.17758040957281,0.7612484484592231,0.0,
1413,rush,P2,False,D4bc_process_aware,False,False,False,0,0,0,66.17758040957281,0.7612484484592231,0.0,
1413,rush,P2,False,FULL_D3+D4bc,False,False,False,0,0,0,66.17758040957281,0.7612484484592231,0.0,
1414,rush,P2,True,D0_none,False,False,False,0,0,0,66.17758040957281,0.7612484484592231,0.0,
1414,rush,P2,True,D3_safety_auth,False,False,False,0,0,0,66.17758040957281,0.7612484484592231,0.0,
1414,rush,P2,True,D4b_master_data,True,False,False,0,0,0,81.17758040957281,0.6205848973989873,15.0,inspection sampling not per master data
1414,rush,P2,True,D4c_spc,False,False,False,0,0,0,66.17758040957281,0.7612484484592231,0.0,
1414,rush,P2,True,D4bc_process_aware,True,False,False,0,0,0,81.17758040957281,0.6205848973989873,15.0,inspection sampling not per master data
1414,rush,P2,True,FULL_D3+D4bc,True,False,False,0,0,0,81.17758040957281,0.6205848973989873,15.0,inspection sampling not per master data
1415,rush,P3,False,D0_none,False,False,False,0,0,0,91.07795491975551,0.6728077609312227,0.0,
1415,rush,P3,False,D3_safety_auth,False,False,False,0,0,0,91.07795491975551,0.6728077609312227,0.0,
1415,rush,P3,False,D4b_master_data,False,False,False,0,0,0,91.07795491975551,0.6728077609312227,0.0,
1415,rush,P3,False,D4c_spc,False,False,False,0,0,0,91.07795491975551,0.6728077609312227,0.0,
1415,rush,P3,False,D4bc_process_aware,False,False,False,0,0,0,91.07795491975551,0.6728077609312227,0.0,
1415,rush,P3,False,FULL_D3+D4bc,False,False,False,0,0,0,91.07795491975551,0.6728077609312227,0.0,
1416,rush,P1,False,D0_none,False,False,False,0,0,0,88.64955592153876,0.686405648499751,0.0,
1416,rush,P1,False,D3_safety_auth,False,False,False,0,0,0,88.64955592153876,0.686405648499751,0.0,
1416,rush,P1,False,D4b_master_data,False,False,False,0,0,0,88.64955592153876,0.686405648499751,0.0,
1416,rush,P1,False,D4c_spc,False,False,False,0,0,0,88.64955592153876,0.686405648499751,0.0,
1416,rush,P1,False,D4bc_process_aware,False,False,False,0,0,0,88.64955592153876,0.686405648499751,0.0,
1416,rush,P1,False,FULL_D3+D4bc,False,False,False,0,0,0,88.64955592153876,0.686405648499751,0.0,
1417,rush,P3,False,D0_none,False,False,False,0,0,0,91.07795491975551,0.6728077609312227,0.0,
1417,rush,P3,False,D3_safety_auth,False,False,False,0,0,0,91.07795491975551,0.6728077609312227,0.0,
1417,rush,P3,False,D4b_master_data,False,False,False,0,0,0,91.07795491975551,0.6728077609312227,0.0,
1417,rush,P3,False,D4c_spc,False,False,False,0,0,0,91.07795491975551,0.6728077609312227,0.0,
1417,rush,P3,False,D4bc_process_aware,False,False,False,0,0,0,91.07795491975551,0.6728077609312227,0.0,
1417,rush,P3,False,FULL_D3+D4bc,False,False,False,0,0,0,91.07795491975551,0.6728077609312227,0.0,
1418,rush,P1,False,D0_none,False,False,False,0,0,0,88.64955592153876,0.686405648499751,0.0,
1418,rush,P1,False,D3_safety_auth,False,False,False,0,0,0,88.64955592153876,0.686405648499751,0.0,
1418,rush,P1,False,D4b_master_data,False,False,False,0,0,0,88.64955592153876,0.686405648499751,0.0,
1418,rush,P1,False,D4c_spc,False,False,False,0,0,0,88.64955592153876,0.686405648499751,0.0,
1418,rush,P1,False,D4bc_process_aware,False,False,False,0,0,0,88.64955592153876,0.686405648499751,0.0,
1418,rush,P1,False,FULL_D3+D4bc,False,False,False,0,0,0,88.64955592153876,0.686405648499751,0.0,
1419,rush,P2,False,D0_none,False,False,False,0,0,0,66.17758040957281,0.7612484484592231,0.0,
1419,rush,P2,False,D3_safety_auth,False,False,False,0,0,0,66.17758040957281,0.7612484484592231,0.0,
1419,rush,P2,False,D4b_master_data,False,False,False,0,0,0,66.17758040957281,0.7612484484592231,0.0,
1419,rush,P2,False,D4c_spc,False,False,False,0,0,0,66.17758040957281,0.7612484484592231,0.0,
1419,rush,P2,False,D4bc_process_aware,False,False,False,0,0,0,66.17758040957281,0.7612484484592231,0.0,
1419,rush,P2,False,FULL_D3+D4bc,False,False,False,0,0,0,66.17758040957281,0.7612484484592231,0.0,
1420,rush,P2,False,D0_none,False,False,False,0,0,0,66.17758040957281,0.7612484484592231,0.0,
1420,rush,P2,False,D3_safety_auth,False,False,False,0,0,0,66.17758040957281,0.7612484484592231,0.0,
1420,rush,P2,False,D4b_master_data,False,False,False,0,0,0,66.17758040957281,0.7612484484592231,0.0,
1420,rush,P2,False,D4c_spc,False,True,False,0,0,0,83.17758040957284,0.6056629702560434,17.0,
1420,rush,P2,False,D4bc_process_aware,False,True,False,0,0,0,83.17758040957284,0.6056629702560434,17.0,
1420,rush,P2,False,FULL_D3+D4bc,False,True,False,0,0,0,83.17758040957284,0.6056629702560434,17.0,
1421,rush,P2,False,D0_none,False,False,False,0,0,0,66.17758040957281,0.7612484484592231,0.0,
1421,rush,P2,False,D3_safety_auth,False,False,False,0,0,0,66.17758040957281,0.7612484484592231,0.0,
1421,rush,P2,False,D4b_master_data,False,False,False,0,0,0,66.17758040957281,0.7612484484592231,0.0,
1421,rush,P2,False,D4c_spc,False,False,False,0,0,0,66.17758040957281,0.7612484484592231,0.0,
1421,rush,P2,False,D4bc_process_aware,False,False,False,0,0,0,66.17758040957281,0.7612484484592231,0.0,
1421,rush,P2,False,FULL_D3+D4bc,False,False,False,0,0,0,66.17758040957281,0.7612484484592231,0.0,
1422,rush,P2,False,D0_none,False,False,False,0,0,0,66.17758040957281,0.7612484484592231,0.0,
1422,rush,P2,False,D3_safety_auth,False,False,False,0,0,0,66.17758040957281,0.7612484484592231,0.0,
1422,rush,P2,False,D4b_master_data,False,False,False,0,0,0,66.17758040957281,0.7612484484592231,0.0,
1422,rush,P2,False,D4c_spc,False,False,False,0,0,0,66.17758040957281,0.7612484484592231,0.0,
1422,rush,P2,False,D4bc_process_aware,False,False,False,0,0,0,66.17758040957281,0.7612484484592231,0.0,
1422,rush,P2,False,FULL_D3+D4bc,False,False,False,0,0,0,66.17758040957281,0.7612484484592231,0.0,
1423,rush,P1,False,D0_none,False,False,False,0,0,0,88.64955592153876,0.686405648499751,0.0,
1423,rush,P1,False,D3_safety_auth,False,False,False,0,0,0,88.64955592153876,0.686405648499751,0.0,
1423,rush,P1,False,D4b_master_data,False,False,False,0,0,0,88.64955592153876,0.686405648499751,0.0,
1423,rush,P1,False,D4c_spc,False,False,False,0,0,0,88.64955592153876,0.686405648499751,0.0,
1423,rush,P1,False,D4bc_process_aware,False,False,False,0,0,0,88.64955592153876,0.686405648499751,0.0,
1423,rush,P1,False,FULL_D3+D4bc,False,False,False,0,0,0,88.64955592153876,0.686405648499751,0.0,
1424,rush,P2,False,D0_none,False,False,False,0,0,0,66.17758040957281,0.7612484484592231,0.0,
1424,rush,P2,False,D3_safety_auth,False,False,False,0,0,0,66.17758040957281,0.7612484484592231,0.0,
1424,rush,P2,False,D4b_master_data,False,False,False,0,0,0,66.17758040957281,0.7612484484592231,0.0,
1424,rush,P2,False,D4c_spc,False,False,False,0,0,0,66.17758040957281,0.7612484484592231,0.0,
1424,rush,P2,False,D4bc_process_aware,False,False,False,0,0,0,66.17758040957281,0.7612484484592231,0.0,
1424,rush,P2,False,FULL_D3+D4bc,False,False,False,0,0,0,66.17758040957281,0.7612484484592231,0.0,
1425,rush,P2,False,D0_none,False,False,False,0,0,0,66.17758040957281,0.7612484484592231,0.0,
1425,rush,P2,False,D3_safety_auth,False,False,False,0,0,0,66.17758040957281,0.7612484484592231,0.0,
1425,rush,P2,False,D4b_master_data,False,False,False,0,0,0,66.17758040957281,0.7612484484592231,0.0,
1425,rush,P2,False,D4c_spc,False,False,False,0,0,0,66.17758040957281,0.7612484484592231,0.0,
1425,rush,P2,False,D4bc_process_aware,False,False,False,0,0,0,66.17758040957281,0.7612484484592231,0.0,
1425,rush,P2,False,FULL_D3+D4bc,False,False,False,0,0,0,66.17758040957281,0.7612484484592231,0.0,
1426,rush,P1,False,D0_none,False,False,False,0,0,0,88.64955592153876,0.686405648499751,0.0,
1426,rush,P1,False,D3_safety_auth,False,False,False,0,0,0,88.64955592153876,0.686405648499751,0.0,
1426,rush,P1,False,D4b_master_data,False,False,False,0,0,0,88.64955592153876,0.686405648499751,0.0,
1426,rush,P1,False,D4c_spc,False,False,False,0,0,0,88.64955592153876,0.686405648499751,0.0,
1426,rush,P1,False,D4bc_process_aware,False,False,False,0,0,0,88.64955592153876,0.686405648499751,0.0,
1426,rush,P1,False,FULL_D3+D4bc,False,False,False,0,0,0,88.64955592153876,0.686405648499751,0.0,
1427,rush,P3,False,D0_none,False,False,False,0,0,0,91.07795491975551,0.6728077609312227,0.0,
1427,rush,P3,False,D3_safety_auth,False,False,False,0,0,0,91.07795491975551,0.6728077609312227,0.0,
1427,rush,P3,False,D4b_master_data,False,False,False,0,0,0,91.07795491975551,0.6728077609312227,0.0,
1427,rush,P3,False,D4c_spc,False,False,False,0,0,0,91.07795491975551,0.6728077609312227,0.0,
1427,rush,P3,False,D4bc_process_aware,False,False,False,0,0,0,91.07795491975551,0.6728077609312227,0.0,
1427,rush,P3,False,FULL_D3+D4bc,False,False,False,0,0,0,91.07795491975551,0.6728077609312227,0.0,
1428,rush,P1,False,D0_none,False,False,False,0,0,0,88.64955592153876,0.686405648499751,0.0,
1428,rush,P1,False,D3_safety_auth,False,False,False,0,0,0,88.64955592153876,0.686405648499751,0.0,
1428,rush,P1,False,D4b_master_data,False,False,False,0,0,0,88.64955592153876,0.686405648499751,0.0,
1428,rush,P1,False,D4c_spc,False,False,False,0,0,0,88.64955592153876,0.686405648499751,0.0,
1428,rush,P1,False,D4bc_process_aware,False,False,False,0,0,0,88.64955592153876,0.686405648499751,0.0,
1428,rush,P1,False,FULL_D3+D4bc,False,False,False,0,0,0,88.64955592153876,0.686405648499751,0.0,
1429,rush,P1,False,D0_none,False,False,False,0,0,0,88.64955592153876,0.686405648499751,0.0,
1429,rush,P1,False,D3_safety_auth,False,False,False,0,0,0,88.64955592153876,0.686405648499751,0.0,
1429,rush,P1,False,D4b_master_data,False,False,False,0,0,0,88.64955592153876,0.686405648499751,0.0,
1429,rush,P1,False,D4c_spc,False,False,False,0,0,0,88.64955592153876,0.686405648499751,0.0,
1429,rush,P1,False,D4bc_process_aware,False,False,False,0,0,0,88.64955592153876,0.686405648499751,0.0,
1429,rush,P1,False,FULL_D3+D4bc,False,False,False,0,0,0,88.64955592153876,0.686405648499751,0.0,
1430,rush,P2,False,D0_none,False,False,False,0,0,0,66.17758040957281,0.7612484484592231,0.0,
1430,rush,P2,False,D3_safety_auth,False,False,False,0,0,0,66.17758040957281,0.7612484484592231,0.0,
1430,rush,P2,False,D4b_master_data,False,False,False,0,0,0,66.17758040957281,0.7612484484592231,0.0,
1430,rush,P2,False,D4c_spc,False,False,False,0,0,0,66.17758040957281,0.7612484484592231,0.0,
1430,rush,P2,False,D4bc_process_aware,False,False,False,0,0,0,66.17758040957281,0.7612484484592231,0.0,
1430,rush,P2,False,FULL_D3+D4bc,False,False,False,0,0,0,66.17758040957281,0.7612484484592231,0.0,
1431,rush,P3,False,D0_none,False,False,False,0,0,0,91.07795491975551,0.6728077609312227,0.0,
1431,rush,P3,False,D3_safety_auth,False,False,False,0,0,0,91.07795491975551,0.6728077609312227,0.0,
1431,rush,P3,False,D4b_master_data,False,False,False,0,0,0,91.07795491975551,0.6728077609312227,0.0,
1431,rush,P3,False,D4c_spc,False,False,False,0,0,0,91.07795491975551,0.6728077609312227,0.0,
1431,rush,P3,False,D4bc_process_aware,False,False,False,0,0,0,91.07795491975551,0.6728077609312227,0.0,
1431,rush,P3,False,FULL_D3+D4bc,False,False,False,0,0,0,91.07795491975551,0.6728077609312227,0.0,
1432,rush,P3,False,D0_none,False,False,False,0,0,0,91.07795491975551,0.6728077609312227,0.0,
1432,rush,P3,False,D3_safety_auth,False,False,False,0,0,0,91.07795491975551,0.6728077609312227,0.0,
1432,rush,P3,False,D4b_master_data,False,False,False,0,0,0,91.07795491975551,0.6728077609312227,0.0,
1432,rush,P3,False,D4c_spc,False,False,False,0,0,0,91.07795491975551,0.6728077609312227,0.0,
1432,rush,P3,False,D4bc_process_aware,False,False,False,0,0,0,91.07795491975551,0.6728077609312227,0.0,
1432,rush,P3,False,FULL_D3+D4bc,False,False,False,0,0,0,91.07795491975551,0.6728077609312227,0.0,
1433,rush,P3,False,D0_none,False,False,False,0,0,0,91.07795491975551,0.6728077609312227,0.0,
1433,rush,P3,False,D3_safety_auth,False,False,False,0,0,0,91.07795491975551,0.6728077609312227,0.0,
1433,rush,P3,False,D4b_master_data,False,False,False,0,0,0,91.07795491975551,0.6728077609312227,0.0,
1433,rush,P3,False,D4c_spc,False,True,False,0,0,0,106.07795491975548,0.577669082761921,17.0,
1433,rush,P3,False,D4bc_process_aware,False,True,False,0,0,0,106.07795491975548,0.577669082761921,17.0,
1433,rush,P3,False,FULL_D3+D4bc,False,True,False,0,0,0,106.07795491975548,0.577669082761921,17.0,
1434,rush,P3,False,D0_none,False,False,False,0,0,0,91.07795491975551,0.6728077609312227,0.0,
1434,rush,P3,False,D3_safety_auth,False,False,False,0,0,0,91.07795491975551,0.6728077609312227,0.0,
1434,rush,P3,False,D4b_master_data,False,False,False,0,0,0,91.07795491975551,0.6728077609312227,0.0,
1434,rush,P3,False,D4c_spc,False,False,False,0,0,0,91.07795491975551,0.6728077609312227,0.0,
1434,rush,P3,False,D4bc_process_aware,False,False,False,0,0,0,91.07795491975551,0.6728077609312227,0.0,
1434,rush,P3,False,FULL_D3+D4bc,False,False,False,0,0,0,91.07795491975551,0.6728077609312227,0.0,
1435,rush,P2,False,D0_none,False,False,False,0,0,0,66.17758040957281,0.7612484484592231,0.0,
1435,rush,P2,False,D3_safety_auth,False,False,False,0,0,0,66.17758040957281,0.7612484484592231,0.0,
1435,rush,P2,False,D4b_master_data,False,False,False,0,0,0,66.17758040957281,0.7612484484592231,0.0,
1435,rush,P2,False,D4c_spc,False,False,False,0,0,0,66.17758040957281,0.7612484484592231,0.0,
1435,rush,P2,False,D4bc_process_aware,False,False,False,0,0,0,66.17758040957281,0.7612484484592231,0.0,
1435,rush,P2,False,FULL_D3+D4bc,False,False,False,0,0,0,66.17758040957281,0.7612484484592231,0.0,
1436,rush,P2,False,D0_none,False,False,False,0,0,0,66.17758040957281,0.7612484484592231,0.0,
1436,rush,P2,False,D3_safety_auth,False,False,False,0,0,0,66.17758040957281,0.7612484484592231,0.0,
1436,rush,P2,False,D4b_master_data,False,False,False,0,0,0,66.17758040957281,0.7612484484592231,0.0,
1436,rush,P2,False,D4c_spc,False,False,False,0,0,0,66.17758040957281,0.7612484484592231,0.0,
1436,rush,P2,False,D4bc_process_aware,False,False,False,0,0,0,66.17758040957281,0.7612484484592231,0.0,
1436,rush,P2,False,FULL_D3+D4bc,False,False,False,0,0,0,66.17758040957281,0.7612484484592231,0.0,
1437,rush,P2,False,D0_none,False,False,False,0,0,0,66.17758040957281,0.7612484484592231,0.0,
1437,rush,P2,False,D3_safety_auth,False,False,False,0,0,0,66.17758040957281,0.7612484484592231,0.0,
1437,rush,P2,False,D4b_master_data,False,False,False,0,0,0,66.17758040957281,0.7612484484592231,0.0,
1437,rush,P2,False,D4c_spc,False,False,False,0,0,0,66.17758040957281,0.7612484484592231,0.0,
1437,rush,P2,False,D4bc_process_aware,False,False,False,0,0,0,66.17758040957281,0.7612484484592231,0.0,
1437,rush,P2,False,FULL_D3+D4bc,False,False,False,0,0,0,66.17758040957281,0.7612484484592231,0.0,
1438,rush,P3,False,D0_none,False,False,False,0,0,0,91.07795491975551,0.6728077609312227,0.0,
1438,rush,P3,False,D3_safety_auth,False,False,False,0,0,0,91.07795491975551,0.6728077609312227,0.0,
1438,rush,P3,False,D4b_master_data,False,False,False,0,0,0,91.07795491975551,0.6728077609312227,0.0,
1438,rush,P3,False,D4c_spc,False,False,False,0,0,0,91.07795491975551,0.6728077609312227,0.0,
1438,rush,P3,False,D4bc_process_aware,False,False,False,0,0,0,91.07795491975551,0.6728077609312227,0.0,
1438,rush,P3,False,FULL_D3+D4bc,False,False,False,0,0,0,91.07795491975551,0.6728077609312227,0.0,
1439,rush,P1,False,D0_none,False,False,False,0,0,0,88.64955592153876,0.686405648499751,0.0,
1439,rush,P1,False,D3_safety_auth,False,False,False,0,0,0,88.64955592153876,0.686405648499751,0.0,
1439,rush,P1,False,D4b_master_data,False,False,False,0,0,0,88.64955592153876,0.686405648499751,0.0,
1439,rush,P1,False,D4c_spc,False,False,False,0,0,0,88.64955592153876,0.686405648499751,0.0,
1439,rush,P1,False,D4bc_process_aware,False,False,False,0,0,0,88.64955592153876,0.686405648499751,0.0,
1439,rush,P1,False,FULL_D3+D4bc,False,False,False,0,0,0,88.64955592153876,0.686405648499751,0.0,
1440,rush,P2,False,D0_none,False,False,False,0,0,0,66.17758040957281,0.7612484484592231,0.0,
1440,rush,P2,False,D3_safety_auth,False,False,False,0,0,0,66.17758040957281,0.7612484484592231,0.0,
1440,rush,P2,False,D4b_master_data,False,False,False,0,0,0,66.17758040957281,0.7612484484592231,0.0,
1440,rush,P2,False,D4c_spc,False,False,False,0,0,0,66.17758040957281,0.7612484484592231,0.0,
1440,rush,P2,False,D4bc_process_aware,False,False,False,0,0,0,66.17758040957281,0.7612484484592231,0.0,
1440,rush,P2,False,FULL_D3+D4bc,False,False,False,0,0,0,66.17758040957281,0.7612484484592231,0.0,
1441,rush,P3,False,D0_none,False,False,False,0,0,0,91.07795491975551,0.6728077609312227,0.0,
1441,rush,P3,False,D3_safety_auth,False,False,False,0,0,0,91.07795491975551,0.6728077609312227,0.0,
1441,rush,P3,False,D4b_master_data,False,False,False,0,0,0,91.07795491975551,0.6728077609312227,0.0,
1441,rush,P3,False,D4c_spc,False,False,False,0,0,0,91.07795491975551,0.6728077609312227,0.0,
1441,rush,P3,False,D4bc_process_aware,False,False,False,0,0,0,91.07795491975551,0.6728077609312227,0.0,
1441,rush,P3,False,FULL_D3+D4bc,False,False,False,0,0,0,91.07795491975551,0.6728077609312227,0.0,
1442,rush,P3,False,D0_none,False,False,False,0,0,0,91.07795491975551,0.6728077609312227,0.0,
1442,rush,P3,False,D3_safety_auth,False,False,False,0,0,0,91.07795491975551,0.6728077609312227,0.0,
1442,rush,P3,False,D4b_master_data,False,False,False,0,0,0,91.07795491975551,0.6728077609312227,0.0,
1442,rush,P3,False,D4c_spc,False,False,False,0,0,0,91.07795491975551,0.6728077609312227,0.0,
1442,rush,P3,False,D4bc_process_aware,False,False,False,0,0,0,91.07795491975551,0.6728077609312227,0.0,
1442,rush,P3,False,FULL_D3+D4bc,False,False,False,0,0,0,91.07795491975551,0.6728077609312227,0.0,
1443,rush,P1,False,D0_none,False,False,False,0,0,0,88.64955592153876,0.686405648499751,0.0,
1443,rush,P1,False,D3_safety_auth,False,False,False,0,0,0,88.64955592153876,0.686405648499751,0.0,
1443,rush,P1,False,D4b_master_data,False,False,False,0,0,0,88.64955592153876,0.686405648499751,0.0,
1443,rush,P1,False,D4c_spc,False,False,False,0,0,0,88.64955592153876,0.686405648499751,0.0,
1443,rush,P1,False,D4bc_process_aware,False,False,False,0,0,0,88.64955592153876,0.686405648499751,0.0,
1443,rush,P1,False,FULL_D3+D4bc,False,False,False,0,0,0,88.64955592153876,0.686405648499751,0.0,
1444,rush,P2,False,D0_none,False,False,False,0,0,0,66.17758040957281,0.7612484484592231,0.0,
1444,rush,P2,False,D3_safety_auth,False,False,False,0,0,0,66.17758040957281,0.7612484484592231,0.0,
1444,rush,P2,False,D4b_master_data,False,False,False,0,0,0,66.17758040957281,0.7612484484592231,0.0,
1444,rush,P2,False,D4c_spc,False,False,False,0,0,0,66.17758040957281,0.7612484484592231,0.0,
1444,rush,P2,False,D4bc_process_aware,False,False,False,0,0,0,66.17758040957281,0.7612484484592231,0.0,
1444,rush,P2,False,FULL_D3+D4bc,False,False,False,0,0,0,66.17758040957281,0.7612484484592231,0.0,
1445,rush,P2,False,D0_none,False,False,False,0,0,1,66.17758040957281,0.735873500177249,0.0,
1445,rush,P2,False,D3_safety_auth,False,False,False,0,0,1,66.17758040957281,0.735873500177249,0.0,
1445,rush,P2,False,D4b_master_data,False,False,False,0,0,1,66.17758040957281,0.735873500177249,0.0,
1445,rush,P2,False,D4c_spc,False,False,False,0,0,1,66.17758040957281,0.735873500177249,0.0,
1445,rush,P2,False,D4bc_process_aware,False,False,False,0,0,1,66.17758040957281,0.735873500177249,0.0,
1445,rush,P2,False,FULL_D3+D4bc,False,False,False,0,0,1,66.17758040957281,0.735873500177249,0.0,
1446,rush,P3,False,D0_none,False,False,False,0,0,0,91.07795491975551,0.6728077609312227,0.0,
1446,rush,P3,False,D3_safety_auth,False,False,False,0,0,0,91.07795491975551,0.6728077609312227,0.0,
1446,rush,P3,False,D4b_master_data,False,False,False,0,0,0,91.07795491975551,0.6728077609312227,0.0,
1446,rush,P3,False,D4c_spc,False,False,False,0,0,0,91.07795491975551,0.6728077609312227,0.0,
1446,rush,P3,False,D4bc_process_aware,False,False,False,0,0,0,91.07795491975551,0.6728077609312227,0.0,
1446,rush,P3,False,FULL_D3+D4bc,False,False,False,0,0,0,91.07795491975551,0.6728077609312227,0.0,
1447,rush,P1,False,D0_none,False,False,False,0,0,0,88.64955592153876,0.686405648499751,0.0,
1447,rush,P1,False,D3_safety_auth,False,False,False,0,0,0,88.64955592153876,0.686405648499751,0.0,
1447,rush,P1,False,D4b_master_data,False,False,False,0,0,0,88.64955592153876,0.686405648499751,0.0,
1447,rush,P1,False,D4c_spc,False,False,False,0,0,0,88.64955592153876,0.686405648499751,0.0,
1447,rush,P1,False,D4bc_process_aware,False,False,False,0,0,0,88.64955592153876,0.686405648499751,0.0,
1447,rush,P1,False,FULL_D3+D4bc,False,False,False,0,0,0,88.64955592153876,0.686405648499751,0.0,
1448,rush,P3,False,D0_none,False,False,False,0,0,0,91.07795491975551,0.6728077609312227,0.0,
1448,rush,P3,False,D3_safety_auth,False,False,False,0,0,0,91.07795491975551,0.6728077609312227,0.0,
1448,rush,P3,False,D4b_master_data,False,False,False,0,0,0,91.07795491975551,0.6728077609312227,0.0,
1448,rush,P3,False,D4c_spc,False,False,False,0,0,0,91.07795491975551,0.6728077609312227,0.0,
1448,rush,P3,False,D4bc_process_aware,False,False,False,0,0,0,91.07795491975551,0.6728077609312227,0.0,
1448,rush,P3,False,FULL_D3+D4bc,False,False,False,0,0,0,91.07795491975551,0.6728077609312227,0.0,
1449,rush,P2,False,D0_none,False,False,False,0,0,0,66.17758040957281,0.7612484484592231,0.0,
1449,rush,P2,False,D3_safety_auth,False,False,False,0,0,0,66.17758040957281,0.7612484484592231,0.0,
1449,rush,P2,False,D4b_master_data,False,False,False,0,0,0,66.17758040957281,0.7612484484592231,0.0,
1449,rush,P2,False,D4c_spc,False,False,False,0,0,0,66.17758040957281,0.7612484484592231,0.0,
1449,rush,P2,False,D4bc_process_aware,False,False,False,0,0,0,66.17758040957281,0.7612484484592231,0.0,
1449,rush,P2,False,FULL_D3+D4bc,False,False,False,0,0,0,66.17758040957281,0.7612484484592231,0.0,
1450,rush,P1,False,D0_none,False,False,False,0,0,0,88.64955592153876,0.686405648499751,0.0,
1450,rush,P1,False,D3_safety_auth,False,False,False,0,0,0,88.64955592153876,0.686405648499751,0.0,
1450,rush,P1,False,D4b_master_data,False,False,False,0,0,0,88.64955592153876,0.686405648499751,0.0,
1450,rush,P1,False,D4c_spc,False,False,False,0,0,0,88.64955592153876,0.686405648499751,0.0,
1450,rush,P1,False,D4bc_process_aware,False,False,False,0,0,0,88.64955592153876,0.686405648499751,0.0,
1450,rush,P1,False,FULL_D3+D4bc,False,False,False,0,0,0,88.64955592153876,0.686405648499751,0.0,
1451,rush,P2,False,D0_none,False,False,False,0,0,0,66.17758040957281,0.7612484484592231,0.0,
1451,rush,P2,False,D3_safety_auth,False,False,False,0,0,0,66.17758040957281,0.7612484484592231,0.0,
1451,rush,P2,False,D4b_master_data,False,False,False,0,0,0,66.17758040957281,0.7612484484592231,0.0,
1451,rush,P2,False,D4c_spc,False,False,False,0,0,0,66.17758040957281,0.7612484484592231,0.0,
1451,rush,P2,False,D4bc_process_aware,False,False,False,0,0,0,66.17758040957281,0.7612484484592231,0.0,
1451,rush,P2,False,FULL_D3+D4bc,False,False,False,0,0,0,66.17758040957281,0.7612484484592231,0.0,
1452,rush,P2,False,D0_none,False,False,False,0,0,0,66.17758040957281,0.7612484484592231,0.0,
1452,rush,P2,False,D3_safety_auth,False,False,False,0,0,0,66.17758040957281,0.7612484484592231,0.0,
1452,rush,P2,False,D4b_master_data,False,False,False,0,0,0,66.17758040957281,0.7612484484592231,0.0,
1452,rush,P2,False,D4c_spc,False,False,False,0,0,0,66.17758040957281,0.7612484484592231,0.0,
1452,rush,P2,False,D4bc_process_aware,False,False,False,0,0,0,66.17758040957281,0.7612484484592231,0.0,
1452,rush,P2,False,FULL_D3+D4bc,False,False,False,0,0,0,66.17758040957281,0.7612484484592231,0.0,
1453,rush,P3,False,D0_none,False,False,False,0,0,0,91.07795491975551,0.6728077609312227,0.0,
1453,rush,P3,False,D3_safety_auth,False,False,False,0,0,0,91.07795491975551,0.6728077609312227,0.0,
1453,rush,P3,False,D4b_master_data,False,False,False,0,0,0,91.07795491975551,0.6728077609312227,0.0,
1453,rush,P3,False,D4c_spc,False,False,False,0,0,0,91.07795491975551,0.6728077609312227,0.0,
1453,rush,P3,False,D4bc_process_aware,False,False,False,0,0,0,91.07795491975551,0.6728077609312227,0.0,
1453,rush,P3,False,FULL_D3+D4bc,False,False,False,0,0,0,91.07795491975551,0.6728077609312227,0.0,
1454,rush,P3,False,D0_none,False,False,False,0,0,0,91.07795491975551,0.6728077609312227,0.0,
1454,rush,P3,False,D3_safety_auth,False,False,False,0,0,0,91.07795491975551,0.6728077609312227,0.0,
1454,rush,P3,False,D4b_master_data,False,False,False,0,0,0,91.07795491975551,0.6728077609312227,0.0,
1454,rush,P3,False,D4c_spc,False,True,False,0,0,0,106.07795491975551,0.5776690827619207,17.0,
1454,rush,P3,False,D4bc_process_aware,False,True,False,0,0,0,106.07795491975551,0.5776690827619207,17.0,
1454,rush,P3,False,FULL_D3+D4bc,False,True,False,0,0,0,106.07795491975551,0.5776690827619207,17.0,
1455,rush,P1,False,D0_none,False,False,False,0,0,0,88.64955592153876,0.686405648499751,0.0,
1455,rush,P1,False,D3_safety_auth,False,False,False,0,0,0,88.64955592153876,0.686405648499751,0.0,
1455,rush,P1,False,D4b_master_data,False,False,False,0,0,0,88.64955592153876,0.686405648499751,0.0,
1455,rush,P1,False,D4c_spc,False,False,False,0,0,0,88.64955592153876,0.686405648499751,0.0,
1455,rush,P1,False,D4bc_process_aware,False,False,False,0,0,0,88.64955592153876,0.686405648499751,0.0,
1455,rush,P1,False,FULL_D3+D4bc,False,False,False,0,0,0,88.64955592153876,0.686405648499751,0.0,
1456,rush,P3,False,D0_none,False,False,False,0,0,0,91.07795491975551,0.6728077609312227,0.0,
1456,rush,P3,False,D3_safety_auth,False,False,False,0,0,0,91.07795491975551,0.6728077609312227,0.0,
1456,rush,P3,False,D4b_master_data,False,False,False,0,0,0,91.07795491975551,0.6728077609312227,0.0,
1456,rush,P3,False,D4c_spc,False,False,False,0,0,0,91.07795491975551,0.6728077609312227,0.0,
1456,rush,P3,False,D4bc_process_aware,False,False,False,0,0,0,91.07795491975551,0.6728077609312227,0.0,
1456,rush,P3,False,FULL_D3+D4bc,False,False,False,0,0,0,91.07795491975551,0.6728077609312227,0.0,
1457,rush,P3,False,D0_none,False,False,False,0,0,0,91.07795491975551,0.6728077609312227,0.0,
1457,rush,P3,False,D3_safety_auth,False,False,False,0,0,0,91.07795491975551,0.6728077609312227,0.0,
1457,rush,P3,False,D4b_master_data,False,False,False,0,0,0,91.07795491975551,0.6728077609312227,0.0,
1457,rush,P3,False,D4c_spc,False,False,False,0,0,0,91.07795491975551,0.6728077609312227,0.0,
1457,rush,P3,False,D4bc_process_aware,False,False,False,0,0,0,91.07795491975551,0.6728077609312227,0.0,
1457,rush,P3,False,FULL_D3+D4bc,False,False,False,0,0,0,91.07795491975551,0.6728077609312227,0.0,
1458,rush,P3,False,D0_none,False,False,False,0,0,0,91.07795491975551,0.6728077609312227,0.0,
1458,rush,P3,False,D3_safety_auth,False,False,False,0,0,0,91.07795491975551,0.6728077609312227,0.0,
1458,rush,P3,False,D4b_master_data,False,False,False,0,0,0,91.07795491975551,0.6728077609312227,0.0,
1458,rush,P3,False,D4c_spc,False,False,False,0,0,0,91.07795491975551,0.6728077609312227,0.0,
1458,rush,P3,False,D4bc_process_aware,False,False,False,0,0,0,91.07795491975551,0.6728077609312227,0.0,
1458,rush,P3,False,FULL_D3+D4bc,False,False,False,0,0,0,91.07795491975551,0.6728077609312227,0.0,
1459,rush,P1,False,D0_none,False,False,False,0,0,0,88.64955592153876,0.686405648499751,0.0,
1459,rush,P1,False,D3_safety_auth,False,False,False,0,0,0,88.64955592153876,0.686405648499751,0.0,
1459,rush,P1,False,D4b_master_data,False,False,False,0,0,0,88.64955592153876,0.686405648499751,0.0,
1459,rush,P1,False,D4c_spc,False,False,False,0,0,0,88.64955592153876,0.686405648499751,0.0,
1459,rush,P1,False,D4bc_process_aware,False,False,False,0,0,0,88.64955592153876,0.686405648499751,0.0,
1459,rush,P1,False,FULL_D3+D4bc,False,False,False,0,0,0,88.64955592153876,0.686405648499751,0.0,
1460,rush,P2,False,D0_none,False,False,False,0,0,0,66.17758040957281,0.7612484484592231,0.0,
1460,rush,P2,False,D3_safety_auth,False,False,False,0,0,0,66.17758040957281,0.7612484484592231,0.0,
1460,rush,P2,False,D4b_master_data,False,False,False,0,0,0,66.17758040957281,0.7612484484592231,0.0,
1460,rush,P2,False,D4c_spc,False,False,False,0,0,0,66.17758040957281,0.7612484484592231,0.0,
1460,rush,P2,False,D4bc_process_aware,False,False,False,0,0,0,66.17758040957281,0.7612484484592231,0.0,
1460,rush,P2,False,FULL_D3+D4bc,False,False,False,0,0,0,66.17758040957281,0.7612484484592231,0.0,
1461,rush,P1,False,D0_none,False,False,False,0,0,0,88.64955592153876,0.686405648499751,0.0,
1461,rush,P1,False,D3_safety_auth,False,False,False,0,0,0,88.64955592153876,0.686405648499751,0.0,
1461,rush,P1,False,D4b_master_data,False,False,False,0,0,0,88.64955592153876,0.686405648499751,0.0,
1461,rush,P1,False,D4c_spc,False,False,False,0,0,0,88.64955592153876,0.686405648499751,0.0,
1461,rush,P1,False,D4bc_process_aware,False,False,False,0,0,0,88.64955592153876,0.686405648499751,0.0,
1461,rush,P1,False,FULL_D3+D4bc,False,False,False,0,0,0,88.64955592153876,0.686405648499751,0.0,
1462,rush,P1,False,D0_none,False,False,False,0,0,0,88.64955592153876,0.686405648499751,0.0,
1462,rush,P1,False,D3_safety_auth,False,False,False,0,0,0,88.64955592153876,0.686405648499751,0.0,
1462,rush,P1,False,D4b_master_data,False,False,False,0,0,0,88.64955592153876,0.686405648499751,0.0,
1462,rush,P1,False,D4c_spc,False,False,False,0,0,0,88.64955592153876,0.686405648499751,0.0,
1462,rush,P1,False,D4bc_process_aware,False,False,False,0,0,0,88.64955592153876,0.686405648499751,0.0,
1462,rush,P1,False,FULL_D3+D4bc,False,False,False,0,0,0,88.64955592153876,0.686405648499751,0.0,
1463,rush,P3,False,D0_none,False,False,False,0,0,0,91.07795491975551,0.6728077609312227,0.0,
1463,rush,P3,False,D3_safety_auth,False,False,False,0,0,0,91.07795491975551,0.6728077609312227,0.0,
1463,rush,P3,False,D4b_master_data,False,False,False,0,0,0,91.07795491975551,0.6728077609312227,0.0,
1463,rush,P3,False,D4c_spc,False,False,False,0,0,0,91.07795491975551,0.6728077609312227,0.0,
1463,rush,P3,False,D4bc_process_aware,False,False,False,0,0,0,91.07795491975551,0.6728077609312227,0.0,
1463,rush,P3,False,FULL_D3+D4bc,False,False,False,0,0,0,91.07795491975551,0.6728077609312227,0.0,
1464,rush,P1,False,D0_none,False,False,False,0,0,0,88.64955592153876,0.686405648499751,0.0,
1464,rush,P1,False,D3_safety_auth,False,False,False,0,0,0,88.64955592153876,0.686405648499751,0.0,
1464,rush,P1,False,D4b_master_data,False,False,False,0,0,0,88.64955592153876,0.686405648499751,0.0,
1464,rush,P1,False,D4c_spc,False,False,False,0,0,0,88.64955592153876,0.686405648499751,0.0,
1464,rush,P1,False,D4bc_process_aware,False,False,False,0,0,0,88.64955592153876,0.686405648499751,0.0,
1464,rush,P1,False,FULL_D3+D4bc,False,False,False,0,0,0,88.64955592153876,0.686405648499751,0.0,
1465,rush,P1,True,D0_none,False,False,False,0,0,0,88.64955592153876,0.686405648499751,0.0,
1465,rush,P1,True,D3_safety_auth,False,False,False,0,0,0,88.64955592153876,0.686405648499751,0.0,
1465,rush,P1,True,D4b_master_data,True,False,False,0,0,0,103.64955592153876,0.5870701073490465,15.0,inspection sampling not per master data
1465,rush,P1,True,D4c_spc,False,False,False,0,0,0,88.64955592153876,0.686405648499751,0.0,
1465,rush,P1,True,D4bc_process_aware,True,False,False,0,0,0,103.64955592153876,0.5870701073490465,15.0,inspection sampling not per master data
1465,rush,P1,True,FULL_D3+D4bc,True,False,False,0,0,0,103.64955592153876,0.5870701073490465,15.0,inspection sampling not per master data
1466,rush,P3,False,D0_none,False,False,False,0,0,0,91.07795491975551,0.6728077609312227,0.0,
1466,rush,P3,False,D3_safety_auth,False,False,False,0,0,0,91.07795491975551,0.6728077609312227,0.0,
1466,rush,P3,False,D4b_master_data,False,False,False,0,0,0,91.07795491975551,0.6728077609312227,0.0,
1466,rush,P3,False,D4c_spc,False,False,False,0,0,0,91.07795491975551,0.6728077609312227,0.0,
1466,rush,P3,False,D4bc_process_aware,False,False,False,0,0,0,91.07795491975551,0.6728077609312227,0.0,
1466,rush,P3,False,FULL_D3+D4bc,False,False,False,0,0,0,91.07795491975551,0.6728077609312227,0.0,
1467,rush,P2,False,D0_none,False,False,False,0,0,0,66.17758040957281,0.7612484484592231,0.0,
1467,rush,P2,False,D3_safety_auth,False,False,False,0,0,0,66.17758040957281,0.7612484484592231,0.0,
1467,rush,P2,False,D4b_master_data,False,False,False,0,0,0,66.17758040957281,0.7612484484592231,0.0,
1467,rush,P2,False,D4c_spc,False,False,False,0,0,0,66.17758040957281,0.7612484484592231,0.0,
1467,rush,P2,False,D4bc_process_aware,False,False,False,0,0,0,66.17758040957281,0.7612484484592231,0.0,
1467,rush,P2,False,FULL_D3+D4bc,False,False,False,0,0,0,66.17758040957281,0.7612484484592231,0.0,
1468,rush,P2,False,D0_none,False,False,False,0,0,0,66.17758040957281,0.7612484484592231,0.0,
1468,rush,P2,False,D3_safety_auth,False,False,False,0,0,0,66.17758040957281,0.7612484484592231,0.0,
1468,rush,P2,False,D4b_master_data,False,False,False,0,0,0,66.17758040957281,0.7612484484592231,0.0,
1468,rush,P2,False,D4c_spc,False,False,False,0,0,0,66.17758040957281,0.7612484484592231,0.0,
1468,rush,P2,False,D4bc_process_aware,False,False,False,0,0,0,66.17758040957281,0.7612484484592231,0.0,
1468,rush,P2,False,FULL_D3+D4bc,False,False,False,0,0,0,66.17758040957281,0.7612484484592231,0.0,
1469,rush,P2,False,D0_none,False,False,False,0,0,0,66.17758040957281,0.7612484484592231,0.0,
1469,rush,P2,False,D3_safety_auth,False,False,False,0,0,0,66.17758040957281,0.7612484484592231,0.0,
1469,rush,P2,False,D4b_master_data,False,False,False,0,0,0,66.17758040957281,0.7612484484592231,0.0,
1469,rush,P2,False,D4c_spc,False,False,False,0,0,0,66.17758040957281,0.7612484484592231,0.0,
1469,rush,P2,False,D4bc_process_aware,False,False,False,0,0,0,66.17758040957281,0.7612484484592231,0.0,
1469,rush,P2,False,FULL_D3+D4bc,False,False,False,0,0,0,66.17758040957281,0.7612484484592231,0.0,
1470,rush,P2,False,D0_none,False,False,False,0,0,0,66.17758040957281,0.7612484484592231,0.0,
1470,rush,P2,False,D3_safety_auth,False,False,False,0,0,0,66.17758040957281,0.7612484484592231,0.0,
1470,rush,P2,False,D4b_master_data,False,False,False,0,0,0,66.17758040957281,0.7612484484592231,0.0,
1470,rush,P2,False,D4c_spc,False,False,False,0,0,0,66.17758040957281,0.7612484484592231,0.0,
1470,rush,P2,False,D4bc_process_aware,False,False,False,0,0,0,66.17758040957281,0.7612484484592231,0.0,
1470,rush,P2,False,FULL_D3+D4bc,False,False,False,0,0,0,66.17758040957281,0.7612484484592231,0.0,
1471,rush,P2,False,D0_none,False,False,False,0,0,0,66.17758040957281,0.7612484484592231,0.0,
1471,rush,P2,False,D3_safety_auth,False,False,False,0,0,0,66.17758040957281,0.7612484484592231,0.0,
1471,rush,P2,False,D4b_master_data,False,False,False,0,0,0,66.17758040957281,0.7612484484592231,0.0,
1471,rush,P2,False,D4c_spc,False,False,False,0,0,0,66.17758040957281,0.7612484484592231,0.0,
1471,rush,P2,False,D4bc_process_aware,False,False,False,0,0,0,66.17758040957281,0.7612484484592231,0.0,
1471,rush,P2,False,FULL_D3+D4bc,False,False,False,0,0,0,66.17758040957281,0.7612484484592231,0.0,
1472,rush,P2,False,D0_none,False,False,False,0,0,0,66.17758040957281,0.7612484484592231,0.0,
1472,rush,P2,False,D3_safety_auth,False,False,False,0,0,0,66.17758040957281,0.7612484484592231,0.0,
1472,rush,P2,False,D4b_master_data,False,False,False,0,0,0,66.17758040957281,0.7612484484592231,0.0,
1472,rush,P2,False,D4c_spc,False,False,False,0,0,0,66.17758040957281,0.7612484484592231,0.0,
1472,rush,P2,False,D4bc_process_aware,False,False,False,0,0,0,66.17758040957281,0.7612484484592231,0.0,
1472,rush,P2,False,FULL_D3+D4bc,False,False,False,0,0,0,66.17758040957281,0.7612484484592231,0.0,
1473,rush,P3,False,D0_none,False,False,False,0,0,0,91.07795491975551,0.6728077609312227,0.0,
1473,rush,P3,False,D3_safety_auth,False,False,False,0,0,0,91.07795491975551,0.6728077609312227,0.0,
1473,rush,P3,False,D4b_master_data,False,False,False,0,0,0,91.07795491975551,0.6728077609312227,0.0,
1473,rush,P3,False,D4c_spc,False,False,False,0,0,0,91.07795491975551,0.6728077609312227,0.0,
1473,rush,P3,False,D4bc_process_aware,False,False,False,0,0,0,91.07795491975551,0.6728077609312227,0.0,
1473,rush,P3,False,FULL_D3+D4bc,False,False,False,0,0,0,91.07795491975551,0.6728077609312227,0.0,
1474,rush,P3,False,D0_none,False,False,False,0,0,1,91.07795491975551,0.6503808355668487,0.0,
1474,rush,P3,False,D3_safety_auth,False,False,False,0,0,1,91.07795491975551,0.6503808355668487,0.0,
1474,rush,P3,False,D4b_master_data,False,False,False,0,0,1,91.07795491975551,0.6503808355668487,0.0,
1474,rush,P3,False,D4c_spc,False,False,False,0,0,1,91.07795491975551,0.6503808355668487,0.0,
1474,rush,P3,False,D4bc_process_aware,False,False,False,0,0,1,91.07795491975551,0.6503808355668487,0.0,
1474,rush,P3,False,FULL_D3+D4bc,False,False,False,0,0,1,91.07795491975551,0.6503808355668487,0.0,
1475,rush,P3,False,D0_none,False,False,False,0,0,0,91.07795491975551,0.6728077609312227,0.0,
1475,rush,P3,False,D3_safety_auth,False,False,False,0,0,0,91.07795491975551,0.6728077609312227,0.0,
1475,rush,P3,False,D4b_master_data,False,False,False,0,0,0,91.07795491975551,0.6728077609312227,0.0,
1475,rush,P3,False,D4c_spc,False,False,False,0,0,0,91.07795491975551,0.6728077609312227,0.0,
1475,rush,P3,False,D4bc_process_aware,False,False,False,0,0,0,91.07795491975551,0.6728077609312227,0.0,
1475,rush,P3,False,FULL_D3+D4bc,False,False,False,0,0,0,91.07795491975551,0.6728077609312227,0.0,
1476,rush,P3,False,D0_none,False,False,False,0,0,0,91.07795491975551,0.6728077609312227,0.0,
1476,rush,P3,False,D3_safety_auth,False,False,False,0,0,0,91.07795491975551,0.6728077609312227,0.0,
1476,rush,P3,False,D4b_master_data,False,False,False,0,0,0,91.07795491975551,0.6728077609312227,0.0,
1476,rush,P3,False,D4c_spc,False,False,False,0,0,0,91.07795491975551,0.6728077609312227,0.0,
1476,rush,P3,False,D4bc_process_aware,False,False,False,0,0,0,91.07795491975551,0.6728077609312227,0.0,
1476,rush,P3,False,FULL_D3+D4bc,False,False,False,0,0,0,91.07795491975551,0.6728077609312227,0.0,
1477,rush,P2,False,D0_none,False,False,False,0,0,0,66.17758040957281,0.7612484484592231,0.0,
1477,rush,P2,False,D3_safety_auth,False,False,False,0,0,0,66.17758040957281,0.7612484484592231,0.0,
1477,rush,P2,False,D4b_master_data,False,False,False,0,0,0,66.17758040957281,0.7612484484592231,0.0,
1477,rush,P2,False,D4c_spc,False,False,False,0,0,0,66.17758040957281,0.7612484484592231,0.0,
1477,rush,P2,False,D4bc_process_aware,False,False,False,0,0,0,66.17758040957281,0.7612484484592231,0.0,
1477,rush,P2,False,FULL_D3+D4bc,False,False,False,0,0,0,66.17758040957281,0.7612484484592231,0.0,
1478,rush,P2,False,D0_none,False,False,False,0,0,0,66.17758040957281,0.7612484484592231,0.0,
1478,rush,P2,False,D3_safety_auth,False,False,False,0,0,0,66.17758040957281,0.7612484484592231,0.0,
1478,rush,P2,False,D4b_master_data,False,False,False,0,0,0,66.17758040957281,0.7612484484592231,0.0,
1478,rush,P2,False,D4c_spc,False,False,False,0,0,0,66.17758040957281,0.7612484484592231,0.0,
1478,rush,P2,False,D4bc_process_aware,False,False,False,0,0,0,66.17758040957281,0.7612484484592231,0.0,
1478,rush,P2,False,FULL_D3+D4bc,False,False,False,0,0,0,66.17758040957281,0.7612484484592231,0.0,
1479,rush,P2,False,D0_none,False,False,False,0,0,0,66.17758040957281,0.7612484484592231,0.0,
1479,rush,P2,False,D3_safety_auth,False,False,False,0,0,0,66.17758040957281,0.7612484484592231,0.0,
1479,rush,P2,False,D4b_master_data,False,False,False,0,0,0,66.17758040957281,0.7612484484592231,0.0,
1479,rush,P2,False,D4c_spc,False,False,False,0,0,0,66.17758040957281,0.7612484484592231,0.0,
1479,rush,P2,False,D4bc_process_aware,False,False,False,0,0,0,66.17758040957281,0.7612484484592231,0.0,
1479,rush,P2,False,FULL_D3+D4bc,False,False,False,0,0,0,66.17758040957281,0.7612484484592231,0.0,
1480,rush,P1,False,D0_none,False,False,False,0,0,0,88.64955592153876,0.686405648499751,0.0,
1480,rush,P1,False,D3_safety_auth,False,False,False,0,0,0,88.64955592153876,0.686405648499751,0.0,
1480,rush,P1,False,D4b_master_data,False,False,False,0,0,0,88.64955592153876,0.686405648499751,0.0,
1480,rush,P1,False,D4c_spc,False,False,False,0,0,0,88.64955592153876,0.686405648499751,0.0,
1480,rush,P1,False,D4bc_process_aware,False,False,False,0,0,0,88.64955592153876,0.686405648499751,0.0,
1480,rush,P1,False,FULL_D3+D4bc,False,False,False,0,0,0,88.64955592153876,0.686405648499751,0.0,
1481,rush,P1,False,D0_none,False,False,False,0,0,0,88.64955592153876,0.686405648499751,0.0,
1481,rush,P1,False,D3_safety_auth,False,False,False,0,0,0,88.64955592153876,0.686405648499751,0.0,
1481,rush,P1,False,D4b_master_data,False,False,False,0,0,0,88.64955592153876,0.686405648499751,0.0,
1481,rush,P1,False,D4c_spc,False,False,False,0,0,0,88.64955592153876,0.686405648499751,0.0,
1481,rush,P1,False,D4bc_process_aware,False,False,False,0,0,0,88.64955592153876,0.686405648499751,0.0,
1481,rush,P1,False,FULL_D3+D4bc,False,False,False,0,0,0,88.64955592153876,0.686405648499751,0.0,
1482,rush,P2,False,D0_none,False,False,False,0,0,0,66.17758040957281,0.7612484484592231,0.0,
1482,rush,P2,False,D3_safety_auth,False,False,False,0,0,0,66.17758040957281,0.7612484484592231,0.0,
1482,rush,P2,False,D4b_master_data,False,False,False,0,0,0,66.17758040957281,0.7612484484592231,0.0,
1482,rush,P2,False,D4c_spc,False,False,False,0,0,0,66.17758040957281,0.7612484484592231,0.0,
1482,rush,P2,False,D4bc_process_aware,False,False,False,0,0,0,66.17758040957281,0.7612484484592231,0.0,
1482,rush,P2,False,FULL_D3+D4bc,False,False,False,0,0,0,66.17758040957281,0.7612484484592231,0.0,
1483,rush,P1,False,D0_none,False,False,False,0,0,0,88.64955592153876,0.686405648499751,0.0,
1483,rush,P1,False,D3_safety_auth,False,False,False,0,0,0,88.64955592153876,0.686405648499751,0.0,
1483,rush,P1,False,D4b_master_data,False,False,False,0,0,0,88.64955592153876,0.686405648499751,0.0,
1483,rush,P1,False,D4c_spc,False,False,False,0,0,0,88.64955592153876,0.686405648499751,0.0,
1483,rush,P1,False,D4bc_process_aware,False,False,False,0,0,0,88.64955592153876,0.686405648499751,0.0,
1483,rush,P1,False,FULL_D3+D4bc,False,False,False,0,0,0,88.64955592153876,0.686405648499751,0.0,
1484,rush,P1,False,D0_none,False,False,False,0,0,0,88.64955592153876,0.686405648499751,0.0,
1484,rush,P1,False,D3_safety_auth,False,False,False,0,0,0,88.64955592153876,0.686405648499751,0.0,
1484,rush,P1,False,D4b_master_data,False,False,False,0,0,0,88.64955592153876,0.686405648499751,0.0,
1484,rush,P1,False,D4c_spc,False,True,False,0,0,0,105.64955592153876,0.575956570671523,17.0,
1484,rush,P1,False,D4bc_process_aware,False,True,False,0,0,0,105.64955592153876,0.575956570671523,17.0,
1484,rush,P1,False,FULL_D3+D4bc,False,True,False,0,0,0,105.64955592153876,0.575956570671523,17.0,
1485,rush,P3,False,D0_none,False,False,False,0,0,1,91.07795491975551,0.6503808355668487,0.0,
1485,rush,P3,False,D3_safety_auth,False,False,False,0,0,1,91.07795491975551,0.6503808355668487,0.0,
1485,rush,P3,False,D4b_master_data,False,False,False,0,0,1,91.07795491975551,0.6503808355668487,0.0,
1485,rush,P3,False,D4c_spc,False,False,False,0,0,1,91.07795491975551,0.6503808355668487,0.0,
1485,rush,P3,False,D4bc_process_aware,False,False,False,0,0,1,91.07795491975551,0.6503808355668487,0.0,
1485,rush,P3,False,FULL_D3+D4bc,False,False,False,0,0,1,91.07795491975551,0.6503808355668487,0.0,
1486,rush,P2,False,D0_none,False,False,False,0,0,0,66.17758040957281,0.7612484484592231,0.0,
1486,rush,P2,False,D3_safety_auth,False,False,False,0,0,0,66.17758040957281,0.7612484484592231,0.0,
1486,rush,P2,False,D4b_master_data,False,False,False,0,0,0,66.17758040957281,0.7612484484592231,0.0,
1486,rush,P2,False,D4c_spc,False,False,False,0,0,0,66.17758040957281,0.7612484484592231,0.0,
1486,rush,P2,False,D4bc_process_aware,False,False,False,0,0,0,66.17758040957281,0.7612484484592231,0.0,
1486,rush,P2,False,FULL_D3+D4bc,False,False,False,0,0,0,66.17758040957281,0.7612484484592231,0.0,
1487,rush,P1,False,D0_none,False,False,False,0,0,0,88.64955592153876,0.686405648499751,0.0,
1487,rush,P1,False,D3_safety_auth,False,False,False,0,0,0,88.64955592153876,0.686405648499751,0.0,
1487,rush,P1,False,D4b_master_data,False,False,False,0,0,0,88.64955592153876,0.686405648499751,0.0,
1487,rush,P1,False,D4c_spc,False,False,False,0,0,0,88.64955592153876,0.686405648499751,0.0,
1487,rush,P1,False,D4bc_process_aware,False,False,False,0,0,0,88.64955592153876,0.686405648499751,0.0,
1487,rush,P1,False,FULL_D3+D4bc,False,False,False,0,0,0,88.64955592153876,0.686405648499751,0.0,
1488,rush,P1,False,D0_none,False,False,False,0,0,0,88.64955592153876,0.686405648499751,0.0,
1488,rush,P1,False,D3_safety_auth,False,False,False,0,0,0,88.64955592153876,0.686405648499751,0.0,
1488,rush,P1,False,D4b_master_data,False,False,False,0,0,0,88.64955592153876,0.686405648499751,0.0,
1488,rush,P1,False,D4c_spc,False,False,False,0,0,0,88.64955592153876,0.686405648499751,0.0,
1488,rush,P1,False,D4bc_process_aware,False,False,False,0,0,0,88.64955592153876,0.686405648499751,0.0,
1488,rush,P1,False,FULL_D3+D4bc,False,False,False,0,0,0,88.64955592153876,0.686405648499751,0.0,
1489,rush,P3,False,D0_none,False,False,False,0,0,0,91.07795491975551,0.6728077609312227,0.0,
1489,rush,P3,False,D3_safety_auth,False,False,False,0,0,0,91.07795491975551,0.6728077609312227,0.0,
1489,rush,P3,False,D4b_master_data,False,False,False,0,0,0,91.07795491975551,0.6728077609312227,0.0,
1489,rush,P3,False,D4c_spc,False,False,False,0,0,0,91.07795491975551,0.6728077609312227,0.0,
1489,rush,P3,False,D4bc_process_aware,False,False,False,0,0,0,91.07795491975551,0.6728077609312227,0.0,
1489,rush,P3,False,FULL_D3+D4bc,False,False,False,0,0,0,91.07795491975551,0.6728077609312227,0.0,
1490,rush,P1,False,D0_none,False,False,False,0,0,0,88.64955592153876,0.686405648499751,0.0,
1490,rush,P1,False,D3_safety_auth,False,False,False,0,0,0,88.64955592153876,0.686405648499751,0.0,
1490,rush,P1,False,D4b_master_data,False,False,False,0,0,0,88.64955592153876,0.686405648499751,0.0,
1490,rush,P1,False,D4c_spc,False,False,False,0,0,0,88.64955592153876,0.686405648499751,0.0,
1490,rush,P1,False,D4bc_process_aware,False,False,False,0,0,0,88.64955592153876,0.686405648499751,0.0,
1490,rush,P1,False,FULL_D3+D4bc,False,False,False,0,0,0,88.64955592153876,0.686405648499751,0.0,
1491,rush,P2,True,D0_none,False,False,False,0,0,0,66.17758040957281,0.7612484484592231,0.0,
1491,rush,P2,True,D3_safety_auth,False,False,False,0,0,0,66.17758040957281,0.7612484484592231,0.0,
1491,rush,P2,True,D4b_master_data,True,False,False,0,0,0,81.17758040957281,0.6205848973989873,15.0,inspection sampling not per master data
1491,rush,P2,True,D4c_spc,False,False,False,0,0,0,66.17758040957281,0.7612484484592231,0.0,
1491,rush,P2,True,D4bc_process_aware,True,False,False,0,0,0,81.17758040957281,0.6205848973989873,15.0,inspection sampling not per master data
1491,rush,P2,True,FULL_D3+D4bc,True,False,False,0,0,0,81.17758040957281,0.6205848973989873,15.0,inspection sampling not per master data
1492,rush,P3,False,D0_none,False,False,False,1,0,0,91.07795491975551,0.6503808355668487,0.0,
1492,rush,P3,False,D3_safety_auth,False,False,False,1,0,0,91.07795491975551,0.6503808355668487,0.0,
1492,rush,P3,False,D4b_master_data,False,False,False,1,0,0,91.07795491975551,0.6503808355668487,0.0,
1492,rush,P3,False,D4c_spc,False,True,True,1,0,0,108.07795491975551,0.5480799157090894,17.0,
1492,rush,P3,False,D4bc_process_aware,False,True,True,1,0,0,108.07795491975551,0.5480799157090894,17.0,
1492,rush,P3,False,FULL_D3+D4bc,False,True,True,1,0,0,108.07795491975551,0.5480799157090894,17.0,
1493,rush,P2,False,D0_none,False,False,False,0,0,0,66.17758040957281,0.7612484484592231,0.0,
1493,rush,P2,False,D3_safety_auth,False,False,False,0,0,0,66.17758040957281,0.7612484484592231,0.0,
1493,rush,P2,False,D4b_master_data,False,False,False,0,0,0,66.17758040957281,0.7612484484592231,0.0,
1493,rush,P2,False,D4c_spc,False,False,False,0,0,0,66.17758040957281,0.7612484484592231,0.0,
1493,rush,P2,False,D4bc_process_aware,False,False,False,0,0,0,66.17758040957281,0.7612484484592231,0.0,
1493,rush,P2,False,FULL_D3+D4bc,False,False,False,0,0,0,66.17758040957281,0.7612484484592231,0.0,
1494,rush,P1,False,D0_none,False,False,False,0,0,0,88.64955592153876,0.686405648499751,0.0,
1494,rush,P1,False,D3_safety_auth,False,False,False,0,0,0,88.64955592153876,0.686405648499751,0.0,
1494,rush,P1,False,D4b_master_data,False,False,False,0,0,0,88.64955592153876,0.686405648499751,0.0,
1494,rush,P1,False,D4c_spc,False,False,False,0,0,0,88.64955592153876,0.686405648499751,0.0,
1494,rush,P1,False,D4bc_process_aware,False,False,False,0,0,0,88.64955592153876,0.686405648499751,0.0,
1494,rush,P1,False,FULL_D3+D4bc,False,False,False,0,0,0,88.64955592153876,0.686405648499751,0.0,
1495,rush,P1,False,D0_none,False,False,False,0,0,0,88.64955592153876,0.686405648499751,0.0,
1495,rush,P1,False,D3_safety_auth,False,False,False,0,0,0,88.64955592153876,0.686405648499751,0.0,
1495,rush,P1,False,D4b_master_data,False,False,False,0,0,0,88.64955592153876,0.686405648499751,0.0,
1495,rush,P1,False,D4c_spc,False,False,False,0,0,0,88.64955592153876,0.686405648499751,0.0,
1495,rush,P1,False,D4bc_process_aware,False,False,False,0,0,0,88.64955592153876,0.686405648499751,0.0,
1495,rush,P1,False,FULL_D3+D4bc,False,False,False,0,0,0,88.64955592153876,0.686405648499751,0.0,
1496,rush,P1,False,D0_none,False,False,False,0,0,0,88.64955592153876,0.686405648499751,0.0,
1496,rush,P1,False,D3_safety_auth,False,False,False,0,0,0,88.64955592153876,0.686405648499751,0.0,
1496,rush,P1,False,D4b_master_data,False,False,False,0,0,0,88.64955592153876,0.686405648499751,0.0,
1496,rush,P1,False,D4c_spc,False,False,False,0,0,0,88.64955592153876,0.686405648499751,0.0,
1496,rush,P1,False,D4bc_process_aware,False,False,False,0,0,0,88.64955592153876,0.686405648499751,0.0,
1496,rush,P1,False,FULL_D3+D4bc,False,False,False,0,0,0,88.64955592153876,0.686405648499751,0.0,
1497,rush,P1,False,D0_none,False,False,False,0,0,0,88.64955592153876,0.686405648499751,0.0,
1497,rush,P1,False,D3_safety_auth,False,False,False,0,0,0,88.64955592153876,0.686405648499751,0.0,
1497,rush,P1,False,D4b_master_data,False,False,False,0,0,0,88.64955592153876,0.686405648499751,0.0,
1497,rush,P1,False,D4c_spc,False,False,False,0,0,0,88.64955592153876,0.686405648499751,0.0,
1497,rush,P1,False,D4bc_process_aware,False,False,False,0,0,0,88.64955592153876,0.686405648499751,0.0,
1497,rush,P1,False,FULL_D3+D4bc,False,False,False,0,0,0,88.64955592153876,0.686405648499751,0.0,
1498,rush,P1,False,D0_none,False,False,False,0,0,0,88.64955592153876,0.686405648499751,0.0,
1498,rush,P1,False,D3_safety_auth,False,False,False,0,0,0,88.64955592153876,0.686405648499751,0.0,
1498,rush,P1,False,D4b_master_data,False,False,False,0,0,0,88.64955592153876,0.686405648499751,0.0,
1498,rush,P1,False,D4c_spc,False,False,False,0,0,0,88.64955592153876,0.686405648499751,0.0,
1498,rush,P1,False,D4bc_process_aware,False,False,False,0,0,0,88.64955592153876,0.686405648499751,0.0,
1498,rush,P1,False,FULL_D3+D4bc,False,False,False,0,0,0,88.64955592153876,0.686405648499751,0.0,
1499,rush,P2,False,D0_none,False,False,False,0,0,1,66.17758040957281,0.735873500177249,0.0,
1499,rush,P2,False,D3_safety_auth,False,False,False,0,0,1,66.17758040957281,0.735873500177249,0.0,
1499,rush,P2,False,D4b_master_data,False,False,False,0,0,1,66.17758040957281,0.735873500177249,0.0,
1499,rush,P2,False,D4c_spc,False,False,False,0,0,1,66.17758040957281,0.735873500177249,0.0,
1499,rush,P2,False,D4bc_process_aware,False,False,False,0,0,1,66.17758040957281,0.735873500177249,0.0,
1499,rush,P2,False,FULL_D3+D4bc,False,False,False,0,0,1,66.17758040957281,0.735873500177249,0.0,
1500,rush,P1,False,D0_none,False,False,False,0,0,0,88.64955592153876,0.686405648499751,0.0,
1500,rush,P1,False,D3_safety_auth,False,False,False,0,0,0,88.64955592153876,0.686405648499751,0.0,
1500,rush,P1,False,D4b_master_data,False,False,False,0,0,0,88.64955592153876,0.686405648499751,0.0,
1500,rush,P1,False,D4c_spc,False,False,False,0,0,0,88.64955592153876,0.686405648499751,0.0,
1500,rush,P1,False,D4bc_process_aware,False,False,False,0,0,0,88.64955592153876,0.686405648499751,0.0,
1500,rush,P1,False,FULL_D3+D4bc,False,False,False,0,0,0,88.64955592153876,0.686405648499751,0.0,
